=== STDOUT ===
Using launch settings from src\NatureProtector.Simulator.Host\Properties\launchSettings.json...
Building...
C:\Users\Miguel\UNI\6sem\PS\IMP\A\NatureProtector\src\NatureProtector.Shared\NatureProtector.Shared.csproj : warning NU1902: Package 'OpenTelemetry.Exporter.OpenTelemetryProtocol' 1.10.0 has a known moderate severity vulnerability, https://github.com/advisories/GHSA-4625-4j76-fww9 [C:\Users\Miguel\UNI\6sem\PS\IMP\A\NatureProtector\src\NatureProtector.Simulator.Host\NatureProtector.Simulator.Host.csproj]
C:\Users\Miguel\UNI\6sem\PS\IMP\A\NatureProtector\src\NatureProtector.Shared\NatureProtector.Shared.csproj : warning NU1902: Package 'OpenTelemetry.Exporter.OpenTelemetryProtocol' 1.10.0 has a known moderate severity vulnerability, https://github.com/advisories/GHSA-4625-4j76-fww9
info: NatureProtector.Simulator.Host.Services.SimulationRunner[0]
      Simulation runner starting at 05/15/2026 19:33:34 +00:00.
info: Microsoft.Hosting.Lifetime[0]
      Application started. Press Ctrl+C to shut down.
info: Microsoft.Hosting.Lifetime[0]
      Hosting environment: Development
info: Microsoft.Hosting.Lifetime[0]
      Content root path: C:\Users\Miguel\UNI\6sem\PS\IMP\A\NatureProtector\src\NatureProtector.Simulator.Host
info: Microsoft.EntityFrameworkCore.Database.Command[20101]
      Executed DbCommand (32ms) [Parameters=[@___options_AreaId_0='?' (DbType = Guid)], CommandType='Text', CommandTimeout='30']
      SELECT a."Id", a."Code", a."ConfigurationVersionId", a."CountryCode", a."GeometryGeoJson", a."MetadataJson", a."Name"
      FROM control.areas AS a
      WHERE a."Id" = @___options_AreaId_0
      LIMIT 2
info: Microsoft.EntityFrameworkCore.Database.Command[20101]
      Executed DbCommand (7ms) [Parameters=[@___options_ControlPlaneAreaCode_0='?'], CommandType='Text', CommandTimeout='30']
      SELECT a."Id", a."Code", a."ConfigurationVersionId", a."CountryCode", a."GeometryGeoJson", a."MetadataJson", a."Name"
      FROM control.areas AS a
      WHERE a."Code" = @___options_ControlPlaneAreaCode_0
      LIMIT 2
info: Microsoft.EntityFrameworkCore.Database.Command[20101]
      Executed DbCommand (1ms) [Parameters=[@__areaId_0='?' (DbType = Guid), @___options_ScenarioId_1='?' (DbType = Guid)], CommandType='Text', CommandTimeout='30']
      SELECT s."Id", s."AreaId", s."BaseScenarioId", s."Code", s."ConfigurationVersionId", s."Description", s."Name", s."ParametersJson", s."ScenarioKind"
      FROM control.scenario_definitions AS s
      WHERE s."AreaId" = @__areaId_0 AND s."Id" = @___options_ScenarioId_1
      LIMIT 2
info: Microsoft.EntityFrameworkCore.Database.Command[20101]
      Executed DbCommand (1ms) [Parameters=[@__areaId_0='?' (DbType = Guid), @___options_ControlPlaneScenarioCode_1='?'], CommandType='Text', CommandTimeout='30']
      SELECT s."Id", s."AreaId", s."BaseScenarioId", s."Code", s."ConfigurationVersionId", s."Description", s."Name", s."ParametersJson", s."ScenarioKind"
      FROM control.scenario_definitions AS s
      WHERE s."AreaId" = @__areaId_0 AND s."Code" = @___options_ControlPlaneScenarioCode_1
      LIMIT 2
info: Microsoft.EntityFrameworkCore.Database.Command[20101]
      Executed DbCommand (2ms) [Parameters=[@__area_Id_0='?' (DbType = Guid)], CommandType='Text', CommandTimeout='30']
      SELECT s."Id", s."AltitudeMeters", s."AreaId", s."ConfigurationVersionId", s."GridCellId", s."InstallationProfile", s."IsActive", s."Latitude", s."Longitude", s."Name", s."NetworkId", s."ProfileId", s."Type", s0."Id", s0."AccuracyProfileJson", s0."ConfigurationVersionId", s0."FaultProfileJson", s0."Name", s0."NoiseProfileJson", s0."PublicationPolicyJson", s0."SensorFamily"
      FROM control.sensor_nodes AS s
      INNER JOIN control.sensor_profiles AS s0 ON s."ProfileId" = s0."Id"
      WHERE s."AreaId" = @__area_Id_0 AND s."IsActive"
      ORDER BY s."Name"
Activity.TraceId:            01cd313a3a4cb0f3282efb5db3aa5ad3
Activity.SpanId:             2ce02d4fe2165b94
Activity.TraceFlags:         Recorded
Activity.ParentSpanId:       8d2aacb1ec959afb
Activity.DisplayName:        natureprotector.simulator.context.create_from_postgres
Activity.Kind:               Internal
Activity.StartTime:          2026-05-15T19:33:34.1491787Z
Activity.Duration:           00:00:01.2423316
Activity.Tags:
    np.area_id: b3f4fb84-bf17-5522-a5f3-70fd1212f381
    np.scenario_id: 6034251c-b502-5f7b-a557-7187178cfb04
    np.scenario_code: scenario_b
    np.configuration_version: c03be3d5-1f70-15cb-2fc0-3c86a204a644
    np.outcome: completed
Instrumentation scope (ActivitySource):
    Name: NatureProtector.Simulator.Host
Resource associated with Activity:
    service.name: NatureProtector.Simulator.Host
    service.instance.id: bb16b3c1-3cfb-4565-80d7-da89879d6c3b
    telemetry.sdk.name: opentelemetry
    telemetry.sdk.language: dotnet
    telemetry.sdk.version: 1.10.0

info: NatureProtector.Simulator.Host.Services.SimulationRunner[0]
      Simulation context created | AreaId=b3f4fb84-bf17-5522-a5f3-70fd1212f381 | ScenarioId=6034251c-b502-5f7b-a557-7187178cfb04 | ScenarioName=Scenario B - High Risk Proenca-a-Nova | Seed=12345 | Cycles=5 | Interval=5s
info: Microsoft.EntityFrameworkCore.Database.Command[20101]
      Executed DbCommand (2ms) [Parameters=[@__run_Id_0='?' (DbType = Guid)], CommandType='Text', CommandTimeout='30']
      SELECT s."Id", s."AreaId", s."ConfigurationVersionId", s."CreatedAt", s."EndedAt", s."ExecutionSeed", s."IntervalSeconds", s."LogicalStartTimestamp", s."MetadataJson", s."NumberOfCycles", s."ScenarioCode", s."ScenarioId", s."ScenarioName", s."StartedAt", s."Status"
      FROM control.simulation_runs AS s
      WHERE s."Id" = @__run_Id_0
      LIMIT 2
info: Microsoft.EntityFrameworkCore.Database.Command[20101]
      Executed DbCommand (6ms) [Parameters=[@p0='?' (DbType = Guid), @p1='?' (DbType = Guid), @p2='?' (DbType = Guid), @p3='?' (DbType = DateTime), @p4='?' (DbType = DateTime), @p5='?' (DbType = Int32), @p6='?' (DbType = Int32), @p7='?' (DbType = DateTime), @p8='?', @p9='?' (DbType = Int32), @p10='?', @p11='?' (DbType = Guid), @p12='?', @p13='?' (DbType = DateTime), @p14='?' (DbType = Int32)], CommandType='Text', CommandTimeout='30']
      INSERT INTO control.simulation_runs ("Id", "AreaId", "ConfigurationVersionId", "CreatedAt", "EndedAt", "ExecutionSeed", "IntervalSeconds", "LogicalStartTimestamp", "MetadataJson", "NumberOfCycles", "ScenarioCode", "ScenarioId", "ScenarioName", "StartedAt", "Status")
      VALUES (@p0, @p1, @p2, @p3, @p4, @p5, @p6, @p7, @p8, @p9, @p10, @p11, @p12, @p13, @p14);
info: Microsoft.EntityFrameworkCore.Database.Command[20101]
      Executed DbCommand (1ms) [Parameters=[@__run_Id_0='?' (DbType = Guid)], CommandType='Text', CommandTimeout='30']
      SELECT s."Id", s."AreaId", s."ConfigurationVersionId", s."CreatedAt", s."EndedAt", s."ExecutionSeed", s."IntervalSeconds", s."LogicalStartTimestamp", s."MetadataJson", s."NumberOfCycles", s."ScenarioCode", s."ScenarioId", s."ScenarioName", s."StartedAt", s."Status"
      FROM control.simulation_runs AS s
      WHERE s."Id" = @__run_Id_0
      LIMIT 2
info: Microsoft.EntityFrameworkCore.Database.Command[20101]
      Executed DbCommand (4ms) [Parameters=[@p2='?' (DbType = Guid), @p0='?' (DbType = DateTime), @p1='?' (DbType = Int32)], CommandType='Text', CommandTimeout='30']
      UPDATE control.simulation_runs SET "StartedAt" = @p0, "Status" = @p1
      WHERE "Id" = @p2;
info: NatureProtector.Simulator.Host.Services.SimulationRunner[0]
      Simulation run started | SimulationRunId=2f8bf6cc-4ffe-4f64-ada7-fe8e3380ae67 | StartedAt=05/15/2026 19:33:35 +00:00 | LogicalStartTimestamp=09/13/2020 12:00:00 +02:00
info: NatureProtector.Simulator.Host.Services.SimulationRunner[0]
      Starting simulation cycle 1/5 at logical time 09/13/2020 12:00:00 +02:00.
info: NatureProtector.Simulator.Host.Publishing.RabbitMqReadingPublisher[0]
      RabbitMQ publisher connected | Host=localhost | Port=5672 | Exchange=np.events
info: NatureProtector.Simulator.Host.Publishing.RabbitMqReadingPublisher[0]
      Published SensorReadingProduced to RabbitMQ | EventId=4e1cb57b-0b35-4d7f-a7c8-8fd3676751d5 | CorrelationId=2f8bf6cc4ffe4f64ada7fe8e3380ae67-0000-22702eee75aa3cf431abb689bfb9a8bc | SensorId=22702eee-75aa-3cf4-31ab-b689bfb9a8bc | SensorName=pilot-humidity-0001 | Value=24.183303066870806
Activity.TraceId:            01cd313a3a4cb0f3282efb5db3aa5ad3
Activity.SpanId:             161274425a26f9b2
Activity.TraceFlags:         Recorded
Activity.ParentSpanId:       e145559c3ae3c2a9
Activity.DisplayName:        natureprotector.simulator.publish
Activity.Kind:               Internal
Activity.StartTime:          2026-05-15T19:33:35.6071084Z
Activity.Duration:           00:00:00.1087714
Activity.Tags:
    np.event_id: 4e1cb57b-0b35-4d7f-a7c8-8fd3676751d5
    np.correlation_id: 2f8bf6cc4ffe4f64ada7fe8e3380ae67-0000-22702eee75aa3cf431abb689bfb9a8bc
    np.area_id: b3f4fb84-bf17-5522-a5f3-70fd1212f381
    np.simulation_run_id: 2f8bf6cc-4ffe-4f64-ada7-fe8e3380ae67
    np.sensor_id: 22702eee-75aa-3cf4-31ab-b689bfb9a8bc
    np.sensor_name: pilot-humidity-0001
    np.metric_type: Humidity
Instrumentation scope (ActivitySource):
    Name: NatureProtector.Simulator.Host
Resource associated with Activity:
    service.name: NatureProtector.Simulator.Host
    service.instance.id: bb16b3c1-3cfb-4565-80d7-da89879d6c3b
    telemetry.sdk.name: opentelemetry
    telemetry.sdk.language: dotnet
    telemetry.sdk.version: 1.10.0

info: NatureProtector.Simulator.Host.Publishing.RabbitMqReadingPublisher[0]
      Published SensorReadingProduced to RabbitMQ | EventId=351cb36c-e7e4-450c-bb75-4ec63c4c3887 | CorrelationId=2f8bf6cc4ffe4f64ada7fe8e3380ae67-0000-2f494582407786f29707780861949155 | SensorId=2f494582-4077-86f2-9707-780861949155 | SensorName=pilot-humidity-0230 | Value=25.02116461064255
Activity.TraceId:            01cd313a3a4cb0f3282efb5db3aa5ad3
Activity.SpanId:             9f270276ba020af2
Activity.TraceFlags:         Recorded
Activity.ParentSpanId:       e145559c3ae3c2a9
Activity.DisplayName:        natureprotector.simulator.publish
Activity.Kind:               Internal
Activity.StartTime:          2026-05-15T19:33:35.7193312Z
Activity.Duration:           00:00:00.0004173
Activity.Tags:
    np.event_id: 351cb36c-e7e4-450c-bb75-4ec63c4c3887
    np.correlation_id: 2f8bf6cc4ffe4f64ada7fe8e3380ae67-0000-2f494582407786f29707780861949155
    np.area_id: b3f4fb84-bf17-5522-a5f3-70fd1212f381
    np.simulation_run_id: 2f8bf6cc-4ffe-4f64-ada7-fe8e3380ae67
    np.sensor_id: 2f494582-4077-86f2-9707-780861949155
    np.sensor_name: pilot-humidity-0230
    np.metric_type: Humidity
Instrumentation scope (ActivitySource):
    Name: NatureProtector.Simulator.Host
Resource associated with Activity:
    service.name: NatureProtector.Simulator.Host
    service.instance.id: bb16b3c1-3cfb-4565-80d7-da89879d6c3b
    telemetry.sdk.name: opentelemetry
    telemetry.sdk.language: dotnet
    telemetry.sdk.version: 1.10.0

info: NatureProtector.Simulator.Host.Publishing.RabbitMqReadingPublisher[0]
      Published SensorReadingProduced to RabbitMQ | EventId=5fc11af9-0654-4d05-b3fd-d3cd8f1f4896 | CorrelationId=2f8bf6cc4ffe4f64ada7fe8e3380ae67-0000-27bf9aad094f7dc645b2129a8cc0522e | SensorId=27bf9aad-094f-7dc6-45b2-129a8cc0522e | SensorName=pilot-temperature-0001 | Value=31.235661969536757
Activity.TraceId:            01cd313a3a4cb0f3282efb5db3aa5ad3
Activity.SpanId:             0ddb4706d5ce0efb
Activity.TraceFlags:         Recorded
Activity.ParentSpanId:       e145559c3ae3c2a9
Activity.DisplayName:        natureprotector.simulator.publish
Activity.Kind:               Internal
Activity.StartTime:          2026-05-15T19:33:35.7224614Z
Activity.Duration:           00:00:00.0001141
Activity.Tags:
    np.event_id: 5fc11af9-0654-4d05-b3fd-d3cd8f1f4896
    np.correlation_id: 2f8bf6cc4ffe4f64ada7fe8e3380ae67-0000-27bf9aad094f7dc645b2129a8cc0522e
    np.area_id: b3f4fb84-bf17-5522-a5f3-70fd1212f381
    np.simulation_run_id: 2f8bf6cc-4ffe-4f64-ada7-fe8e3380ae67
    np.sensor_id: 27bf9aad-094f-7dc6-45b2-129a8cc0522e
    np.sensor_name: pilot-temperature-0001
    np.metric_type: Temperature
Instrumentation scope (ActivitySource):
    Name: NatureProtector.Simulator.Host
Resource associated with Activity:
    service.name: NatureProtector.Simulator.Host
    service.instance.id: bb16b3c1-3cfb-4565-80d7-da89879d6c3b
    telemetry.sdk.name: opentelemetry
    telemetry.sdk.language: dotnet
    telemetry.sdk.version: 1.10.0

info: NatureProtector.Simulator.Host.Publishing.RabbitMqReadingPublisher[0]
      Published SensorReadingProduced to RabbitMQ | EventId=a41cb0d0-1ba7-41db-a2d6-2a5f9fe1d5bb | CorrelationId=2f8bf6cc4ffe4f64ada7fe8e3380ae67-0000-8e6a3d8a7e654fa58c51fa4597b203b8 | SensorId=8e6a3d8a-7e65-4fa5-8c51-fa4597b203b8 | SensorName=pilot-temperature-0230 | Value=31.17001404891257
Activity.TraceId:            01cd313a3a4cb0f3282efb5db3aa5ad3
Activity.SpanId:             ab6ff6cb03730dcb
Activity.TraceFlags:         Recorded
Activity.ParentSpanId:       e145559c3ae3c2a9
Activity.DisplayName:        natureprotector.simulator.publish
Activity.Kind:               Internal
Activity.StartTime:          2026-05-15T19:33:35.7250163Z
Activity.Duration:           00:00:00.0000767
Activity.Tags:
    np.event_id: a41cb0d0-1ba7-41db-a2d6-2a5f9fe1d5bb
    np.correlation_id: 2f8bf6cc4ffe4f64ada7fe8e3380ae67-0000-8e6a3d8a7e654fa58c51fa4597b203b8
    np.area_id: b3f4fb84-bf17-5522-a5f3-70fd1212f381
    np.simulation_run_id: 2f8bf6cc-4ffe-4f64-ada7-fe8e3380ae67
    np.sensor_id: 8e6a3d8a-7e65-4fa5-8c51-fa4597b203b8
    np.sensor_name: pilot-temperature-0230
    np.metric_type: Temperature
Instrumentation scope (ActivitySource):
    Name: NatureProtector.Simulator.Host
Resource associated with Activity:
    service.name: NatureProtector.Simulator.Host
    service.instance.id: bb16b3c1-3cfb-4565-80d7-da89879d6c3b
    telemetry.sdk.name: opentelemetry
    telemetry.sdk.language: dotnet
    telemetry.sdk.version: 1.10.0

info: NatureProtector.Simulator.Host.Publishing.RabbitMqReadingPublisher[0]
      Published SensorReadingProduced to RabbitMQ | EventId=805d2565-308a-46d2-8cb8-31880f77ad0c | CorrelationId=2f8bf6cc4ffe4f64ada7fe8e3380ae67-0000-e7660606cadd4212e67b574c09ef789a | SensorId=e7660606-cadd-4212-e67b-574c09ef789a | SensorName=pilot-wind-0001 | Value=3.7836029106488462
Activity.TraceId:            01cd313a3a4cb0f3282efb5db3aa5ad3
Activity.SpanId:             730c267f97efa6bb
Activity.TraceFlags:         Recorded
Activity.ParentSpanId:       e145559c3ae3c2a9
Activity.DisplayName:        natureprotector.simulator.publish
Activity.Kind:               Internal
Activity.StartTime:          2026-05-15T19:33:35.7293057Z
Activity.Duration:           00:00:00.0001120
Activity.Tags:
    np.event_id: 805d2565-308a-46d2-8cb8-31880f77ad0c
    np.correlation_id: 2f8bf6cc4ffe4f64ada7fe8e3380ae67-0000-e7660606cadd4212e67b574c09ef789a
    np.area_id: b3f4fb84-bf17-5522-a5f3-70fd1212f381
    np.simulation_run_id: 2f8bf6cc-4ffe-4f64-ada7-fe8e3380ae67
    np.sensor_id: e7660606-cadd-4212-e67b-574c09ef789a
    np.sensor_name: pilot-wind-0001
    np.metric_type: WindSpeed
Instrumentation scope (ActivitySource):
    Name: NatureProtector.Simulator.Host
Resource associated with Activity:
    service.name: NatureProtector.Simulator.Host
    service.instance.id: bb16b3c1-3cfb-4565-80d7-da89879d6c3b
    telemetry.sdk.name: opentelemetry
    telemetry.sdk.language: dotnet
    telemetry.sdk.version: 1.10.0

info: NatureProtector.Simulator.Host.Publishing.RabbitMqReadingPublisher[0]
      Published SensorReadingProduced to RabbitMQ | EventId=4815a853-6fec-4284-ab0f-44ef0dbc5e2a | CorrelationId=2f8bf6cc4ffe4f64ada7fe8e3380ae67-0000-17badc17792017acc213db1c12bedfb2 | SensorId=17badc17-7920-17ac-c213-db1c12bedfb2 | SensorName=pilot-wind-0230 | Value=3.712284265957905
Activity.TraceId:            01cd313a3a4cb0f3282efb5db3aa5ad3
Activity.SpanId:             8f76a43044ff91b8
Activity.TraceFlags:         Recorded
Activity.ParentSpanId:       e145559c3ae3c2a9
Activity.DisplayName:        natureprotector.simulator.publish
Activity.Kind:               Internal
Activity.StartTime:          2026-05-15T19:33:35.7323525Z
Activity.Duration:           00:00:00.0001552
Activity.Tags:
    np.event_id: 4815a853-6fec-4284-ab0f-44ef0dbc5e2a
    np.correlation_id: 2f8bf6cc4ffe4f64ada7fe8e3380ae67-0000-17badc17792017acc213db1c12bedfb2
    np.area_id: b3f4fb84-bf17-5522-a5f3-70fd1212f381
    np.simulation_run_id: 2f8bf6cc-4ffe-4f64-ada7-fe8e3380ae67
    np.sensor_id: 17badc17-7920-17ac-c213-db1c12bedfb2
    np.sensor_name: pilot-wind-0230
    np.metric_type: WindSpeed
Instrumentation scope (ActivitySource):
    Name: NatureProtector.Simulator.Host
Resource associated with Activity:
    service.name: NatureProtector.Simulator.Host
    service.instance.id: bb16b3c1-3cfb-4565-80d7-da89879d6c3b
    telemetry.sdk.name: opentelemetry
    telemetry.sdk.language: dotnet
    telemetry.sdk.version: 1.10.0

Activity.TraceId:            01cd313a3a4cb0f3282efb5db3aa5ad3
Activity.SpanId:             e145559c3ae3c2a9
Activity.TraceFlags:         Recorded
Activity.ParentSpanId:       8d2aacb1ec959afb
Activity.DisplayName:        natureprotector.simulator.cycle
Activity.Kind:               Internal
Activity.StartTime:          2026-05-15T19:33:35.6041020Z
Activity.Duration:           00:00:05.1378656
Activity.Tags:
    np.simulation_run_id: 2f8bf6cc-4ffe-4f64-ada7-fe8e3380ae67
    np.area_id: b3f4fb84-bf17-5522-a5f3-70fd1212f381
    np.scenario_id: 6034251c-b502-5f7b-a557-7187178cfb04
Instrumentation scope (ActivitySource):
    Name: NatureProtector.Simulator.Host
Resource associated with Activity:
    service.name: NatureProtector.Simulator.Host
    service.instance.id: bb16b3c1-3cfb-4565-80d7-da89879d6c3b
    telemetry.sdk.name: opentelemetry
    telemetry.sdk.language: dotnet
    telemetry.sdk.version: 1.10.0

info: NatureProtector.Simulator.Host.Services.SimulationRunner[0]
      Starting simulation cycle 2/5 at logical time 09/13/2020 12:00:05 +02:00.
info: NatureProtector.Simulator.Host.Publishing.RabbitMqReadingPublisher[0]
      Published SensorReadingProduced to RabbitMQ | EventId=1d651b06-af56-4771-84ac-347b81ac794a | CorrelationId=2f8bf6cc4ffe4f64ada7fe8e3380ae67-0001-22702eee75aa3cf431abb689bfb9a8bc | SensorId=22702eee-75aa-3cf4-31ab-b689bfb9a8bc | SensorName=pilot-humidity-0001 | Value=22.780761894123312
Activity.TraceId:            01cd313a3a4cb0f3282efb5db3aa5ad3
Activity.SpanId:             27672fd0c6d83525
Activity.TraceFlags:         Recorded
Activity.ParentSpanId:       7beb38ca9f0cbada
Activity.DisplayName:        natureprotector.simulator.publish
Activity.Kind:               Internal
Activity.StartTime:          2026-05-15T19:33:40.7451216Z
Activity.Duration:           00:00:00.0001766
Activity.Tags:
    np.event_id: 1d651b06-af56-4771-84ac-347b81ac794a
    np.correlation_id: 2f8bf6cc4ffe4f64ada7fe8e3380ae67-0001-22702eee75aa3cf431abb689bfb9a8bc
    np.area_id: b3f4fb84-bf17-5522-a5f3-70fd1212f381
    np.simulation_run_id: 2f8bf6cc-4ffe-4f64-ada7-fe8e3380ae67
    np.sensor_id: 22702eee-75aa-3cf4-31ab-b689bfb9a8bc
    np.sensor_name: pilot-humidity-0001
    np.metric_type: Humidity
Instrumentation scope (ActivitySource):
    Name: NatureProtector.Simulator.Host
Resource associated with Activity:
    service.name: NatureProtector.Simulator.Host
    service.instance.id: bb16b3c1-3cfb-4565-80d7-da89879d6c3b
    telemetry.sdk.name: opentelemetry
    telemetry.sdk.language: dotnet
    telemetry.sdk.version: 1.10.0

info: NatureProtector.Simulator.Host.Publishing.RabbitMqReadingPublisher[0]
      Published SensorReadingProduced to RabbitMQ | EventId=ae6ab234-69d6-40f9-9064-6742e4e9a2e8 | CorrelationId=2f8bf6cc4ffe4f64ada7fe8e3380ae67-0001-2f494582407786f29707780861949155 | SensorId=2f494582-4077-86f2-9707-780861949155 | SensorName=pilot-humidity-0230 | Value=24.14880150658049
Activity.TraceId:            01cd313a3a4cb0f3282efb5db3aa5ad3
Activity.SpanId:             c7b8b27283d8a7bf
Activity.TraceFlags:         Recorded
Activity.ParentSpanId:       7beb38ca9f0cbada
Activity.DisplayName:        natureprotector.simulator.publish
Activity.Kind:               Internal
Activity.StartTime:          2026-05-15T19:33:40.7509976Z
Activity.Duration:           00:00:00.0001910
Activity.Tags:
    np.event_id: ae6ab234-69d6-40f9-9064-6742e4e9a2e8
    np.correlation_id: 2f8bf6cc4ffe4f64ada7fe8e3380ae67-0001-2f494582407786f29707780861949155
    np.area_id: b3f4fb84-bf17-5522-a5f3-70fd1212f381
    np.simulation_run_id: 2f8bf6cc-4ffe-4f64-ada7-fe8e3380ae67
    np.sensor_id: 2f494582-4077-86f2-9707-780861949155
    np.sensor_name: pilot-humidity-0230
    np.metric_type: Humidity
Instrumentation scope (ActivitySource):
    Name: NatureProtector.Simulator.Host
Resource associated with Activity:
    service.name: NatureProtector.Simulator.Host
    service.instance.id: bb16b3c1-3cfb-4565-80d7-da89879d6c3b
    telemetry.sdk.name: opentelemetry
    telemetry.sdk.language: dotnet
    telemetry.sdk.version: 1.10.0

info: NatureProtector.Simulator.Host.Publishing.RabbitMqReadingPublisher[0]
      Published SensorReadingProduced to RabbitMQ | EventId=7cd0e287-46d6-4721-adb0-96b3a4329cec | CorrelationId=2f8bf6cc4ffe4f64ada7fe8e3380ae67-0001-27bf9aad094f7dc645b2129a8cc0522e | SensorId=27bf9aad-094f-7dc6-45b2-129a8cc0522e | SensorName=pilot-temperature-0001 | Value=31.769460532638128
Activity.TraceId:            01cd313a3a4cb0f3282efb5db3aa5ad3
Activity.SpanId:             de19137d8daaabbc
Activity.TraceFlags:         Recorded
Activity.ParentSpanId:       7beb38ca9f0cbada
Activity.DisplayName:        natureprotector.simulator.publish
Activity.Kind:               Internal
Activity.StartTime:          2026-05-15T19:33:40.7555324Z
Activity.Duration:           00:00:00.0002259
Activity.Tags:
    np.event_id: 7cd0e287-46d6-4721-adb0-96b3a4329cec
    np.correlation_id: 2f8bf6cc4ffe4f64ada7fe8e3380ae67-0001-27bf9aad094f7dc645b2129a8cc0522e
    np.area_id: b3f4fb84-bf17-5522-a5f3-70fd1212f381
    np.simulation_run_id: 2f8bf6cc-4ffe-4f64-ada7-fe8e3380ae67
    np.sensor_id: 27bf9aad-094f-7dc6-45b2-129a8cc0522e
    np.sensor_name: pilot-temperature-0001
    np.metric_type: Temperature
Instrumentation scope (ActivitySource):
    Name: NatureProtector.Simulator.Host
Resource associated with Activity:
    service.name: NatureProtector.Simulator.Host
    service.instance.id: bb16b3c1-3cfb-4565-80d7-da89879d6c3b
    telemetry.sdk.name: opentelemetry
    telemetry.sdk.language: dotnet
    telemetry.sdk.version: 1.10.0

info: NatureProtector.Simulator.Host.Publishing.RabbitMqReadingPublisher[0]
      Published SensorReadingProduced to RabbitMQ | EventId=c36bfeee-71f8-4eeb-b5db-84d3c07b7ee7 | CorrelationId=2f8bf6cc4ffe4f64ada7fe8e3380ae67-0001-8e6a3d8a7e654fa58c51fa4597b203b8 | SensorId=8e6a3d8a-7e65-4fa5-8c51-fa4597b203b8 | SensorName=pilot-temperature-0230 | Value=31.389174891133546
Activity.TraceId:            01cd313a3a4cb0f3282efb5db3aa5ad3
Activity.SpanId:             d4695dd0eed5f32b
Activity.TraceFlags:         Recorded
Activity.ParentSpanId:       7beb38ca9f0cbada
Activity.DisplayName:        natureprotector.simulator.publish
Activity.Kind:               Internal
Activity.StartTime:          2026-05-15T19:33:40.7590607Z
Activity.Duration:           00:00:00.0003278
Activity.Tags:
    np.event_id: c36bfeee-71f8-4eeb-b5db-84d3c07b7ee7
    np.correlation_id: 2f8bf6cc4ffe4f64ada7fe8e3380ae67-0001-8e6a3d8a7e654fa58c51fa4597b203b8
    np.area_id: b3f4fb84-bf17-5522-a5f3-70fd1212f381
    np.simulation_run_id: 2f8bf6cc-4ffe-4f64-ada7-fe8e3380ae67
    np.sensor_id: 8e6a3d8a-7e65-4fa5-8c51-fa4597b203b8
    np.sensor_name: pilot-temperature-0230
    np.metric_type: Temperature
Instrumentation scope (ActivitySource):
    Name: NatureProtector.Simulator.Host
Resource associated with Activity:
    service.name: NatureProtector.Simulator.Host
    service.instance.id: bb16b3c1-3cfb-4565-80d7-da89879d6c3b
    telemetry.sdk.name: opentelemetry
    telemetry.sdk.language: dotnet
    telemetry.sdk.version: 1.10.0

info: NatureProtector.Simulator.Host.Publishing.RabbitMqReadingPublisher[0]
      Published SensorReadingProduced to RabbitMQ | EventId=82ab0327-3729-42d4-b959-d89d46f9541e | CorrelationId=2f8bf6cc4ffe4f64ada7fe8e3380ae67-0001-e7660606cadd4212e67b574c09ef789a | SensorId=e7660606-cadd-4212-e67b-574c09ef789a | SensorName=pilot-wind-0001 | Value=4.386700285182078
Activity.TraceId:            01cd313a3a4cb0f3282efb5db3aa5ad3
Activity.SpanId:             6070266489d29e83
Activity.TraceFlags:         Recorded
Activity.ParentSpanId:       7beb38ca9f0cbada
Activity.DisplayName:        natureprotector.simulator.publish
Activity.Kind:               Internal
Activity.StartTime:          2026-05-15T19:33:40.7630925Z
Activity.Duration:           00:00:00.0002452
Activity.Tags:
    np.event_id: 82ab0327-3729-42d4-b959-d89d46f9541e
    np.correlation_id: 2f8bf6cc4ffe4f64ada7fe8e3380ae67-0001-e7660606cadd4212e67b574c09ef789a
    np.area_id: b3f4fb84-bf17-5522-a5f3-70fd1212f381
    np.simulation_run_id: 2f8bf6cc-4ffe-4f64-ada7-fe8e3380ae67
    np.sensor_id: e7660606-cadd-4212-e67b-574c09ef789a
    np.sensor_name: pilot-wind-0001
    np.metric_type: WindSpeed
Instrumentation scope (ActivitySource):
    Name: NatureProtector.Simulator.Host
Resource associated with Activity:
    service.name: NatureProtector.Simulator.Host
    service.instance.id: bb16b3c1-3cfb-4565-80d7-da89879d6c3b
    telemetry.sdk.name: opentelemetry
    telemetry.sdk.language: dotnet
    telemetry.sdk.version: 1.10.0

info: NatureProtector.Simulator.Host.Publishing.RabbitMqReadingPublisher[0]
      Published SensorReadingProduced to RabbitMQ | EventId=eb6cbe99-2438-405b-a5e8-8d50b74be265 | CorrelationId=2f8bf6cc4ffe4f64ada7fe8e3380ae67-0001-17badc17792017acc213db1c12bedfb2 | SensorId=17badc17-7920-17ac-c213-db1c12bedfb2 | SensorName=pilot-wind-0230 | Value=4.493453742941936
Activity.TraceId:            01cd313a3a4cb0f3282efb5db3aa5ad3
Activity.SpanId:             1f4d2ae193ba6190
Activity.TraceFlags:         Recorded
Activity.ParentSpanId:       7beb38ca9f0cbada
Activity.DisplayName:        natureprotector.simulator.publish
Activity.Kind:               Internal
Activity.StartTime:          2026-05-15T19:33:40.7680978Z
Activity.Duration:           00:00:00.0002362
Activity.Tags:
    np.event_id: eb6cbe99-2438-405b-a5e8-8d50b74be265
    np.correlation_id: 2f8bf6cc4ffe4f64ada7fe8e3380ae67-0001-17badc17792017acc213db1c12bedfb2
    np.area_id: b3f4fb84-bf17-5522-a5f3-70fd1212f381
    np.simulation_run_id: 2f8bf6cc-4ffe-4f64-ada7-fe8e3380ae67
    np.sensor_id: 17badc17-7920-17ac-c213-db1c12bedfb2
    np.sensor_name: pilot-wind-0230
    np.metric_type: WindSpeed
Instrumentation scope (ActivitySource):
    Name: NatureProtector.Simulator.Host
Resource associated with Activity:
    service.name: NatureProtector.Simulator.Host
    service.instance.id: bb16b3c1-3cfb-4565-80d7-da89879d6c3b
    telemetry.sdk.name: opentelemetry
    telemetry.sdk.language: dotnet
    telemetry.sdk.version: 1.10.0


Metric Name: process.memory.usage, Description: The amount of physical memory in use., Unit: By
(2026-05-15T19:33:34.1204994Z, 2026-05-15T19:33:44.1346278Z] LongSumNonMonotonic
Value: 108888064
Instrumentation scope (Meter):
	Name: OpenTelemetry.Instrumentation.Process
	Version: 1.10.0-beta.1
Resource associated with Metric:
	service.name: NatureProtector.Simulator.Host
	service.instance.id: bb16b3c1-3cfb-4565-80d7-da89879d6c3b
	telemetry.sdk.name: opentelemetry
	telemetry.sdk.language: dotnet
	telemetry.sdk.version: 1.10.0

Metric Name: process.memory.virtual, Description: The amount of committed virtual memory., Unit: By
(2026-05-15T19:33:34.1214436Z, 2026-05-15T19:33:44.1346637Z] LongSumNonMonotonic
Value: 2481007869952
Instrumentation scope (Meter):
	Name: OpenTelemetry.Instrumentation.Process
	Version: 1.10.0-beta.1
Resource associated with Metric:
	service.name: NatureProtector.Simulator.Host
	service.instance.id: bb16b3c1-3cfb-4565-80d7-da89879d6c3b
	telemetry.sdk.name: opentelemetry
	telemetry.sdk.language: dotnet
	telemetry.sdk.version: 1.10.0

Metric Name: process.cpu.time, Description: Total CPU seconds broken down by different states., Unit: s
(2026-05-15T19:33:34.1216173Z, 2026-05-15T19:33:44.1346904Z] process.cpu.state: user DoubleSum
Value: 1.75
Instrumentation scope (Meter):
	Name: OpenTelemetry.Instrumentation.Process
	Version: 1.10.0-beta.1
Resource associated with Metric:
	service.name: NatureProtector.Simulator.Host
	service.instance.id: bb16b3c1-3cfb-4565-80d7-da89879d6c3b
	telemetry.sdk.name: opentelemetry
	telemetry.sdk.language: dotnet
	telemetry.sdk.version: 1.10.0
(2026-05-15T19:33:34.1216173Z, 2026-05-15T19:33:44.1346904Z] process.cpu.state: system DoubleSum
Value: 0.140625
Instrumentation scope (Meter):
	Name: OpenTelemetry.Instrumentation.Process
	Version: 1.10.0-beta.1
Resource associated with Metric:
	service.name: NatureProtector.Simulator.Host
	service.instance.id: bb16b3c1-3cfb-4565-80d7-da89879d6c3b
	telemetry.sdk.name: opentelemetry
	telemetry.sdk.language: dotnet
	telemetry.sdk.version: 1.10.0

Metric Name: process.cpu.count, Description: The number of processors (CPU cores) available to the current process., Unit: {processors}
(2026-05-15T19:33:34.1216365Z, 2026-05-15T19:33:44.1346913Z] LongSumNonMonotonic
Value: 16
Instrumentation scope (Meter):
	Name: OpenTelemetry.Instrumentation.Process
	Version: 1.10.0-beta.1
Resource associated with Metric:
	service.name: NatureProtector.Simulator.Host
	service.instance.id: bb16b3c1-3cfb-4565-80d7-da89879d6c3b
	telemetry.sdk.name: opentelemetry
	telemetry.sdk.language: dotnet
	telemetry.sdk.version: 1.10.0

Metric Name: process.thread.count, Description: Process threads count., Unit: {thread}
(2026-05-15T19:33:34.1216478Z, 2026-05-15T19:33:44.1346920Z] LongSumNonMonotonic
Value: 23
Instrumentation scope (Meter):
	Name: OpenTelemetry.Instrumentation.Process
	Version: 1.10.0-beta.1
Resource associated with Metric:
	service.name: NatureProtector.Simulator.Host
	service.instance.id: bb16b3c1-3cfb-4565-80d7-da89879d6c3b
	telemetry.sdk.name: opentelemetry
	telemetry.sdk.language: dotnet
	telemetry.sdk.version: 1.10.0

Metric Name: dotnet.gc.collections, Description: The number of garbage collections that have occurred since the process has started., Unit: {collection}
(2026-05-15T19:33:34.1216557Z, 2026-05-15T19:33:44.1346926Z] gc.heap.generation: gen2 LongSum
Value: 1
Instrumentation scope (Meter):
	Name: System.Runtime
Resource associated with Metric:
	service.name: NatureProtector.Simulator.Host
	service.instance.id: bb16b3c1-3cfb-4565-80d7-da89879d6c3b
	telemetry.sdk.name: opentelemetry
	telemetry.sdk.language: dotnet
	telemetry.sdk.version: 1.10.0
(2026-05-15T19:33:34.1216557Z, 2026-05-15T19:33:44.1346926Z] gc.heap.generation: gen1 LongSum
Value: 1
Instrumentation scope (Meter):
	Name: System.Runtime
Resource associated with Metric:
	service.name: NatureProtector.Simulator.Host
	service.instance.id: bb16b3c1-3cfb-4565-80d7-da89879d6c3b
	telemetry.sdk.name: opentelemetry
	telemetry.sdk.language: dotnet
	telemetry.sdk.version: 1.10.0
(2026-05-15T19:33:34.1216557Z, 2026-05-15T19:33:44.1346926Z] gc.heap.generation: gen0 LongSum
Value: 2
Instrumentation scope (Meter):
	Name: System.Runtime
Resource associated with Metric:
	service.name: NatureProtector.Simulator.Host
	service.instance.id: bb16b3c1-3cfb-4565-80d7-da89879d6c3b
	telemetry.sdk.name: opentelemetry
	telemetry.sdk.language: dotnet
	telemetry.sdk.version: 1.10.0

Metric Name: dotnet.process.memory.working_set, Description: The number of bytes of physical memory mapped to the process context., Unit: By
(2026-05-15T19:33:34.1216627Z, 2026-05-15T19:33:44.1346930Z] LongSumNonMonotonic
Value: 108605440
Instrumentation scope (Meter):
	Name: System.Runtime
Resource associated with Metric:
	service.name: NatureProtector.Simulator.Host
	service.instance.id: bb16b3c1-3cfb-4565-80d7-da89879d6c3b
	telemetry.sdk.name: opentelemetry
	telemetry.sdk.language: dotnet
	telemetry.sdk.version: 1.10.0

Metric Name: dotnet.gc.heap.total_allocated, Description: The approximate number of bytes allocated on the managed GC heap since the process has started. The returned value does not include any native allocations., Unit: By
(2026-05-15T19:33:34.1216715Z, 2026-05-15T19:33:44.1346934Z] LongSum
Value: 38861104
Instrumentation scope (Meter):
	Name: System.Runtime
Resource associated with Metric:
	service.name: NatureProtector.Simulator.Host
	service.instance.id: bb16b3c1-3cfb-4565-80d7-da89879d6c3b
	telemetry.sdk.name: opentelemetry
	telemetry.sdk.language: dotnet
	telemetry.sdk.version: 1.10.0

Metric Name: dotnet.gc.last_collection.memory.committed_size, Description: The amount of committed virtual memory in use by the .NET GC, as observed during the latest garbage collection., Unit: By
(2026-05-15T19:33:34.1216781Z, 2026-05-15T19:33:44.1346937Z] LongSumNonMonotonic
Value: 20717568
Instrumentation scope (Meter):
	Name: System.Runtime
Resource associated with Metric:
	service.name: NatureProtector.Simulator.Host
	service.instance.id: bb16b3c1-3cfb-4565-80d7-da89879d6c3b
	telemetry.sdk.name: opentelemetry
	telemetry.sdk.language: dotnet
	telemetry.sdk.version: 1.10.0

Metric Name: dotnet.gc.last_collection.heap.size, Description: The managed GC heap size (including fragmentation), as observed during the latest garbage collection., Unit: By
(2026-05-15T19:33:34.1216842Z, 2026-05-15T19:33:44.1346948Z] gc.heap.generation: gen0 LongSumNonMonotonic
Value: 156040
Instrumentation scope (Meter):
	Name: System.Runtime
Resource associated with Metric:
	service.name: NatureProtector.Simulator.Host
	service.instance.id: bb16b3c1-3cfb-4565-80d7-da89879d6c3b
	telemetry.sdk.name: opentelemetry
	telemetry.sdk.language: dotnet
	telemetry.sdk.version: 1.10.0
(2026-05-15T19:33:34.1216842Z, 2026-05-15T19:33:44.1346948Z] gc.heap.generation: gen1 LongSumNonMonotonic
Value: 4105768
Instrumentation scope (Meter):
	Name: System.Runtime
Resource associated with Metric:
	service.name: NatureProtector.Simulator.Host
	service.instance.id: bb16b3c1-3cfb-4565-80d7-da89879d6c3b
	telemetry.sdk.name: opentelemetry
	telemetry.sdk.language: dotnet
	telemetry.sdk.version: 1.10.0
(2026-05-15T19:33:34.1216842Z, 2026-05-15T19:33:44.1346948Z] gc.heap.generation: gen2 LongSumNonMonotonic
Value: 916296
Instrumentation scope (Meter):
	Name: System.Runtime
Resource associated with Metric:
	service.name: NatureProtector.Simulator.Host
	service.instance.id: bb16b3c1-3cfb-4565-80d7-da89879d6c3b
	telemetry.sdk.name: opentelemetry
	telemetry.sdk.language: dotnet
	telemetry.sdk.version: 1.10.0
(2026-05-15T19:33:34.1216842Z, 2026-05-15T19:33:44.1346948Z] gc.heap.generation: loh LongSumNonMonotonic
Value: 6986640
Instrumentation scope (Meter):
	Name: System.Runtime
Resource associated with Metric:
	service.name: NatureProtector.Simulator.Host
	service.instance.id: bb16b3c1-3cfb-4565-80d7-da89879d6c3b
	telemetry.sdk.name: opentelemetry
	telemetry.sdk.language: dotnet
	telemetry.sdk.version: 1.10.0
(2026-05-15T19:33:34.1216842Z, 2026-05-15T19:33:44.1346948Z] gc.heap.generation: poh LongSumNonMonotonic
Value: 58240
Instrumentation scope (Meter):
	Name: System.Runtime
Resource associated with Metric:
	service.name: NatureProtector.Simulator.Host
	service.instance.id: bb16b3c1-3cfb-4565-80d7-da89879d6c3b
	telemetry.sdk.name: opentelemetry
	telemetry.sdk.language: dotnet
	telemetry.sdk.version: 1.10.0

Metric Name: dotnet.gc.last_collection.heap.fragmentation.size, Description: The heap fragmentation, as observed during the latest garbage collection., Unit: By
(2026-05-15T19:33:34.1216929Z, 2026-05-15T19:33:44.1346951Z] gc.heap.generation: gen0 LongSumNonMonotonic
Value: 147656
Instrumentation scope (Meter):
	Name: System.Runtime
Resource associated with Metric:
	service.name: NatureProtector.Simulator.Host
	service.instance.id: bb16b3c1-3cfb-4565-80d7-da89879d6c3b
	telemetry.sdk.name: opentelemetry
	telemetry.sdk.language: dotnet
	telemetry.sdk.version: 1.10.0
(2026-05-15T19:33:34.1216929Z, 2026-05-15T19:33:44.1346951Z] gc.heap.generation: gen1 LongSumNonMonotonic
Value: 67944
Instrumentation scope (Meter):
	Name: System.Runtime
Resource associated with Metric:
	service.name: NatureProtector.Simulator.Host
	service.instance.id: bb16b3c1-3cfb-4565-80d7-da89879d6c3b
	telemetry.sdk.name: opentelemetry
	telemetry.sdk.language: dotnet
	telemetry.sdk.version: 1.10.0
(2026-05-15T19:33:34.1216929Z, 2026-05-15T19:33:44.1346951Z] gc.heap.generation: gen2 LongSumNonMonotonic
Value: 0
Instrumentation scope (Meter):
	Name: System.Runtime
Resource associated with Metric:
	service.name: NatureProtector.Simulator.Host
	service.instance.id: bb16b3c1-3cfb-4565-80d7-da89879d6c3b
	telemetry.sdk.name: opentelemetry
	telemetry.sdk.language: dotnet
	telemetry.sdk.version: 1.10.0
(2026-05-15T19:33:34.1216929Z, 2026-05-15T19:33:44.1346951Z] gc.heap.generation: loh LongSumNonMonotonic
Value: 1120
Instrumentation scope (Meter):
	Name: System.Runtime
Resource associated with Metric:
	service.name: NatureProtector.Simulator.Host
	service.instance.id: bb16b3c1-3cfb-4565-80d7-da89879d6c3b
	telemetry.sdk.name: opentelemetry
	telemetry.sdk.language: dotnet
	telemetry.sdk.version: 1.10.0
(2026-05-15T19:33:34.1216929Z, 2026-05-15T19:33:44.1346951Z] gc.heap.generation: poh LongSumNonMonotonic
Value: 0
Instrumentation scope (Meter):
	Name: System.Runtime
Resource associated with Metric:
	service.name: NatureProtector.Simulator.Host
	service.instance.id: bb16b3c1-3cfb-4565-80d7-da89879d6c3b
	telemetry.sdk.name: opentelemetry
	telemetry.sdk.language: dotnet
	telemetry.sdk.version: 1.10.0

Metric Name: dotnet.gc.pause.time, Description: The total amount of time paused in GC since the process has started., Unit: s
(2026-05-15T19:33:34.1223505Z, 2026-05-15T19:33:44.1346954Z] DoubleSum
Value: 0.021885
Instrumentation scope (Meter):
	Name: System.Runtime
Resource associated with Metric:
	service.name: NatureProtector.Simulator.Host
	service.instance.id: bb16b3c1-3cfb-4565-80d7-da89879d6c3b
	telemetry.sdk.name: opentelemetry
	telemetry.sdk.language: dotnet
	telemetry.sdk.version: 1.10.0

Metric Name: dotnet.jit.compiled_il.size, Description: Count of bytes of intermediate language that have been compiled since the process has started., Unit: By
(2026-05-15T19:33:34.1223612Z, 2026-05-15T19:33:44.1346958Z] LongSum
Value: 1024304
Instrumentation scope (Meter):
	Name: System.Runtime
Resource associated with Metric:
	service.name: NatureProtector.Simulator.Host
	service.instance.id: bb16b3c1-3cfb-4565-80d7-da89879d6c3b
	telemetry.sdk.name: opentelemetry
	telemetry.sdk.language: dotnet
	telemetry.sdk.version: 1.10.0

Metric Name: dotnet.jit.compiled_methods, Description: The number of times the JIT compiler (re)compiled methods since the process has started., Unit: {method}
(2026-05-15T19:33:34.1223677Z, 2026-05-15T19:33:44.1346961Z] LongSum
Value: 13377
Instrumentation scope (Meter):
	Name: System.Runtime
Resource associated with Metric:
	service.name: NatureProtector.Simulator.Host
	service.instance.id: bb16b3c1-3cfb-4565-80d7-da89879d6c3b
	telemetry.sdk.name: opentelemetry
	telemetry.sdk.language: dotnet
	telemetry.sdk.version: 1.10.0

Metric Name: dotnet.jit.compilation.time, Description: The number of times the JIT compiler (re)compiled methods since the process has started., Unit: s
(2026-05-15T19:33:34.1223770Z, 2026-05-15T19:33:44.1346969Z] DoubleSum
Value: 1.222494
Instrumentation scope (Meter):
	Name: System.Runtime
Resource associated with Metric:
	service.name: NatureProtector.Simulator.Host
	service.instance.id: bb16b3c1-3cfb-4565-80d7-da89879d6c3b
	telemetry.sdk.name: opentelemetry
	telemetry.sdk.language: dotnet
	telemetry.sdk.version: 1.10.0

Metric Name: dotnet.monitor.lock_contentions, Description: The number of times there was contention when trying to acquire a monitor lock since the process has started., Unit: {contention}
(2026-05-15T19:33:34.1223859Z, 2026-05-15T19:33:44.1346981Z] LongSum
Value: 14
Instrumentation scope (Meter):
	Name: System.Runtime
Resource associated with Metric:
	service.name: NatureProtector.Simulator.Host
	service.instance.id: bb16b3c1-3cfb-4565-80d7-da89879d6c3b
	telemetry.sdk.name: opentelemetry
	telemetry.sdk.language: dotnet
	telemetry.sdk.version: 1.10.0

Metric Name: dotnet.thread_pool.thread.count, Description: The number of thread pool threads that currently exist., Unit: {thread}
(2026-05-15T19:33:34.1223933Z, 2026-05-15T19:33:44.1346983Z] LongSum
Value: 3
Instrumentation scope (Meter):
	Name: System.Runtime
Resource associated with Metric:
	service.name: NatureProtector.Simulator.Host
	service.instance.id: bb16b3c1-3cfb-4565-80d7-da89879d6c3b
	telemetry.sdk.name: opentelemetry
	telemetry.sdk.language: dotnet
	telemetry.sdk.version: 1.10.0

Metric Name: dotnet.thread_pool.work_item.count, Description: The number of work items that the thread pool has completed since the process has started., Unit: {work_item}
(2026-05-15T19:33:34.1223994Z, 2026-05-15T19:33:44.1346987Z] LongSum
Value: 71
Instrumentation scope (Meter):
	Name: System.Runtime
Resource associated with Metric:
	service.name: NatureProtector.Simulator.Host
	service.instance.id: bb16b3c1-3cfb-4565-80d7-da89879d6c3b
	telemetry.sdk.name: opentelemetry
	telemetry.sdk.language: dotnet
	telemetry.sdk.version: 1.10.0

Metric Name: dotnet.thread_pool.queue.length, Description: The number of work items that are currently queued to be processed by the thread pool., Unit: {work_item}
(2026-05-15T19:33:34.1224079Z, 2026-05-15T19:33:44.1346990Z] LongSum
Value: 0
Instrumentation scope (Meter):
	Name: System.Runtime
Resource associated with Metric:
	service.name: NatureProtector.Simulator.Host
	service.instance.id: bb16b3c1-3cfb-4565-80d7-da89879d6c3b
	telemetry.sdk.name: opentelemetry
	telemetry.sdk.language: dotnet
	telemetry.sdk.version: 1.10.0

Metric Name: dotnet.timer.count, Description: The number of timer instances that are currently active. An active timer is registered to tick at some point in the future and has not yet been canceled., Unit: {timer}
(2026-05-15T19:33:34.1224139Z, 2026-05-15T19:33:44.1346993Z] LongSumNonMonotonic
Value: 6
Instrumentation scope (Meter):
	Name: System.Runtime
Resource associated with Metric:
	service.name: NatureProtector.Simulator.Host
	service.instance.id: bb16b3c1-3cfb-4565-80d7-da89879d6c3b
	telemetry.sdk.name: opentelemetry
	telemetry.sdk.language: dotnet
	telemetry.sdk.version: 1.10.0

Metric Name: dotnet.assembly.count, Description: The number of .NET assemblies that are currently loaded., Unit: {assembly}
(2026-05-15T19:33:34.1224223Z, 2026-05-15T19:33:44.1346996Z] LongSumNonMonotonic
Value: 105
Instrumentation scope (Meter):
	Name: System.Runtime
Resource associated with Metric:
	service.name: NatureProtector.Simulator.Host
	service.instance.id: bb16b3c1-3cfb-4565-80d7-da89879d6c3b
	telemetry.sdk.name: opentelemetry
	telemetry.sdk.language: dotnet
	telemetry.sdk.version: 1.10.0

Metric Name: dotnet.process.cpu.count, Description: The number of processors available to the process., Unit: {cpu}
(2026-05-15T19:33:34.1259575Z, 2026-05-15T19:33:44.1347003Z] LongSumNonMonotonic
Value: 16
Instrumentation scope (Meter):
	Name: System.Runtime
Resource associated with Metric:
	service.name: NatureProtector.Simulator.Host
	service.instance.id: bb16b3c1-3cfb-4565-80d7-da89879d6c3b
	telemetry.sdk.name: opentelemetry
	telemetry.sdk.language: dotnet
	telemetry.sdk.version: 1.10.0

Metric Name: dotnet.process.cpu.time, Description: CPU time used by the process., Unit: s
(2026-05-15T19:33:34.1259807Z, 2026-05-15T19:33:44.1347007Z] cpu.mode: user DoubleSum
Value: 1.75
Instrumentation scope (Meter):
	Name: System.Runtime
Resource associated with Metric:
	service.name: NatureProtector.Simulator.Host
	service.instance.id: bb16b3c1-3cfb-4565-80d7-da89879d6c3b
	telemetry.sdk.name: opentelemetry
	telemetry.sdk.language: dotnet
	telemetry.sdk.version: 1.10.0
(2026-05-15T19:33:34.1259807Z, 2026-05-15T19:33:44.1347007Z] cpu.mode: system DoubleSum
Value: 0.15625
Instrumentation scope (Meter):
	Name: System.Runtime
Resource associated with Metric:
	service.name: NatureProtector.Simulator.Host
	service.instance.id: bb16b3c1-3cfb-4565-80d7-da89879d6c3b
	telemetry.sdk.name: opentelemetry
	telemetry.sdk.language: dotnet
	telemetry.sdk.version: 1.10.0

Metric Name: natureprotector.simulator.context.creations
(2026-05-15T19:33:34.1402472Z, 2026-05-15T19:33:44.1347014Z] LongSum
Value: 1
Instrumentation scope (Meter):
	Name: NatureProtector.Simulator.Host
Resource associated with Metric:
	service.name: NatureProtector.Simulator.Host
	service.instance.id: bb16b3c1-3cfb-4565-80d7-da89879d6c3b
	telemetry.sdk.name: opentelemetry
	telemetry.sdk.language: dotnet
	telemetry.sdk.version: 1.10.0

Metric Name: natureprotector.simulator.context.creation.duration, Unit: ms
(2026-05-15T19:33:34.1406933Z, 2026-05-15T19:33:44.1347915Z] Histogram
Value: Sum: 1237,8026 Count: 1 Min: 1237,8026 Max: 1237,8026 
(-Infinity,0]:0
(0,5]:0
(5,10]:0
(10,25]:0
(25,50]:0
(50,75]:0
(75,100]:0
(100,250]:0
(250,500]:0
(500,750]:0
(750,1000]:0
(1000,2500]:1
(2500,5000]:0
(5000,7500]:0
(7500,10000]:0
(10000,+Infinity]:0

Instrumentation scope (Meter):
	Name: NatureProtector.Simulator.Host
Resource associated with Metric:
	service.name: NatureProtector.Simulator.Host
	service.instance.id: bb16b3c1-3cfb-4565-80d7-da89879d6c3b
	telemetry.sdk.name: opentelemetry
	telemetry.sdk.language: dotnet
	telemetry.sdk.version: 1.10.0

Metric Name: natureprotector.simulator.runs
(2026-05-15T19:33:34.1407131Z, 2026-05-15T19:33:44.1347925Z] np.outcome: started LongSum
Value: 1
Instrumentation scope (Meter):
	Name: NatureProtector.Simulator.Host
Resource associated with Metric:
	service.name: NatureProtector.Simulator.Host
	service.instance.id: bb16b3c1-3cfb-4565-80d7-da89879d6c3b
	telemetry.sdk.name: opentelemetry
	telemetry.sdk.language: dotnet
	telemetry.sdk.version: 1.10.0

Metric Name: natureprotector.simulator.publish.messages
(2026-05-15T19:33:34.1407299Z, 2026-05-15T19:33:44.1347934Z] LongSum
Value: 12
Instrumentation scope (Meter):
	Name: NatureProtector.Simulator.Host
Resource associated with Metric:
	service.name: NatureProtector.Simulator.Host
	service.instance.id: bb16b3c1-3cfb-4565-80d7-da89879d6c3b
	telemetry.sdk.name: opentelemetry
	telemetry.sdk.language: dotnet
	telemetry.sdk.version: 1.10.0

Metric Name: natureprotector.simulator.publish.batch.size
(2026-05-15T19:33:34.1411579Z, 2026-05-15T19:33:44.1347945Z] Histogram
Value: Sum: 12 Count: 2 Min: 6 Max: 6 
(-Infinity,0]:0
(0,5]:0
(5,10]:2
(10,25]:0
(25,50]:0
(50,75]:0
(75,100]:0
(100,250]:0
(250,500]:0
(500,750]:0
(750,1000]:0
(1000,2500]:0
(2500,5000]:0
(5000,7500]:0
(7500,10000]:0
(10000,+Infinity]:0

Instrumentation scope (Meter):
	Name: NatureProtector.Simulator.Host
Resource associated with Metric:
	service.name: NatureProtector.Simulator.Host
	service.instance.id: bb16b3c1-3cfb-4565-80d7-da89879d6c3b
	telemetry.sdk.name: opentelemetry
	telemetry.sdk.language: dotnet
	telemetry.sdk.version: 1.10.0

Metric Name: natureprotector.simulator.publish.duration, Unit: ms
(2026-05-15T19:33:34.1411747Z, 2026-05-15T19:33:44.1347953Z] Histogram
Value: Sum: 270,9886 Count: 14 Min: 0,0686 Max: 130,9608 
(-Infinity,0]:0
(0,5]:11
(5,10]:0
(10,25]:0
(25,50]:1
(50,75]:0
(75,100]:0
(100,250]:2
(250,500]:0
(500,750]:0
(750,1000]:0
(1000,2500]:0
(2500,5000]:0
(5000,7500]:0
(7500,10000]:0
(10000,+Infinity]:0

Instrumentation scope (Meter):
	Name: NatureProtector.Simulator.Host
Resource associated with Metric:
	service.name: NatureProtector.Simulator.Host
	service.instance.id: bb16b3c1-3cfb-4565-80d7-da89879d6c3b
	telemetry.sdk.name: opentelemetry
	telemetry.sdk.language: dotnet
	telemetry.sdk.version: 1.10.0

Metric Name: dns.lookup.duration, Description: Measures the time taken to perform a DNS lookup., Unit: s
(2026-05-15T19:33:35.0713776Z, 2026-05-15T19:33:44.1347967Z] dns.question.name: localhost Histogram
Value: Sum: 0,007422300000000001 Count: 2 Min: 0,0004333 Max: 0,006989 
(-Infinity,0,005]:1
(0,005,0,01]:1
(0,01,0,025]:0
(0,025,0,05]:0
(0,05,0,075]:0
(0,075,0,1]:0
(0,1,0,25]:0
(0,25,0,5]:0
(0,5,0,75]:0
(0,75,1]:0
(1,2,5]:0
(2,5,5]:0
(5,7,5]:0
(7,5,10]:0
(10,+Infinity]:0

Instrumentation scope (Meter):
	Name: System.Net.NameResolution
Resource associated with Metric:
	service.name: NatureProtector.Simulator.Host
	service.instance.id: bb16b3c1-3cfb-4565-80d7-da89879d6c3b
	telemetry.sdk.name: opentelemetry
	telemetry.sdk.language: dotnet
	telemetry.sdk.version: 1.10.0
Activity.TraceId:            01cd313a3a4cb0f3282efb5db3aa5ad3
Activity.SpanId:             7beb38ca9f0cbada
Activity.TraceFlags:         Recorded
Activity.ParentSpanId:       8d2aacb1ec959afb
Activity.DisplayName:        natureprotector.simulator.cycle
Activity.Kind:               Internal
Activity.StartTime:          2026-05-15T19:33:40.7450712Z
Activity.Duration:           00:00:05.0410129
Activity.Tags:
    np.simulation_run_id: 2f8bf6cc-4ffe-4f64-ada7-fe8e3380ae67
    np.area_id: b3f4fb84-bf17-5522-a5f3-70fd1212f381
    np.scenario_id: 6034251c-b502-5f7b-a557-7187178cfb04
Instrumentation scope (ActivitySource):
    Name: NatureProtector.Simulator.Host
Resource associated with Activity:
    service.name: NatureProtector.Simulator.Host
    service.instance.id: bb16b3c1-3cfb-4565-80d7-da89879d6c3b
    telemetry.sdk.name: opentelemetry
    telemetry.sdk.language: dotnet
    telemetry.sdk.version: 1.10.0

info: NatureProtector.Simulator.Host.Services.SimulationRunner[0]
      Starting simulation cycle 3/5 at logical time 09/13/2020 12:00:10 +02:00.
info: NatureProtector.Simulator.Host.Publishing.RabbitMqReadingPublisher[0]
      Published SensorReadingProduced to RabbitMQ | EventId=07a1c4b7-a5ed-448b-8f13-24c125bf600b | CorrelationId=2f8bf6cc4ffe4f64ada7fe8e3380ae67-0002-22702eee75aa3cf431abb689bfb9a8bc | SensorId=22702eee-75aa-3cf4-31ab-b689bfb9a8bc | SensorName=pilot-humidity-0001 | Value=22.75556260069929
Activity.TraceId:            01cd313a3a4cb0f3282efb5db3aa5ad3
Activity.SpanId:             a28aea41b0e2cdc0
Activity.TraceFlags:         Recorded
Activity.ParentSpanId:       e15df94d4f9142e3
Activity.DisplayName:        natureprotector.simulator.publish
Activity.Kind:               Internal
Activity.StartTime:          2026-05-15T19:33:45.7891618Z
Activity.Duration:           00:00:00.0001325
Activity.Tags:
    np.event_id: 07a1c4b7-a5ed-448b-8f13-24c125bf600b
    np.correlation_id: 2f8bf6cc4ffe4f64ada7fe8e3380ae67-0002-22702eee75aa3cf431abb689bfb9a8bc
    np.area_id: b3f4fb84-bf17-5522-a5f3-70fd1212f381
    np.simulation_run_id: 2f8bf6cc-4ffe-4f64-ada7-fe8e3380ae67
    np.sensor_id: 22702eee-75aa-3cf4-31ab-b689bfb9a8bc
    np.sensor_name: pilot-humidity-0001
    np.metric_type: Humidity
Instrumentation scope (ActivitySource):
    Name: NatureProtector.Simulator.Host
Resource associated with Activity:
    service.name: NatureProtector.Simulator.Host
    service.instance.id: bb16b3c1-3cfb-4565-80d7-da89879d6c3b
    telemetry.sdk.name: opentelemetry
    telemetry.sdk.language: dotnet
    telemetry.sdk.version: 1.10.0

info: NatureProtector.Simulator.Host.Publishing.RabbitMqReadingPublisher[0]
      Published SensorReadingProduced to RabbitMQ | EventId=2a24e97b-ac98-447b-abe5-6619aaf55dab | CorrelationId=2f8bf6cc4ffe4f64ada7fe8e3380ae67-0002-2f494582407786f29707780861949155 | SensorId=2f494582-4077-86f2-9707-780861949155 | SensorName=pilot-humidity-0230 | Value=22.99749799370021
Activity.TraceId:            01cd313a3a4cb0f3282efb5db3aa5ad3
Activity.SpanId:             8bd96507e574c6d9
Activity.TraceFlags:         Recorded
Activity.ParentSpanId:       e15df94d4f9142e3
Activity.DisplayName:        natureprotector.simulator.publish
Activity.Kind:               Internal
Activity.StartTime:          2026-05-15T19:33:45.7996703Z
Activity.Duration:           00:00:00.0003270
Activity.Tags:
    np.event_id: 2a24e97b-ac98-447b-abe5-6619aaf55dab
    np.correlation_id: 2f8bf6cc4ffe4f64ada7fe8e3380ae67-0002-2f494582407786f29707780861949155
    np.area_id: b3f4fb84-bf17-5522-a5f3-70fd1212f381
    np.simulation_run_id: 2f8bf6cc-4ffe-4f64-ada7-fe8e3380ae67
    np.sensor_id: 2f494582-4077-86f2-9707-780861949155
    np.sensor_name: pilot-humidity-0230
    np.metric_type: Humidity
Instrumentation scope (ActivitySource):
    Name: NatureProtector.Simulator.Host
Resource associated with Activity:
    service.name: NatureProtector.Simulator.Host
    service.instance.id: bb16b3c1-3cfb-4565-80d7-da89879d6c3b
    telemetry.sdk.name: opentelemetry
    telemetry.sdk.language: dotnet
    telemetry.sdk.version: 1.10.0

info: NatureProtector.Simulator.Host.Publishing.RabbitMqReadingPublisher[0]
      Published SensorReadingProduced to RabbitMQ | EventId=34841ff3-bd83-408a-a5a7-6c3a8074fdc8 | CorrelationId=2f8bf6cc4ffe4f64ada7fe8e3380ae67-0002-27bf9aad094f7dc645b2129a8cc0522e | SensorId=27bf9aad-094f-7dc6-45b2-129a8cc0522e | SensorName=pilot-temperature-0001 | Value=31.74413991733475
Activity.TraceId:            01cd313a3a4cb0f3282efb5db3aa5ad3
Activity.SpanId:             b7f14f3e21823f67
Activity.TraceFlags:         Recorded
Activity.ParentSpanId:       e15df94d4f9142e3
Activity.DisplayName:        natureprotector.simulator.publish
Activity.Kind:               Internal
Activity.StartTime:          2026-05-15T19:33:45.8039105Z
Activity.Duration:           00:00:00.0002717
Activity.Tags:
    np.event_id: 34841ff3-bd83-408a-a5a7-6c3a8074fdc8
    np.correlation_id: 2f8bf6cc4ffe4f64ada7fe8e3380ae67-0002-27bf9aad094f7dc645b2129a8cc0522e
    np.area_id: b3f4fb84-bf17-5522-a5f3-70fd1212f381
    np.simulation_run_id: 2f8bf6cc-4ffe-4f64-ada7-fe8e3380ae67
    np.sensor_id: 27bf9aad-094f-7dc6-45b2-129a8cc0522e
    np.sensor_name: pilot-temperature-0001
    np.metric_type: Temperature
Instrumentation scope (ActivitySource):
    Name: NatureProtector.Simulator.Host
Resource associated with Activity:
    service.name: NatureProtector.Simulator.Host
    service.instance.id: bb16b3c1-3cfb-4565-80d7-da89879d6c3b
    telemetry.sdk.name: opentelemetry
    telemetry.sdk.language: dotnet
    telemetry.sdk.version: 1.10.0

info: NatureProtector.Simulator.Host.Publishing.RabbitMqReadingPublisher[0]
      Published SensorReadingProduced to RabbitMQ | EventId=787ce775-f8b9-4374-9e1d-ffc18bae035c | CorrelationId=2f8bf6cc4ffe4f64ada7fe8e3380ae67-0002-8e6a3d8a7e654fa58c51fa4597b203b8 | SensorId=8e6a3d8a-7e65-4fa5-8c51-fa4597b203b8 | SensorName=pilot-temperature-0230 | Value=31.719147964099168
Activity.TraceId:            01cd313a3a4cb0f3282efb5db3aa5ad3
Activity.SpanId:             cb801a804c4e7325
Activity.TraceFlags:         Recorded
Activity.ParentSpanId:       e15df94d4f9142e3
Activity.DisplayName:        natureprotector.simulator.publish
Activity.Kind:               Internal
Activity.StartTime:          2026-05-15T19:33:45.8084350Z
Activity.Duration:           00:00:00.0002297
Activity.Tags:
    np.event_id: 787ce775-f8b9-4374-9e1d-ffc18bae035c
    np.correlation_id: 2f8bf6cc4ffe4f64ada7fe8e3380ae67-0002-8e6a3d8a7e654fa58c51fa4597b203b8
    np.area_id: b3f4fb84-bf17-5522-a5f3-70fd1212f381
    np.simulation_run_id: 2f8bf6cc-4ffe-4f64-ada7-fe8e3380ae67
    np.sensor_id: 8e6a3d8a-7e65-4fa5-8c51-fa4597b203b8
    np.sensor_name: pilot-temperature-0230
    np.metric_type: Temperature
Instrumentation scope (ActivitySource):
    Name: NatureProtector.Simulator.Host
Resource associated with Activity:
    service.name: NatureProtector.Simulator.Host
    service.instance.id: bb16b3c1-3cfb-4565-80d7-da89879d6c3b
    telemetry.sdk.name: opentelemetry
    telemetry.sdk.language: dotnet
    telemetry.sdk.version: 1.10.0

info: NatureProtector.Simulator.Host.Publishing.RabbitMqReadingPublisher[0]
      Published SensorReadingProduced to RabbitMQ | EventId=8ec77875-c1c1-49fa-8920-3035f32337c9 | CorrelationId=2f8bf6cc4ffe4f64ada7fe8e3380ae67-0002-e7660606cadd4212e67b574c09ef789a | SensorId=e7660606-cadd-4212-e67b-574c09ef789a | SensorName=pilot-wind-0001 | Value=4.8843002245984355
Activity.TraceId:            01cd313a3a4cb0f3282efb5db3aa5ad3
Activity.SpanId:             08f7686cc122ff89
Activity.TraceFlags:         Recorded
Activity.ParentSpanId:       e15df94d4f9142e3
Activity.DisplayName:        natureprotector.simulator.publish
Activity.Kind:               Internal
Activity.StartTime:          2026-05-15T19:33:45.8121098Z
Activity.Duration:           00:00:00.0002144
Activity.Tags:
    np.event_id: 8ec77875-c1c1-49fa-8920-3035f32337c9
    np.correlation_id: 2f8bf6cc4ffe4f64ada7fe8e3380ae67-0002-e7660606cadd4212e67b574c09ef789a
    np.area_id: b3f4fb84-bf17-5522-a5f3-70fd1212f381
    np.simulation_run_id: 2f8bf6cc-4ffe-4f64-ada7-fe8e3380ae67
    np.sensor_id: e7660606-cadd-4212-e67b-574c09ef789a
    np.sensor_name: pilot-wind-0001
    np.metric_type: WindSpeed
Instrumentation scope (ActivitySource):
    Name: NatureProtector.Simulator.Host
Resource associated with Activity:
    service.name: NatureProtector.Simulator.Host
    service.instance.id: bb16b3c1-3cfb-4565-80d7-da89879d6c3b
    telemetry.sdk.name: opentelemetry
    telemetry.sdk.language: dotnet
    telemetry.sdk.version: 1.10.0

info: NatureProtector.Simulator.Host.Publishing.RabbitMqReadingPublisher[0]
      Published SensorReadingProduced to RabbitMQ | EventId=f4ca6263-a405-46c1-bea5-df6fd8c24627 | CorrelationId=2f8bf6cc4ffe4f64ada7fe8e3380ae67-0002-17badc17792017acc213db1c12bedfb2 | SensorId=17badc17-7920-17ac-c213-db1c12bedfb2 | SensorName=pilot-wind-0230 | Value=5.055532955014659
Activity.TraceId:            01cd313a3a4cb0f3282efb5db3aa5ad3
Activity.SpanId:             5960b96f46338d65
Activity.TraceFlags:         Recorded
Activity.ParentSpanId:       e15df94d4f9142e3
Activity.DisplayName:        natureprotector.simulator.publish
Activity.Kind:               Internal
Activity.StartTime:          2026-05-15T19:33:45.8164278Z
Activity.Duration:           00:00:00.0002697
Activity.Tags:
    np.event_id: f4ca6263-a405-46c1-bea5-df6fd8c24627
    np.correlation_id: 2f8bf6cc4ffe4f64ada7fe8e3380ae67-0002-17badc17792017acc213db1c12bedfb2
    np.area_id: b3f4fb84-bf17-5522-a5f3-70fd1212f381
    np.simulation_run_id: 2f8bf6cc-4ffe-4f64-ada7-fe8e3380ae67
    np.sensor_id: 17badc17-7920-17ac-c213-db1c12bedfb2
    np.sensor_name: pilot-wind-0230
    np.metric_type: WindSpeed
Instrumentation scope (ActivitySource):
    Name: NatureProtector.Simulator.Host
Resource associated with Activity:
    service.name: NatureProtector.Simulator.Host
    service.instance.id: bb16b3c1-3cfb-4565-80d7-da89879d6c3b
    telemetry.sdk.name: opentelemetry
    telemetry.sdk.language: dotnet
    telemetry.sdk.version: 1.10.0

Activity.TraceId:            01cd313a3a4cb0f3282efb5db3aa5ad3
Activity.SpanId:             e15df94d4f9142e3
Activity.TraceFlags:         Recorded
Activity.ParentSpanId:       8d2aacb1ec959afb
Activity.DisplayName:        natureprotector.simulator.cycle
Activity.Kind:               Internal
Activity.StartTime:          2026-05-15T19:33:45.7891164Z
Activity.Duration:           00:00:05.0359025
Activity.Tags:
    np.simulation_run_id: 2f8bf6cc-4ffe-4f64-ada7-fe8e3380ae67
    np.area_id: b3f4fb84-bf17-5522-a5f3-70fd1212f381
    np.scenario_id: 6034251c-b502-5f7b-a557-7187178cfb04
Instrumentation scope (ActivitySource):
    Name: NatureProtector.Simulator.Host
Resource associated with Activity:
    service.name: NatureProtector.Simulator.Host
    service.instance.id: bb16b3c1-3cfb-4565-80d7-da89879d6c3b
    telemetry.sdk.name: opentelemetry
    telemetry.sdk.language: dotnet
    telemetry.sdk.version: 1.10.0

info: NatureProtector.Simulator.Host.Services.SimulationRunner[0]
      Starting simulation cycle 4/5 at logical time 09/13/2020 12:00:15 +02:00.
info: NatureProtector.Simulator.Host.Publishing.RabbitMqReadingPublisher[0]
      Published SensorReadingProduced to RabbitMQ | EventId=c239f959-f69c-4df6-abee-50f411c0b9a1 | CorrelationId=2f8bf6cc4ffe4f64ada7fe8e3380ae67-0003-22702eee75aa3cf431abb689bfb9a8bc | SensorId=22702eee-75aa-3cf4-31ab-b689bfb9a8bc | SensorName=pilot-humidity-0001 | Value=0
Activity.TraceId:            01cd313a3a4cb0f3282efb5db3aa5ad3
Activity.SpanId:             f2d99083d461f4ec
Activity.TraceFlags:         Recorded
Activity.ParentSpanId:       55e894d948d03c68
Activity.DisplayName:        natureprotector.simulator.publish
Activity.Kind:               Internal
Activity.StartTime:          2026-05-15T19:33:50.8280625Z
Activity.Duration:           00:00:00.0001540
Activity.Tags:
    np.event_id: c239f959-f69c-4df6-abee-50f411c0b9a1
    np.correlation_id: 2f8bf6cc4ffe4f64ada7fe8e3380ae67-0003-22702eee75aa3cf431abb689bfb9a8bc
    np.area_id: b3f4fb84-bf17-5522-a5f3-70fd1212f381
    np.simulation_run_id: 2f8bf6cc-4ffe-4f64-ada7-fe8e3380ae67
    np.sensor_id: 22702eee-75aa-3cf4-31ab-b689bfb9a8bc
    np.sensor_name: pilot-humidity-0001
    np.metric_type: Humidity
Instrumentation scope (ActivitySource):
    Name: NatureProtector.Simulator.Host
Resource associated with Activity:
    service.name: NatureProtector.Simulator.Host
    service.instance.id: bb16b3c1-3cfb-4565-80d7-da89879d6c3b
    telemetry.sdk.name: opentelemetry
    telemetry.sdk.language: dotnet
    telemetry.sdk.version: 1.10.0

info: NatureProtector.Simulator.Host.Publishing.RabbitMqReadingPublisher[0]
      Published SensorReadingProduced to RabbitMQ | EventId=1db72951-d5b4-4e1c-89c5-9d3a29509cf8 | CorrelationId=2f8bf6cc4ffe4f64ada7fe8e3380ae67-0003-2f494582407786f29707780861949155 | SensorId=2f494582-4077-86f2-9707-780861949155 | SensorName=pilot-humidity-0230 | Value=21.53523607714356
Activity.TraceId:            01cd313a3a4cb0f3282efb5db3aa5ad3
Activity.SpanId:             35104b381ca4e950
Activity.TraceFlags:         Recorded
Activity.ParentSpanId:       55e894d948d03c68
Activity.DisplayName:        natureprotector.simulator.publish
Activity.Kind:               Internal
Activity.StartTime:          2026-05-15T19:33:50.8317207Z
Activity.Duration:           00:00:00.0002376
Activity.Tags:
    np.event_id: 1db72951-d5b4-4e1c-89c5-9d3a29509cf8
    np.correlation_id: 2f8bf6cc4ffe4f64ada7fe8e3380ae67-0003-2f494582407786f29707780861949155
    np.area_id: b3f4fb84-bf17-5522-a5f3-70fd1212f381
    np.simulation_run_id: 2f8bf6cc-4ffe-4f64-ada7-fe8e3380ae67
    np.sensor_id: 2f494582-4077-86f2-9707-780861949155
    np.sensor_name: pilot-humidity-0230
    np.metric_type: Humidity
Instrumentation scope (ActivitySource):
    Name: NatureProtector.Simulator.Host
Resource associated with Activity:
    service.name: NatureProtector.Simulator.Host
    service.instance.id: bb16b3c1-3cfb-4565-80d7-da89879d6c3b
    telemetry.sdk.name: opentelemetry
    telemetry.sdk.language: dotnet
    telemetry.sdk.version: 1.10.0

info: NatureProtector.Simulator.Host.Publishing.RabbitMqReadingPublisher[0]
      Published SensorReadingProduced to RabbitMQ | EventId=3bb77d19-db83-4860-8d87-d83744d312b7 | CorrelationId=2f8bf6cc4ffe4f64ada7fe8e3380ae67-0003-27bf9aad094f7dc645b2129a8cc0522e | SensorId=27bf9aad-094f-7dc6-45b2-129a8cc0522e | SensorName=pilot-temperature-0001 | Value=32.41454219848126
Activity.TraceId:            01cd313a3a4cb0f3282efb5db3aa5ad3
Activity.SpanId:             116de0e70203b30b
Activity.TraceFlags:         Recorded
Activity.ParentSpanId:       55e894d948d03c68
Activity.DisplayName:        natureprotector.simulator.publish
Activity.Kind:               Internal
Activity.StartTime:          2026-05-15T19:33:50.8364903Z
Activity.Duration:           00:00:00.0002144
Activity.Tags:
    np.event_id: 3bb77d19-db83-4860-8d87-d83744d312b7
    np.correlation_id: 2f8bf6cc4ffe4f64ada7fe8e3380ae67-0003-27bf9aad094f7dc645b2129a8cc0522e
    np.area_id: b3f4fb84-bf17-5522-a5f3-70fd1212f381
    np.simulation_run_id: 2f8bf6cc-4ffe-4f64-ada7-fe8e3380ae67
    np.sensor_id: 27bf9aad-094f-7dc6-45b2-129a8cc0522e
    np.sensor_name: pilot-temperature-0001
    np.metric_type: Temperature
Instrumentation scope (ActivitySource):
    Name: NatureProtector.Simulator.Host
Resource associated with Activity:
    service.name: NatureProtector.Simulator.Host
    service.instance.id: bb16b3c1-3cfb-4565-80d7-da89879d6c3b
    telemetry.sdk.name: opentelemetry
    telemetry.sdk.language: dotnet
    telemetry.sdk.version: 1.10.0

info: NatureProtector.Simulator.Host.Publishing.RabbitMqReadingPublisher[0]
      Published SensorReadingProduced to RabbitMQ | EventId=1519203a-6dca-4bea-b318-0c78045d3ce7 | CorrelationId=2f8bf6cc4ffe4f64ada7fe8e3380ae67-0003-8e6a3d8a7e654fa58c51fa4597b203b8 | SensorId=8e6a3d8a-7e65-4fa5-8c51-fa4597b203b8 | SensorName=pilot-temperature-0230 | Value=32.0965721742094
Activity.TraceId:            01cd313a3a4cb0f3282efb5db3aa5ad3
Activity.SpanId:             a7780883cf52c978
Activity.TraceFlags:         Recorded
Activity.ParentSpanId:       55e894d948d03c68
Activity.DisplayName:        natureprotector.simulator.publish
Activity.Kind:               Internal
Activity.StartTime:          2026-05-15T19:33:50.8401666Z
Activity.Duration:           00:00:00.0007636
Activity.Tags:
    np.event_id: 1519203a-6dca-4bea-b318-0c78045d3ce7
    np.correlation_id: 2f8bf6cc4ffe4f64ada7fe8e3380ae67-0003-8e6a3d8a7e654fa58c51fa4597b203b8
    np.area_id: b3f4fb84-bf17-5522-a5f3-70fd1212f381
    np.simulation_run_id: 2f8bf6cc-4ffe-4f64-ada7-fe8e3380ae67
    np.sensor_id: 8e6a3d8a-7e65-4fa5-8c51-fa4597b203b8
    np.sensor_name: pilot-temperature-0230
    np.metric_type: Temperature
Instrumentation scope (ActivitySource):
    Name: NatureProtector.Simulator.Host
Resource associated with Activity:
    service.name: NatureProtector.Simulator.Host
    service.instance.id: bb16b3c1-3cfb-4565-80d7-da89879d6c3b
    telemetry.sdk.name: opentelemetry
    telemetry.sdk.language: dotnet
    telemetry.sdk.version: 1.10.0

info: NatureProtector.Simulator.Host.Publishing.RabbitMqReadingPublisher[0]
      Published SensorReadingProduced to RabbitMQ | EventId=9ef7dcf6-26e0-4a89-a280-36548e2ca3b2 | CorrelationId=2f8bf6cc4ffe4f64ada7fe8e3380ae67-0003-e7660606cadd4212e67b574c09ef789a | SensorId=e7660606-cadd-4212-e67b-574c09ef789a | SensorName=pilot-wind-0001 | Value=5.375792604999472
Activity.TraceId:            01cd313a3a4cb0f3282efb5db3aa5ad3
Activity.SpanId:             e9c15a809b839f46
Activity.TraceFlags:         Recorded
Activity.ParentSpanId:       55e894d948d03c68
Activity.DisplayName:        natureprotector.simulator.publish
Activity.Kind:               Internal
Activity.StartTime:          2026-05-15T19:33:50.8456144Z
Activity.Duration:           00:00:00.0002197
Activity.Tags:
    np.event_id: 9ef7dcf6-26e0-4a89-a280-36548e2ca3b2
    np.correlation_id: 2f8bf6cc4ffe4f64ada7fe8e3380ae67-0003-e7660606cadd4212e67b574c09ef789a
    np.area_id: b3f4fb84-bf17-5522-a5f3-70fd1212f381
    np.simulation_run_id: 2f8bf6cc-4ffe-4f64-ada7-fe8e3380ae67
    np.sensor_id: e7660606-cadd-4212-e67b-574c09ef789a
    np.sensor_name: pilot-wind-0001
    np.metric_type: WindSpeed
Instrumentation scope (ActivitySource):
    Name: NatureProtector.Simulator.Host
Resource associated with Activity:
    service.name: NatureProtector.Simulator.Host
    service.instance.id: bb16b3c1-3cfb-4565-80d7-da89879d6c3b
    telemetry.sdk.name: opentelemetry
    telemetry.sdk.language: dotnet
    telemetry.sdk.version: 1.10.0

info: NatureProtector.Simulator.Host.Publishing.RabbitMqReadingPublisher[0]
      Published SensorReadingProduced to RabbitMQ | EventId=cdc73455-f094-40dd-be46-d051102cedbe | CorrelationId=2f8bf6cc4ffe4f64ada7fe8e3380ae67-0003-17badc17792017acc213db1c12bedfb2 | SensorId=17badc17-7920-17ac-c213-db1c12bedfb2 | SensorName=pilot-wind-0230 | Value=5.216367930414279
Activity.TraceId:            01cd313a3a4cb0f3282efb5db3aa5ad3
Activity.SpanId:             c382c7bccb2f44e9
Activity.TraceFlags:         Recorded
Activity.ParentSpanId:       55e894d948d03c68
Activity.DisplayName:        natureprotector.simulator.publish
Activity.Kind:               Internal
Activity.StartTime:          2026-05-15T19:33:50.8500937Z
Activity.Duration:           00:00:00.0002073
Activity.Tags:
    np.event_id: cdc73455-f094-40dd-be46-d051102cedbe
    np.correlation_id: 2f8bf6cc4ffe4f64ada7fe8e3380ae67-0003-17badc17792017acc213db1c12bedfb2
    np.area_id: b3f4fb84-bf17-5522-a5f3-70fd1212f381
    np.simulation_run_id: 2f8bf6cc-4ffe-4f64-ada7-fe8e3380ae67
    np.sensor_id: 17badc17-7920-17ac-c213-db1c12bedfb2
    np.sensor_name: pilot-wind-0230
    np.metric_type: WindSpeed
Instrumentation scope (ActivitySource):
    Name: NatureProtector.Simulator.Host
Resource associated with Activity:
    service.name: NatureProtector.Simulator.Host
    service.instance.id: bb16b3c1-3cfb-4565-80d7-da89879d6c3b
    telemetry.sdk.name: opentelemetry
    telemetry.sdk.language: dotnet
    telemetry.sdk.version: 1.10.0


Metric Name: process.memory.usage, Description: The amount of physical memory in use., Unit: By
(2026-05-15T19:33:34.1204994Z, 2026-05-15T19:33:54.1281558Z] LongSumNonMonotonic
Value: 106016768
Instrumentation scope (Meter):
	Name: OpenTelemetry.Instrumentation.Process
	Version: 1.10.0-beta.1
Resource associated with Metric:
	service.name: NatureProtector.Simulator.Host
	service.instance.id: bb16b3c1-3cfb-4565-80d7-da89879d6c3b
	telemetry.sdk.name: opentelemetry
	telemetry.sdk.language: dotnet
	telemetry.sdk.version: 1.10.0

Metric Name: process.memory.virtual, Description: The amount of committed virtual memory., Unit: By
(2026-05-15T19:33:34.1214436Z, 2026-05-15T19:33:54.1281580Z] LongSumNonMonotonic
Value: 2481008787456
Instrumentation scope (Meter):
	Name: OpenTelemetry.Instrumentation.Process
	Version: 1.10.0-beta.1
Resource associated with Metric:
	service.name: NatureProtector.Simulator.Host
	service.instance.id: bb16b3c1-3cfb-4565-80d7-da89879d6c3b
	telemetry.sdk.name: opentelemetry
	telemetry.sdk.language: dotnet
	telemetry.sdk.version: 1.10.0

Metric Name: process.cpu.time, Description: Total CPU seconds broken down by different states., Unit: s
(2026-05-15T19:33:34.1216173Z, 2026-05-15T19:33:54.1281587Z] process.cpu.state: user DoubleSum
Value: 1.859375
Instrumentation scope (Meter):
	Name: OpenTelemetry.Instrumentation.Process
	Version: 1.10.0-beta.1
Resource associated with Metric:
	service.name: NatureProtector.Simulator.Host
	service.instance.id: bb16b3c1-3cfb-4565-80d7-da89879d6c3b
	telemetry.sdk.name: opentelemetry
	telemetry.sdk.language: dotnet
	telemetry.sdk.version: 1.10.0
(2026-05-15T19:33:34.1216173Z, 2026-05-15T19:33:54.1281587Z] process.cpu.state: system DoubleSum
Value: 0.21875
Instrumentation scope (Meter):
	Name: OpenTelemetry.Instrumentation.Process
	Version: 1.10.0-beta.1
Resource associated with Metric:
	service.name: NatureProtector.Simulator.Host
	service.instance.id: bb16b3c1-3cfb-4565-80d7-da89879d6c3b
	telemetry.sdk.name: opentelemetry
	telemetry.sdk.language: dotnet
	telemetry.sdk.version: 1.10.0

Metric Name: process.cpu.count, Description: The number of processors (CPU cores) available to the current process., Unit: {processors}
(2026-05-15T19:33:34.1216365Z, 2026-05-15T19:33:54.1281593Z] LongSumNonMonotonic
Value: 16
Instrumentation scope (Meter):
	Name: OpenTelemetry.Instrumentation.Process
	Version: 1.10.0-beta.1
Resource associated with Metric:
	service.name: NatureProtector.Simulator.Host
	service.instance.id: bb16b3c1-3cfb-4565-80d7-da89879d6c3b
	telemetry.sdk.name: opentelemetry
	telemetry.sdk.language: dotnet
	telemetry.sdk.version: 1.10.0

Metric Name: process.thread.count, Description: Process threads count., Unit: {thread}
(2026-05-15T19:33:34.1216478Z, 2026-05-15T19:33:54.1281596Z] LongSumNonMonotonic
Value: 23
Instrumentation scope (Meter):
	Name: OpenTelemetry.Instrumentation.Process
	Version: 1.10.0-beta.1
Resource associated with Metric:
	service.name: NatureProtector.Simulator.Host
	service.instance.id: bb16b3c1-3cfb-4565-80d7-da89879d6c3b
	telemetry.sdk.name: opentelemetry
	telemetry.sdk.language: dotnet
	telemetry.sdk.version: 1.10.0

Metric Name: dotnet.gc.collections, Description: The number of garbage collections that have occurred since the process has started., Unit: {collection}
(2026-05-15T19:33:34.1216557Z, 2026-05-15T19:33:54.1281606Z] gc.heap.generation: gen2 LongSum
Value: 1
Instrumentation scope (Meter):
	Name: System.Runtime
Resource associated with Metric:
	service.name: NatureProtector.Simulator.Host
	service.instance.id: bb16b3c1-3cfb-4565-80d7-da89879d6c3b
	telemetry.sdk.name: opentelemetry
	telemetry.sdk.language: dotnet
	telemetry.sdk.version: 1.10.0
(2026-05-15T19:33:34.1216557Z, 2026-05-15T19:33:54.1281606Z] gc.heap.generation: gen1 LongSum
Value: 1
Instrumentation scope (Meter):
	Name: System.Runtime
Resource associated with Metric:
	service.name: NatureProtector.Simulator.Host
	service.instance.id: bb16b3c1-3cfb-4565-80d7-da89879d6c3b
	telemetry.sdk.name: opentelemetry
	telemetry.sdk.language: dotnet
	telemetry.sdk.version: 1.10.0
(2026-05-15T19:33:34.1216557Z, 2026-05-15T19:33:54.1281606Z] gc.heap.generation: gen0 LongSum
Value: 2
Instrumentation scope (Meter):
	Name: System.Runtime
Resource associated with Metric:
	service.name: NatureProtector.Simulator.Host
	service.instance.id: bb16b3c1-3cfb-4565-80d7-da89879d6c3b
	telemetry.sdk.name: opentelemetry
	telemetry.sdk.language: dotnet
	telemetry.sdk.version: 1.10.0

Metric Name: dotnet.process.memory.working_set, Description: The number of bytes of physical memory mapped to the process context., Unit: By
(2026-05-15T19:33:34.1216627Z, 2026-05-15T19:33:54.1281609Z] LongSumNonMonotonic
Value: 105259008
Instrumentation scope (Meter):
	Name: System.Runtime
Resource associated with Metric:
	service.name: NatureProtector.Simulator.Host
	service.instance.id: bb16b3c1-3cfb-4565-80d7-da89879d6c3b
	telemetry.sdk.name: opentelemetry
	telemetry.sdk.language: dotnet
	telemetry.sdk.version: 1.10.0

Metric Name: dotnet.gc.heap.total_allocated, Description: The approximate number of bytes allocated on the managed GC heap since the process has started. The returned value does not include any native allocations., Unit: By
(2026-05-15T19:33:34.1216715Z, 2026-05-15T19:33:54.1281612Z] LongSum
Value: 39172480
Instrumentation scope (Meter):
	Name: System.Runtime
Resource associated with Metric:
	service.name: NatureProtector.Simulator.Host
	service.instance.id: bb16b3c1-3cfb-4565-80d7-da89879d6c3b
	telemetry.sdk.name: opentelemetry
	telemetry.sdk.language: dotnet
	telemetry.sdk.version: 1.10.0

Metric Name: dotnet.gc.last_collection.memory.committed_size, Description: The amount of committed virtual memory in use by the .NET GC, as observed during the latest garbage collection., Unit: By
(2026-05-15T19:33:34.1216781Z, 2026-05-15T19:33:54.1281614Z] LongSumNonMonotonic
Value: 20717568
Instrumentation scope (Meter):
	Name: System.Runtime
Resource associated with Metric:
	service.name: NatureProtector.Simulator.Host
	service.instance.id: bb16b3c1-3cfb-4565-80d7-da89879d6c3b
	telemetry.sdk.name: opentelemetry
	telemetry.sdk.language: dotnet
	telemetry.sdk.version: 1.10.0

Metric Name: dotnet.gc.last_collection.heap.size, Description: The managed GC heap size (including fragmentation), as observed during the latest garbage collection., Unit: By
(2026-05-15T19:33:34.1216842Z, 2026-05-15T19:33:54.1281620Z] gc.heap.generation: gen0 LongSumNonMonotonic
Value: 156040
Instrumentation scope (Meter):
	Name: System.Runtime
Resource associated with Metric:
	service.name: NatureProtector.Simulator.Host
	service.instance.id: bb16b3c1-3cfb-4565-80d7-da89879d6c3b
	telemetry.sdk.name: opentelemetry
	telemetry.sdk.language: dotnet
	telemetry.sdk.version: 1.10.0
(2026-05-15T19:33:34.1216842Z, 2026-05-15T19:33:54.1281620Z] gc.heap.generation: gen1 LongSumNonMonotonic
Value: 4105768
Instrumentation scope (Meter):
	Name: System.Runtime
Resource associated with Metric:
	service.name: NatureProtector.Simulator.Host
	service.instance.id: bb16b3c1-3cfb-4565-80d7-da89879d6c3b
	telemetry.sdk.name: opentelemetry
	telemetry.sdk.language: dotnet
	telemetry.sdk.version: 1.10.0
(2026-05-15T19:33:34.1216842Z, 2026-05-15T19:33:54.1281620Z] gc.heap.generation: gen2 LongSumNonMonotonic
Value: 916296
Instrumentation scope (Meter):
	Name: System.Runtime
Resource associated with Metric:
	service.name: NatureProtector.Simulator.Host
	service.instance.id: bb16b3c1-3cfb-4565-80d7-da89879d6c3b
	telemetry.sdk.name: opentelemetry
	telemetry.sdk.language: dotnet
	telemetry.sdk.version: 1.10.0
(2026-05-15T19:33:34.1216842Z, 2026-05-15T19:33:54.1281620Z] gc.heap.generation: loh LongSumNonMonotonic
Value: 6986640
Instrumentation scope (Meter):
	Name: System.Runtime
Resource associated with Metric:
	service.name: NatureProtector.Simulator.Host
	service.instance.id: bb16b3c1-3cfb-4565-80d7-da89879d6c3b
	telemetry.sdk.name: opentelemetry
	telemetry.sdk.language: dotnet
	telemetry.sdk.version: 1.10.0
(2026-05-15T19:33:34.1216842Z, 2026-05-15T19:33:54.1281620Z] gc.heap.generation: poh LongSumNonMonotonic
Value: 58240
Instrumentation scope (Meter):
	Name: System.Runtime
Resource associated with Metric:
	service.name: NatureProtector.Simulator.Host
	service.instance.id: bb16b3c1-3cfb-4565-80d7-da89879d6c3b
	telemetry.sdk.name: opentelemetry
	telemetry.sdk.language: dotnet
	telemetry.sdk.version: 1.10.0

Metric Name: dotnet.gc.last_collection.heap.fragmentation.size, Description: The heap fragmentation, as observed during the latest garbage collection., Unit: By
(2026-05-15T19:33:34.1216929Z, 2026-05-15T19:33:54.1281623Z] gc.heap.generation: gen0 LongSumNonMonotonic
Value: 147656
Instrumentation scope (Meter):
	Name: System.Runtime
Resource associated with Metric:
	service.name: NatureProtector.Simulator.Host
	service.instance.id: bb16b3c1-3cfb-4565-80d7-da89879d6c3b
	telemetry.sdk.name: opentelemetry
	telemetry.sdk.language: dotnet
	telemetry.sdk.version: 1.10.0
(2026-05-15T19:33:34.1216929Z, 2026-05-15T19:33:54.1281623Z] gc.heap.generation: gen1 LongSumNonMonotonic
Value: 67944
Instrumentation scope (Meter):
	Name: System.Runtime
Resource associated with Metric:
	service.name: NatureProtector.Simulator.Host
	service.instance.id: bb16b3c1-3cfb-4565-80d7-da89879d6c3b
	telemetry.sdk.name: opentelemetry
	telemetry.sdk.language: dotnet
	telemetry.sdk.version: 1.10.0
(2026-05-15T19:33:34.1216929Z, 2026-05-15T19:33:54.1281623Z] gc.heap.generation: gen2 LongSumNonMonotonic
Value: 0
Instrumentation scope (Meter):
	Name: System.Runtime
Resource associated with Metric:
	service.name: NatureProtector.Simulator.Host
	service.instance.id: bb16b3c1-3cfb-4565-80d7-da89879d6c3b
	telemetry.sdk.name: opentelemetry
	telemetry.sdk.language: dotnet
	telemetry.sdk.version: 1.10.0
(2026-05-15T19:33:34.1216929Z, 2026-05-15T19:33:54.1281623Z] gc.heap.generation: loh LongSumNonMonotonic
Value: 1120
Instrumentation scope (Meter):
	Name: System.Runtime
Resource associated with Metric:
	service.name: NatureProtector.Simulator.Host
	service.instance.id: bb16b3c1-3cfb-4565-80d7-da89879d6c3b
	telemetry.sdk.name: opentelemetry
	telemetry.sdk.language: dotnet
	telemetry.sdk.version: 1.10.0
(2026-05-15T19:33:34.1216929Z, 2026-05-15T19:33:54.1281623Z] gc.heap.generation: poh LongSumNonMonotonic
Value: 0
Instrumentation scope (Meter):
	Name: System.Runtime
Resource associated with Metric:
	service.name: NatureProtector.Simulator.Host
	service.instance.id: bb16b3c1-3cfb-4565-80d7-da89879d6c3b
	telemetry.sdk.name: opentelemetry
	telemetry.sdk.language: dotnet
	telemetry.sdk.version: 1.10.0

Metric Name: dotnet.gc.pause.time, Description: The total amount of time paused in GC since the process has started., Unit: s
(2026-05-15T19:33:34.1223505Z, 2026-05-15T19:33:54.1281626Z] DoubleSum
Value: 0.021885
Instrumentation scope (Meter):
	Name: System.Runtime
Resource associated with Metric:
	service.name: NatureProtector.Simulator.Host
	service.instance.id: bb16b3c1-3cfb-4565-80d7-da89879d6c3b
	telemetry.sdk.name: opentelemetry
	telemetry.sdk.language: dotnet
	telemetry.sdk.version: 1.10.0

Metric Name: dotnet.jit.compiled_il.size, Description: Count of bytes of intermediate language that have been compiled since the process has started., Unit: By
(2026-05-15T19:33:34.1223612Z, 2026-05-15T19:33:54.1281628Z] LongSum
Value: 1070916
Instrumentation scope (Meter):
	Name: System.Runtime
Resource associated with Metric:
	service.name: NatureProtector.Simulator.Host
	service.instance.id: bb16b3c1-3cfb-4565-80d7-da89879d6c3b
	telemetry.sdk.name: opentelemetry
	telemetry.sdk.language: dotnet
	telemetry.sdk.version: 1.10.0

Metric Name: dotnet.jit.compiled_methods, Description: The number of times the JIT compiler (re)compiled methods since the process has started., Unit: {method}
(2026-05-15T19:33:34.1223677Z, 2026-05-15T19:33:54.1281630Z] LongSum
Value: 13862
Instrumentation scope (Meter):
	Name: System.Runtime
Resource associated with Metric:
	service.name: NatureProtector.Simulator.Host
	service.instance.id: bb16b3c1-3cfb-4565-80d7-da89879d6c3b
	telemetry.sdk.name: opentelemetry
	telemetry.sdk.language: dotnet
	telemetry.sdk.version: 1.10.0

Metric Name: dotnet.jit.compilation.time, Description: The number of times the JIT compiler (re)compiled methods since the process has started., Unit: s
(2026-05-15T19:33:34.1223770Z, 2026-05-15T19:33:54.1281639Z] DoubleSum
Value: 1.3519418
Instrumentation scope (Meter):
	Name: System.Runtime
Resource associated with Metric:
	service.name: NatureProtector.Simulator.Host
	service.instance.id: bb16b3c1-3cfb-4565-80d7-da89879d6c3b
	telemetry.sdk.name: opentelemetry
	telemetry.sdk.language: dotnet
	telemetry.sdk.version: 1.10.0

Metric Name: dotnet.monitor.lock_contentions, Description: The number of times there was contention when trying to acquire a monitor lock since the process has started., Unit: {contention}
(2026-05-15T19:33:34.1223859Z, 2026-05-15T19:33:54.1281642Z] LongSum
Value: 26
Instrumentation scope (Meter):
	Name: System.Runtime
Resource associated with Metric:
	service.name: NatureProtector.Simulator.Host
	service.instance.id: bb16b3c1-3cfb-4565-80d7-da89879d6c3b
	telemetry.sdk.name: opentelemetry
	telemetry.sdk.language: dotnet
	telemetry.sdk.version: 1.10.0

Metric Name: dotnet.thread_pool.thread.count, Description: The number of thread pool threads that currently exist., Unit: {thread}
(2026-05-15T19:33:34.1223933Z, 2026-05-15T19:33:54.1281643Z] LongSum
Value: 3
Instrumentation scope (Meter):
	Name: System.Runtime
Resource associated with Metric:
	service.name: NatureProtector.Simulator.Host
	service.instance.id: bb16b3c1-3cfb-4565-80d7-da89879d6c3b
	telemetry.sdk.name: opentelemetry
	telemetry.sdk.language: dotnet
	telemetry.sdk.version: 1.10.0

Metric Name: dotnet.thread_pool.work_item.count, Description: The number of work items that the thread pool has completed since the process has started., Unit: {work_item}
(2026-05-15T19:33:34.1223994Z, 2026-05-15T19:33:54.1281645Z] LongSum
Value: 90
Instrumentation scope (Meter):
	Name: System.Runtime
Resource associated with Metric:
	service.name: NatureProtector.Simulator.Host
	service.instance.id: bb16b3c1-3cfb-4565-80d7-da89879d6c3b
	telemetry.sdk.name: opentelemetry
	telemetry.sdk.language: dotnet
	telemetry.sdk.version: 1.10.0

Metric Name: dotnet.thread_pool.queue.length, Description: The number of work items that are currently queued to be processed by the thread pool., Unit: {work_item}
(2026-05-15T19:33:34.1224079Z, 2026-05-15T19:33:54.1281654Z] LongSum
Value: 0
Instrumentation scope (Meter):
	Name: System.Runtime
Resource associated with Metric:
	service.name: NatureProtector.Simulator.Host
	service.instance.id: bb16b3c1-3cfb-4565-80d7-da89879d6c3b
	telemetry.sdk.name: opentelemetry
	telemetry.sdk.language: dotnet
	telemetry.sdk.version: 1.10.0

Metric Name: dotnet.timer.count, Description: The number of timer instances that are currently active. An active timer is registered to tick at some point in the future and has not yet been canceled., Unit: {timer}
(2026-05-15T19:33:34.1224139Z, 2026-05-15T19:33:54.1281657Z] LongSumNonMonotonic
Value: 6
Instrumentation scope (Meter):
	Name: System.Runtime
Resource associated with Metric:
	service.name: NatureProtector.Simulator.Host
	service.instance.id: bb16b3c1-3cfb-4565-80d7-da89879d6c3b
	telemetry.sdk.name: opentelemetry
	telemetry.sdk.language: dotnet
	telemetry.sdk.version: 1.10.0

Metric Name: dotnet.assembly.count, Description: The number of .NET assemblies that are currently loaded., Unit: {assembly}
(2026-05-15T19:33:34.1224223Z, 2026-05-15T19:33:54.1281659Z] LongSumNonMonotonic
Value: 105
Instrumentation scope (Meter):
	Name: System.Runtime
Resource associated with Metric:
	service.name: NatureProtector.Simulator.Host
	service.instance.id: bb16b3c1-3cfb-4565-80d7-da89879d6c3b
	telemetry.sdk.name: opentelemetry
	telemetry.sdk.language: dotnet
	telemetry.sdk.version: 1.10.0

Metric Name: dotnet.process.cpu.count, Description: The number of processors available to the process., Unit: {cpu}
(2026-05-15T19:33:34.1259575Z, 2026-05-15T19:33:54.1281666Z] LongSumNonMonotonic
Value: 16
Instrumentation scope (Meter):
	Name: System.Runtime
Resource associated with Metric:
	service.name: NatureProtector.Simulator.Host
	service.instance.id: bb16b3c1-3cfb-4565-80d7-da89879d6c3b
	telemetry.sdk.name: opentelemetry
	telemetry.sdk.language: dotnet
	telemetry.sdk.version: 1.10.0

Metric Name: dotnet.process.cpu.time, Description: CPU time used by the process., Unit: s
(2026-05-15T19:33:34.1259807Z, 2026-05-15T19:33:54.1281668Z] cpu.mode: user DoubleSum
Value: 1.859375
Instrumentation scope (Meter):
	Name: System.Runtime
Resource associated with Metric:
	service.name: NatureProtector.Simulator.Host
	service.instance.id: bb16b3c1-3cfb-4565-80d7-da89879d6c3b
	telemetry.sdk.name: opentelemetry
	telemetry.sdk.language: dotnet
	telemetry.sdk.version: 1.10.0
(2026-05-15T19:33:34.1259807Z, 2026-05-15T19:33:54.1281668Z] cpu.mode: system DoubleSum
Value: 0.21875
Instrumentation scope (Meter):
	Name: System.Runtime
Resource associated with Metric:
	service.name: NatureProtector.Simulator.Host
	service.instance.id: bb16b3c1-3cfb-4565-80d7-da89879d6c3b
	telemetry.sdk.name: opentelemetry
	telemetry.sdk.language: dotnet
	telemetry.sdk.version: 1.10.0

Metric Name: natureprotector.simulator.context.creations
(2026-05-15T19:33:34.1402472Z, 2026-05-15T19:33:54.1281677Z] LongSum
Value: 1
Instrumentation scope (Meter):
	Name: NatureProtector.Simulator.Host
Resource associated with Metric:
	service.name: NatureProtector.Simulator.Host
	service.instance.id: bb16b3c1-3cfb-4565-80d7-da89879d6c3b
	telemetry.sdk.name: opentelemetry
	telemetry.sdk.language: dotnet
	telemetry.sdk.version: 1.10.0

Metric Name: natureprotector.simulator.context.creation.duration, Unit: ms
(2026-05-15T19:33:34.1406933Z, 2026-05-15T19:33:54.1281690Z] Histogram
Value: Sum: 1237,8026 Count: 1 Min: 1237,8026 Max: 1237,8026 
(-Infinity,0]:0
(0,5]:0
(5,10]:0
(10,25]:0
(25,50]:0
(50,75]:0
(75,100]:0
(100,250]:0
(250,500]:0
(500,750]:0
(750,1000]:0
(1000,2500]:1
(2500,5000]:0
(5000,7500]:0
(7500,10000]:0
(10000,+Infinity]:0

Instrumentation scope (Meter):
	Name: NatureProtector.Simulator.Host
Resource associated with Metric:
	service.name: NatureProtector.Simulator.Host
	service.instance.id: bb16b3c1-3cfb-4565-80d7-da89879d6c3b
	telemetry.sdk.name: opentelemetry
	telemetry.sdk.language: dotnet
	telemetry.sdk.version: 1.10.0

Metric Name: natureprotector.simulator.runs
(2026-05-15T19:33:34.1407131Z, 2026-05-15T19:33:54.1281696Z] np.outcome: started LongSum
Value: 1
Instrumentation scope (Meter):
	Name: NatureProtector.Simulator.Host
Resource associated with Metric:
	service.name: NatureProtector.Simulator.Host
	service.instance.id: bb16b3c1-3cfb-4565-80d7-da89879d6c3b
	telemetry.sdk.name: opentelemetry
	telemetry.sdk.language: dotnet
	telemetry.sdk.version: 1.10.0

Metric Name: natureprotector.simulator.publish.messages
(2026-05-15T19:33:34.1407299Z, 2026-05-15T19:33:54.1281710Z] LongSum
Value: 24
Instrumentation scope (Meter):
	Name: NatureProtector.Simulator.Host
Resource associated with Metric:
	service.name: NatureProtector.Simulator.Host
	service.instance.id: bb16b3c1-3cfb-4565-80d7-da89879d6c3b
	telemetry.sdk.name: opentelemetry
	telemetry.sdk.language: dotnet
	telemetry.sdk.version: 1.10.0

Metric Name: natureprotector.simulator.publish.batch.size
(2026-05-15T19:33:34.1411579Z, 2026-05-15T19:33:54.1281737Z] Histogram
Value: Sum: 24 Count: 4 Min: 6 Max: 6 
(-Infinity,0]:0
(0,5]:0
(5,10]:4
(10,25]:0
(25,50]:0
(50,75]:0
(75,100]:0
(100,250]:0
(250,500]:0
(500,750]:0
(750,1000]:0
(1000,2500]:0
(2500,5000]:0
(5000,7500]:0
(7500,10000]:0
(10000,+Infinity]:0

Instrumentation scope (Meter):
	Name: NatureProtector.Simulator.Host
Resource associated with Metric:
	service.name: NatureProtector.Simulator.Host
	service.instance.id: bb16b3c1-3cfb-4565-80d7-da89879d6c3b
	telemetry.sdk.name: opentelemetry
	telemetry.sdk.language: dotnet
	telemetry.sdk.version: 1.10.0

Metric Name: natureprotector.simulator.publish.duration, Unit: ms
(2026-05-15T19:33:34.1411747Z, 2026-05-15T19:33:54.1281758Z] Histogram
Value: Sum: 334,1578 Count: 28 Min: 0,0686 Max: 130,9608 
(-Infinity,0]:0
(0,5]:23
(5,10]:0
(10,25]:0
(25,50]:3
(50,75]:0
(75,100]:0
(100,250]:2
(250,500]:0
(500,750]:0
(750,1000]:0
(1000,2500]:0
(2500,5000]:0
(5000,7500]:0
(7500,10000]:0
(10000,+Infinity]:0

Instrumentation scope (Meter):
	Name: NatureProtector.Simulator.Host
Resource associated with Metric:
	service.name: NatureProtector.Simulator.Host
	service.instance.id: bb16b3c1-3cfb-4565-80d7-da89879d6c3b
	telemetry.sdk.name: opentelemetry
	telemetry.sdk.language: dotnet
	telemetry.sdk.version: 1.10.0

Metric Name: dns.lookup.duration, Description: Measures the time taken to perform a DNS lookup., Unit: s
(2026-05-15T19:33:35.0713776Z, 2026-05-15T19:33:54.1281768Z] dns.question.name: localhost Histogram
Value: Sum: 0,007422300000000001 Count: 2 Min: 0,0004333 Max: 0,006989 
(-Infinity,0,005]:1
(0,005,0,01]:1
(0,01,0,025]:0
(0,025,0,05]:0
(0,05,0,075]:0
(0,075,0,1]:0
(0,1,0,25]:0
(0,25,0,5]:0
(0,5,0,75]:0
(0,75,1]:0
(1,2,5]:0
(2,5,5]:0
(5,7,5]:0
(7,5,10]:0
(10,+Infinity]:0

Instrumentation scope (Meter):
	Name: System.Net.NameResolution
Resource associated with Metric:
	service.name: NatureProtector.Simulator.Host
	service.instance.id: bb16b3c1-3cfb-4565-80d7-da89879d6c3b
	telemetry.sdk.name: opentelemetry
	telemetry.sdk.language: dotnet
	telemetry.sdk.version: 1.10.0
Activity.TraceId:            01cd313a3a4cb0f3282efb5db3aa5ad3
Activity.SpanId:             55e894d948d03c68
Activity.TraceFlags:         Recorded
Activity.ParentSpanId:       8d2aacb1ec959afb
Activity.DisplayName:        natureprotector.simulator.cycle
Activity.Kind:               Internal
Activity.StartTime:          2026-05-15T19:33:50.8279954Z
Activity.Duration:           00:00:05.0268221
Activity.Tags:
    np.simulation_run_id: 2f8bf6cc-4ffe-4f64-ada7-fe8e3380ae67
    np.area_id: b3f4fb84-bf17-5522-a5f3-70fd1212f381
    np.scenario_id: 6034251c-b502-5f7b-a557-7187178cfb04
Instrumentation scope (ActivitySource):
    Name: NatureProtector.Simulator.Host
Resource associated with Activity:
    service.name: NatureProtector.Simulator.Host
    service.instance.id: bb16b3c1-3cfb-4565-80d7-da89879d6c3b
    telemetry.sdk.name: opentelemetry
    telemetry.sdk.language: dotnet
    telemetry.sdk.version: 1.10.0

info: NatureProtector.Simulator.Host.Services.SimulationRunner[0]
      Starting simulation cycle 5/5 at logical time 09/13/2020 12:00:20 +02:00.
info: NatureProtector.Simulator.Host.Publishing.RabbitMqReadingPublisher[0]
      Published SensorReadingProduced to RabbitMQ | EventId=2301ded3-aaad-4469-8168-ec456d2b9df9 | CorrelationId=2f8bf6cc4ffe4f64ada7fe8e3380ae67-0004-22702eee75aa3cf431abb689bfb9a8bc | SensorId=22702eee-75aa-3cf4-31ab-b689bfb9a8bc | SensorName=pilot-humidity-0001 | Value=20.496012966119295
Activity.TraceId:            01cd313a3a4cb0f3282efb5db3aa5ad3
Activity.SpanId:             4a49a69bae7479bc
Activity.TraceFlags:         Recorded
Activity.ParentSpanId:       3f277e5c35711977
Activity.DisplayName:        natureprotector.simulator.publish
Activity.Kind:               Internal
Activity.StartTime:          2026-05-15T19:33:55.8584109Z
Activity.Duration:           00:00:00.0001112
Activity.Tags:
    np.event_id: 2301ded3-aaad-4469-8168-ec456d2b9df9
    np.correlation_id: 2f8bf6cc4ffe4f64ada7fe8e3380ae67-0004-22702eee75aa3cf431abb689bfb9a8bc
    np.area_id: b3f4fb84-bf17-5522-a5f3-70fd1212f381
    np.simulation_run_id: 2f8bf6cc-4ffe-4f64-ada7-fe8e3380ae67
    np.sensor_id: 22702eee-75aa-3cf4-31ab-b689bfb9a8bc
    np.sensor_name: pilot-humidity-0001
    np.metric_type: Humidity
Instrumentation scope (ActivitySource):
    Name: NatureProtector.Simulator.Host
Resource associated with Activity:
    service.name: NatureProtector.Simulator.Host
    service.instance.id: bb16b3c1-3cfb-4565-80d7-da89879d6c3b
    telemetry.sdk.name: opentelemetry
    telemetry.sdk.language: dotnet
    telemetry.sdk.version: 1.10.0

info: NatureProtector.Simulator.Host.Publishing.RabbitMqReadingPublisher[0]
      Published SensorReadingProduced to RabbitMQ | EventId=8366719e-2ede-46fa-a6af-47163d9e1caf | CorrelationId=2f8bf6cc4ffe4f64ada7fe8e3380ae67-0004-2f494582407786f29707780861949155 | SensorId=2f494582-4077-86f2-9707-780861949155 | SensorName=pilot-humidity-0230 | Value=21.38652208821274
Activity.TraceId:            01cd313a3a4cb0f3282efb5db3aa5ad3
Activity.SpanId:             37dc4603e5874419
Activity.TraceFlags:         Recorded
Activity.ParentSpanId:       3f277e5c35711977
Activity.DisplayName:        natureprotector.simulator.publish
Activity.Kind:               Internal
Activity.StartTime:          2026-05-15T19:33:55.8669280Z
Activity.Duration:           00:00:00.0001646
Activity.Tags:
    np.event_id: 8366719e-2ede-46fa-a6af-47163d9e1caf
    np.correlation_id: 2f8bf6cc4ffe4f64ada7fe8e3380ae67-0004-2f494582407786f29707780861949155
    np.area_id: b3f4fb84-bf17-5522-a5f3-70fd1212f381
    np.simulation_run_id: 2f8bf6cc-4ffe-4f64-ada7-fe8e3380ae67
    np.sensor_id: 2f494582-4077-86f2-9707-780861949155
    np.sensor_name: pilot-humidity-0230
    np.metric_type: Humidity
Instrumentation scope (ActivitySource):
    Name: NatureProtector.Simulator.Host
Resource associated with Activity:
    service.name: NatureProtector.Simulator.Host
    service.instance.id: bb16b3c1-3cfb-4565-80d7-da89879d6c3b
    telemetry.sdk.name: opentelemetry
    telemetry.sdk.language: dotnet
    telemetry.sdk.version: 1.10.0

info: NatureProtector.Simulator.Host.Publishing.RabbitMqReadingPublisher[0]
      Published SensorReadingProduced to RabbitMQ | EventId=1b725d19-8d58-4ee2-ae84-439c8f158010 | CorrelationId=2f8bf6cc4ffe4f64ada7fe8e3380ae67-0004-27bf9aad094f7dc645b2129a8cc0522e | SensorId=27bf9aad-094f-7dc6-45b2-129a8cc0522e | SensorName=pilot-temperature-0001 | Value=32.41580185358954
Activity.TraceId:            01cd313a3a4cb0f3282efb5db3aa5ad3
Activity.SpanId:             d332fb36f056b046
Activity.TraceFlags:         Recorded
Activity.ParentSpanId:       3f277e5c35711977
Activity.DisplayName:        natureprotector.simulator.publish
Activity.Kind:               Internal
Activity.StartTime:          2026-05-15T19:33:55.8743021Z
Activity.Duration:           00:00:00.0001911
Activity.Tags:
    np.event_id: 1b725d19-8d58-4ee2-ae84-439c8f158010
    np.correlation_id: 2f8bf6cc4ffe4f64ada7fe8e3380ae67-0004-27bf9aad094f7dc645b2129a8cc0522e
    np.area_id: b3f4fb84-bf17-5522-a5f3-70fd1212f381
    np.simulation_run_id: 2f8bf6cc-4ffe-4f64-ada7-fe8e3380ae67
    np.sensor_id: 27bf9aad-094f-7dc6-45b2-129a8cc0522e
    np.sensor_name: pilot-temperature-0001
    np.metric_type: Temperature
Instrumentation scope (ActivitySource):
    Name: NatureProtector.Simulator.Host
Resource associated with Activity:
    service.name: NatureProtector.Simulator.Host
    service.instance.id: bb16b3c1-3cfb-4565-80d7-da89879d6c3b
    telemetry.sdk.name: opentelemetry
    telemetry.sdk.language: dotnet
    telemetry.sdk.version: 1.10.0

info: NatureProtector.Simulator.Host.Publishing.RabbitMqReadingPublisher[0]
      Published SensorReadingProduced to RabbitMQ | EventId=1c18ee5b-9029-486c-ab7d-502015b17f7f | CorrelationId=2f8bf6cc4ffe4f64ada7fe8e3380ae67-0004-8e6a3d8a7e654fa58c51fa4597b203b8 | SensorId=8e6a3d8a-7e65-4fa5-8c51-fa4597b203b8 | SensorName=pilot-temperature-0230 | Value=32.119581397201586
Activity.TraceId:            01cd313a3a4cb0f3282efb5db3aa5ad3
Activity.SpanId:             d0b92bb34c13f808
Activity.TraceFlags:         Recorded
Activity.ParentSpanId:       3f277e5c35711977
Activity.DisplayName:        natureprotector.simulator.publish
Activity.Kind:               Internal
Activity.StartTime:          2026-05-15T19:33:55.8814030Z
Activity.Duration:           00:00:00.0001845
Activity.Tags:
    np.event_id: 1c18ee5b-9029-486c-ab7d-502015b17f7f
    np.correlation_id: 2f8bf6cc4ffe4f64ada7fe8e3380ae67-0004-8e6a3d8a7e654fa58c51fa4597b203b8
    np.area_id: b3f4fb84-bf17-5522-a5f3-70fd1212f381
    np.simulation_run_id: 2f8bf6cc-4ffe-4f64-ada7-fe8e3380ae67
    np.sensor_id: 8e6a3d8a-7e65-4fa5-8c51-fa4597b203b8
    np.sensor_name: pilot-temperature-0230
    np.metric_type: Temperature
Instrumentation scope (ActivitySource):
    Name: NatureProtector.Simulator.Host
Resource associated with Activity:
    service.name: NatureProtector.Simulator.Host
    service.instance.id: bb16b3c1-3cfb-4565-80d7-da89879d6c3b
    telemetry.sdk.name: opentelemetry
    telemetry.sdk.language: dotnet
    telemetry.sdk.version: 1.10.0

info: NatureProtector.Simulator.Host.Publishing.RabbitMqReadingPublisher[0]
      Published SensorReadingProduced to RabbitMQ | EventId=31ec04df-b745-4199-a3e0-056b903d6758 | CorrelationId=2f8bf6cc4ffe4f64ada7fe8e3380ae67-0004-e7660606cadd4212e67b574c09ef789a | SensorId=e7660606-cadd-4212-e67b-574c09ef789a | SensorName=pilot-wind-0001 | Value=5.65633091766169
Activity.TraceId:            01cd313a3a4cb0f3282efb5db3aa5ad3
Activity.SpanId:             b185f16e45476f8d
Activity.TraceFlags:         Recorded
Activity.ParentSpanId:       3f277e5c35711977
Activity.DisplayName:        natureprotector.simulator.publish
Activity.Kind:               Internal
Activity.StartTime:          2026-05-15T19:33:55.8846410Z
Activity.Duration:           00:00:00.0001498
Activity.Tags:
    np.event_id: 31ec04df-b745-4199-a3e0-056b903d6758
    np.correlation_id: 2f8bf6cc4ffe4f64ada7fe8e3380ae67-0004-e7660606cadd4212e67b574c09ef789a
    np.area_id: b3f4fb84-bf17-5522-a5f3-70fd1212f381
    np.simulation_run_id: 2f8bf6cc-4ffe-4f64-ada7-fe8e3380ae67
    np.sensor_id: e7660606-cadd-4212-e67b-574c09ef789a
    np.sensor_name: pilot-wind-0001
    np.metric_type: WindSpeed
Instrumentation scope (ActivitySource):
    Name: NatureProtector.Simulator.Host
Resource associated with Activity:
    service.name: NatureProtector.Simulator.Host
    service.instance.id: bb16b3c1-3cfb-4565-80d7-da89879d6c3b
    telemetry.sdk.name: opentelemetry
    telemetry.sdk.language: dotnet
    telemetry.sdk.version: 1.10.0

info: NatureProtector.Simulator.Host.Publishing.RabbitMqReadingPublisher[0]
      Published SensorReadingProduced to RabbitMQ | EventId=a0a44234-0ba9-4953-9a49-af06b6f9a31e | CorrelationId=2f8bf6cc4ffe4f64ada7fe8e3380ae67-0004-17badc17792017acc213db1c12bedfb2 | SensorId=17badc17-7920-17ac-c213-db1c12bedfb2 | SensorName=pilot-wind-0230 | Value=5.787886884569596
Activity.TraceId:            01cd313a3a4cb0f3282efb5db3aa5ad3
Activity.SpanId:             fcfe0596ddb8d657
Activity.TraceFlags:         Recorded
Activity.ParentSpanId:       3f277e5c35711977
Activity.DisplayName:        natureprotector.simulator.publish
Activity.Kind:               Internal
Activity.StartTime:          2026-05-15T19:33:55.8888411Z
Activity.Duration:           00:00:00.0002053
Activity.Tags:
    np.event_id: a0a44234-0ba9-4953-9a49-af06b6f9a31e
    np.correlation_id: 2f8bf6cc4ffe4f64ada7fe8e3380ae67-0004-17badc17792017acc213db1c12bedfb2
    np.area_id: b3f4fb84-bf17-5522-a5f3-70fd1212f381
    np.simulation_run_id: 2f8bf6cc-4ffe-4f64-ada7-fe8e3380ae67
    np.sensor_id: 17badc17-7920-17ac-c213-db1c12bedfb2
    np.sensor_name: pilot-wind-0230
    np.metric_type: WindSpeed
Instrumentation scope (ActivitySource):
    Name: NatureProtector.Simulator.Host
Resource associated with Activity:
    service.name: NatureProtector.Simulator.Host
    service.instance.id: bb16b3c1-3cfb-4565-80d7-da89879d6c3b
    telemetry.sdk.name: opentelemetry
    telemetry.sdk.language: dotnet
    telemetry.sdk.version: 1.10.0

Activity.TraceId:            01cd313a3a4cb0f3282efb5db3aa5ad3
Activity.SpanId:             3f277e5c35711977
Activity.TraceFlags:         Recorded
Activity.ParentSpanId:       8d2aacb1ec959afb
Activity.DisplayName:        natureprotector.simulator.cycle
Activity.Kind:               Internal
Activity.StartTime:          2026-05-15T19:33:55.8582915Z
Activity.Duration:           00:00:00.0335760
Activity.Tags:
    np.simulation_run_id: 2f8bf6cc-4ffe-4f64-ada7-fe8e3380ae67
    np.area_id: b3f4fb84-bf17-5522-a5f3-70fd1212f381
    np.scenario_id: 6034251c-b502-5f7b-a557-7187178cfb04
Instrumentation scope (ActivitySource):
    Name: NatureProtector.Simulator.Host
Resource associated with Activity:
    service.name: NatureProtector.Simulator.Host
    service.instance.id: bb16b3c1-3cfb-4565-80d7-da89879d6c3b
    telemetry.sdk.name: opentelemetry
    telemetry.sdk.language: dotnet
    telemetry.sdk.version: 1.10.0

info: Microsoft.EntityFrameworkCore.Database.Command[20101]
      Executed DbCommand (1ms) [Parameters=[@__run_Id_0='?' (DbType = Guid)], CommandType='Text', CommandTimeout='30']
      SELECT s."Id", s."AreaId", s."ConfigurationVersionId", s."CreatedAt", s."EndedAt", s."ExecutionSeed", s."IntervalSeconds", s."LogicalStartTimestamp", s."MetadataJson", s."NumberOfCycles", s."ScenarioCode", s."ScenarioId", s."ScenarioName", s."StartedAt", s."Status"
      FROM control.simulation_runs AS s
      WHERE s."Id" = @__run_Id_0
      LIMIT 2
info: Microsoft.EntityFrameworkCore.Database.Command[20101]
      Executed DbCommand (3ms) [Parameters=[@p3='?' (DbType = Guid), @p0='?' (DbType = DateTime), @p1='?' (DbType = DateTime), @p2='?' (DbType = Int32)], CommandType='Text', CommandTimeout='30']
      UPDATE control.simulation_runs SET "EndedAt" = @p0, "StartedAt" = @p1, "Status" = @p2
      WHERE "Id" = @p3;
info: NatureProtector.Simulator.Host.Services.SimulationRunner[0]
      Simulation completed successfully | SimulationRunId=2f8bf6cc-4ffe-4f64-ada7-fe8e3380ae67 | CompletedAt=05/15/2026 19:33:55 +00:00 | LogicalCompletedAt=09/13/2020 12:00:25 +02:00.
Activity.TraceId:            01cd313a3a4cb0f3282efb5db3aa5ad3
Activity.SpanId:             8d2aacb1ec959afb
Activity.TraceFlags:         Recorded
Activity.DisplayName:        natureprotector.simulator.run
Activity.Kind:               Internal
Activity.StartTime:          2026-05-15T19:33:34.1427763Z
Activity.Duration:           00:00:21.7649784
Activity.Tags:
    np.area_id: b3f4fb84-bf17-5522-a5f3-70fd1212f381
    np.scenario_id: 6034251c-b502-5f7b-a557-7187178cfb04
    np.scenario_code: scenario_b
    np.simulation_run_id: 2f8bf6cc-4ffe-4f64-ada7-fe8e3380ae67
    np.outcome: completed
Instrumentation scope (ActivitySource):
    Name: NatureProtector.Simulator.Host
Resource associated with Activity:
    service.name: NatureProtector.Simulator.Host
    service.instance.id: bb16b3c1-3cfb-4565-80d7-da89879d6c3b
    telemetry.sdk.name: opentelemetry
    telemetry.sdk.language: dotnet
    telemetry.sdk.version: 1.10.0


Metric Name: process.memory.usage, Description: The amount of physical memory in use., Unit: By
(2026-05-15T19:33:34.1204994Z, 2026-05-15T19:34:04.1290005Z] LongSumNonMonotonic
Value: 107139072
Instrumentation scope (Meter):
	Name: OpenTelemetry.Instrumentation.Process
	Version: 1.10.0-beta.1
Resource associated with Metric:
	service.name: NatureProtector.Simulator.Host
	service.instance.id: bb16b3c1-3cfb-4565-80d7-da89879d6c3b
	telemetry.sdk.name: opentelemetry
	telemetry.sdk.language: dotnet
	telemetry.sdk.version: 1.10.0

Metric Name: process.memory.virtual, Description: The amount of committed virtual memory., Unit: By
(2026-05-15T19:33:34.1214436Z, 2026-05-15T19:34:04.1290017Z] LongSumNonMonotonic
Value: 2481009246208
Instrumentation scope (Meter):
	Name: OpenTelemetry.Instrumentation.Process
	Version: 1.10.0-beta.1
Resource associated with Metric:
	service.name: NatureProtector.Simulator.Host
	service.instance.id: bb16b3c1-3cfb-4565-80d7-da89879d6c3b
	telemetry.sdk.name: opentelemetry
	telemetry.sdk.language: dotnet
	telemetry.sdk.version: 1.10.0

Metric Name: process.cpu.time, Description: Total CPU seconds broken down by different states., Unit: s
(2026-05-15T19:33:34.1216173Z, 2026-05-15T19:34:04.1290028Z] process.cpu.state: user DoubleSum
Value: 2.03125
Instrumentation scope (Meter):
	Name: OpenTelemetry.Instrumentation.Process
	Version: 1.10.0-beta.1
Resource associated with Metric:
	service.name: NatureProtector.Simulator.Host
	service.instance.id: bb16b3c1-3cfb-4565-80d7-da89879d6c3b
	telemetry.sdk.name: opentelemetry
	telemetry.sdk.language: dotnet
	telemetry.sdk.version: 1.10.0
(2026-05-15T19:33:34.1216173Z, 2026-05-15T19:34:04.1290028Z] process.cpu.state: system DoubleSum
Value: 0.265625
Instrumentation scope (Meter):
	Name: OpenTelemetry.Instrumentation.Process
	Version: 1.10.0-beta.1
Resource associated with Metric:
	service.name: NatureProtector.Simulator.Host
	service.instance.id: bb16b3c1-3cfb-4565-80d7-da89879d6c3b
	telemetry.sdk.name: opentelemetry
	telemetry.sdk.language: dotnet
	telemetry.sdk.version: 1.10.0

Metric Name: process.cpu.count, Description: The number of processors (CPU cores) available to the current process., Unit: {processors}
(2026-05-15T19:33:34.1216365Z, 2026-05-15T19:34:04.1290034Z] LongSumNonMonotonic
Value: 16
Instrumentation scope (Meter):
	Name: OpenTelemetry.Instrumentation.Process
	Version: 1.10.0-beta.1
Resource associated with Metric:
	service.name: NatureProtector.Simulator.Host
	service.instance.id: bb16b3c1-3cfb-4565-80d7-da89879d6c3b
	telemetry.sdk.name: opentelemetry
	telemetry.sdk.language: dotnet
	telemetry.sdk.version: 1.10.0

Metric Name: process.thread.count, Description: Process threads count., Unit: {thread}
(2026-05-15T19:33:34.1216478Z, 2026-05-15T19:34:04.1290036Z] LongSumNonMonotonic
Value: 23
Instrumentation scope (Meter):
	Name: OpenTelemetry.Instrumentation.Process
	Version: 1.10.0-beta.1
Resource associated with Metric:
	service.name: NatureProtector.Simulator.Host
	service.instance.id: bb16b3c1-3cfb-4565-80d7-da89879d6c3b
	telemetry.sdk.name: opentelemetry
	telemetry.sdk.language: dotnet
	telemetry.sdk.version: 1.10.0

Metric Name: dotnet.gc.collections, Description: The number of garbage collections that have occurred since the process has started., Unit: {collection}
(2026-05-15T19:33:34.1216557Z, 2026-05-15T19:34:04.1290041Z] gc.heap.generation: gen2 LongSum
Value: 1
Instrumentation scope (Meter):
	Name: System.Runtime
Resource associated with Metric:
	service.name: NatureProtector.Simulator.Host
	service.instance.id: bb16b3c1-3cfb-4565-80d7-da89879d6c3b
	telemetry.sdk.name: opentelemetry
	telemetry.sdk.language: dotnet
	telemetry.sdk.version: 1.10.0
(2026-05-15T19:33:34.1216557Z, 2026-05-15T19:34:04.1290041Z] gc.heap.generation: gen1 LongSum
Value: 1
Instrumentation scope (Meter):
	Name: System.Runtime
Resource associated with Metric:
	service.name: NatureProtector.Simulator.Host
	service.instance.id: bb16b3c1-3cfb-4565-80d7-da89879d6c3b
	telemetry.sdk.name: opentelemetry
	telemetry.sdk.language: dotnet
	telemetry.sdk.version: 1.10.0
(2026-05-15T19:33:34.1216557Z, 2026-05-15T19:34:04.1290041Z] gc.heap.generation: gen0 LongSum
Value: 2
Instrumentation scope (Meter):
	Name: System.Runtime
Resource associated with Metric:
	service.name: NatureProtector.Simulator.Host
	service.instance.id: bb16b3c1-3cfb-4565-80d7-da89879d6c3b
	telemetry.sdk.name: opentelemetry
	telemetry.sdk.language: dotnet
	telemetry.sdk.version: 1.10.0

Metric Name: dotnet.process.memory.working_set, Description: The number of bytes of physical memory mapped to the process context., Unit: By
(2026-05-15T19:33:34.1216627Z, 2026-05-15T19:34:04.1290043Z] LongSumNonMonotonic
Value: 106520576
Instrumentation scope (Meter):
	Name: System.Runtime
Resource associated with Metric:
	service.name: NatureProtector.Simulator.Host
	service.instance.id: bb16b3c1-3cfb-4565-80d7-da89879d6c3b
	telemetry.sdk.name: opentelemetry
	telemetry.sdk.language: dotnet
	telemetry.sdk.version: 1.10.0

Metric Name: dotnet.gc.heap.total_allocated, Description: The approximate number of bytes allocated on the managed GC heap since the process has started. The returned value does not include any native allocations., Unit: By
(2026-05-15T19:33:34.1216715Z, 2026-05-15T19:34:04.1290047Z] LongSum
Value: 39485024
Instrumentation scope (Meter):
	Name: System.Runtime
Resource associated with Metric:
	service.name: NatureProtector.Simulator.Host
	service.instance.id: bb16b3c1-3cfb-4565-80d7-da89879d6c3b
	telemetry.sdk.name: opentelemetry
	telemetry.sdk.language: dotnet
	telemetry.sdk.version: 1.10.0

Metric Name: dotnet.gc.last_collection.memory.committed_size, Description: The amount of committed virtual memory in use by the .NET GC, as observed during the latest garbage collection., Unit: By
(2026-05-15T19:33:34.1216781Z, 2026-05-15T19:34:04.1290049Z] LongSumNonMonotonic
Value: 20717568
Instrumentation scope (Meter):
	Name: System.Runtime
Resource associated with Metric:
	service.name: NatureProtector.Simulator.Host
	service.instance.id: bb16b3c1-3cfb-4565-80d7-da89879d6c3b
	telemetry.sdk.name: opentelemetry
	telemetry.sdk.language: dotnet
	telemetry.sdk.version: 1.10.0

Metric Name: dotnet.gc.last_collection.heap.size, Description: The managed GC heap size (including fragmentation), as observed during the latest garbage collection., Unit: By
(2026-05-15T19:33:34.1216842Z, 2026-05-15T19:34:04.1290061Z] gc.heap.generation: gen0 LongSumNonMonotonic
Value: 156040
Instrumentation scope (Meter):
	Name: System.Runtime
Resource associated with Metric:
	service.name: NatureProtector.Simulator.Host
	service.instance.id: bb16b3c1-3cfb-4565-80d7-da89879d6c3b
	telemetry.sdk.name: opentelemetry
	telemetry.sdk.language: dotnet
	telemetry.sdk.version: 1.10.0
(2026-05-15T19:33:34.1216842Z, 2026-05-15T19:34:04.1290061Z] gc.heap.generation: gen1 LongSumNonMonotonic
Value: 4105768
Instrumentation scope (Meter):
	Name: System.Runtime
Resource associated with Metric:
	service.name: NatureProtector.Simulator.Host
	service.instance.id: bb16b3c1-3cfb-4565-80d7-da89879d6c3b
	telemetry.sdk.name: opentelemetry
	telemetry.sdk.language: dotnet
	telemetry.sdk.version: 1.10.0
(2026-05-15T19:33:34.1216842Z, 2026-05-15T19:34:04.1290061Z] gc.heap.generation: gen2 LongSumNonMonotonic
Value: 916296
Instrumentation scope (Meter):
	Name: System.Runtime
Resource associated with Metric:
	service.name: NatureProtector.Simulator.Host
	service.instance.id: bb16b3c1-3cfb-4565-80d7-da89879d6c3b
	telemetry.sdk.name: opentelemetry
	telemetry.sdk.language: dotnet
	telemetry.sdk.version: 1.10.0
(2026-05-15T19:33:34.1216842Z, 2026-05-15T19:34:04.1290061Z] gc.heap.generation: loh LongSumNonMonotonic
Value: 6986640
Instrumentation scope (Meter):
	Name: System.Runtime
Resource associated with Metric:
	service.name: NatureProtector.Simulator.Host
	service.instance.id: bb16b3c1-3cfb-4565-80d7-da89879d6c3b
	telemetry.sdk.name: opentelemetry
	telemetry.sdk.language: dotnet
	telemetry.sdk.version: 1.10.0
(2026-05-15T19:33:34.1216842Z, 2026-05-15T19:34:04.1290061Z] gc.heap.generation: poh LongSumNonMonotonic
Value: 58240
Instrumentation scope (Meter):
	Name: System.Runtime
Resource associated with Metric:
	service.name: NatureProtector.Simulator.Host
	service.instance.id: bb16b3c1-3cfb-4565-80d7-da89879d6c3b
	telemetry.sdk.name: opentelemetry
	telemetry.sdk.language: dotnet
	telemetry.sdk.version: 1.10.0

Metric Name: dotnet.gc.last_collection.heap.fragmentation.size, Description: The heap fragmentation, as observed during the latest garbage collection., Unit: By
(2026-05-15T19:33:34.1216929Z, 2026-05-15T19:34:04.1290064Z] gc.heap.generation: gen0 LongSumNonMonotonic
Value: 147656
Instrumentation scope (Meter):
	Name: System.Runtime
Resource associated with Metric:
	service.name: NatureProtector.Simulator.Host
	service.instance.id: bb16b3c1-3cfb-4565-80d7-da89879d6c3b
	telemetry.sdk.name: opentelemetry
	telemetry.sdk.language: dotnet
	telemetry.sdk.version: 1.10.0
(2026-05-15T19:33:34.1216929Z, 2026-05-15T19:34:04.1290064Z] gc.heap.generation: gen1 LongSumNonMonotonic
Value: 67944
Instrumentation scope (Meter):
	Name: System.Runtime
Resource associated with Metric:
	service.name: NatureProtector.Simulator.Host
	service.instance.id: bb16b3c1-3cfb-4565-80d7-da89879d6c3b
	telemetry.sdk.name: opentelemetry
	telemetry.sdk.language: dotnet
	telemetry.sdk.version: 1.10.0
(2026-05-15T19:33:34.1216929Z, 2026-05-15T19:34:04.1290064Z] gc.heap.generation: gen2 LongSumNonMonotonic
Value: 0
Instrumentation scope (Meter):
	Name: System.Runtime
Resource associated with Metric:
	service.name: NatureProtector.Simulator.Host
	service.instance.id: bb16b3c1-3cfb-4565-80d7-da89879d6c3b
	telemetry.sdk.name: opentelemetry
	telemetry.sdk.language: dotnet
	telemetry.sdk.version: 1.10.0
(2026-05-15T19:33:34.1216929Z, 2026-05-15T19:34:04.1290064Z] gc.heap.generation: loh LongSumNonMonotonic
Value: 1120
Instrumentation scope (Meter):
	Name: System.Runtime
Resource associated with Metric:
	service.name: NatureProtector.Simulator.Host
	service.instance.id: bb16b3c1-3cfb-4565-80d7-da89879d6c3b
	telemetry.sdk.name: opentelemetry
	telemetry.sdk.language: dotnet
	telemetry.sdk.version: 1.10.0
(2026-05-15T19:33:34.1216929Z, 2026-05-15T19:34:04.1290064Z] gc.heap.generation: poh LongSumNonMonotonic
Value: 0
Instrumentation scope (Meter):
	Name: System.Runtime
Resource associated with Metric:
	service.name: NatureProtector.Simulator.Host
	service.instance.id: bb16b3c1-3cfb-4565-80d7-da89879d6c3b
	telemetry.sdk.name: opentelemetry
	telemetry.sdk.language: dotnet
	telemetry.sdk.version: 1.10.0

Metric Name: dotnet.gc.pause.time, Description: The total amount of time paused in GC since the process has started., Unit: s
(2026-05-15T19:33:34.1223505Z, 2026-05-15T19:34:04.1290066Z] DoubleSum
Value: 0.021885
Instrumentation scope (Meter):
	Name: System.Runtime
Resource associated with Metric:
	service.name: NatureProtector.Simulator.Host
	service.instance.id: bb16b3c1-3cfb-4565-80d7-da89879d6c3b
	telemetry.sdk.name: opentelemetry
	telemetry.sdk.language: dotnet
	telemetry.sdk.version: 1.10.0

Metric Name: dotnet.jit.compiled_il.size, Description: Count of bytes of intermediate language that have been compiled since the process has started., Unit: By
(2026-05-15T19:33:34.1223612Z, 2026-05-15T19:34:04.1290068Z] LongSum
Value: 1126518
Instrumentation scope (Meter):
	Name: System.Runtime
Resource associated with Metric:
	service.name: NatureProtector.Simulator.Host
	service.instance.id: bb16b3c1-3cfb-4565-80d7-da89879d6c3b
	telemetry.sdk.name: opentelemetry
	telemetry.sdk.language: dotnet
	telemetry.sdk.version: 1.10.0

Metric Name: dotnet.jit.compiled_methods, Description: The number of times the JIT compiler (re)compiled methods since the process has started., Unit: {method}
(2026-05-15T19:33:34.1223677Z, 2026-05-15T19:34:04.1290071Z] LongSum
Value: 14594
Instrumentation scope (Meter):
	Name: System.Runtime
Resource associated with Metric:
	service.name: NatureProtector.Simulator.Host
	service.instance.id: bb16b3c1-3cfb-4565-80d7-da89879d6c3b
	telemetry.sdk.name: opentelemetry
	telemetry.sdk.language: dotnet
	telemetry.sdk.version: 1.10.0

Metric Name: dotnet.jit.compilation.time, Description: The number of times the JIT compiler (re)compiled methods since the process has started., Unit: s
(2026-05-15T19:33:34.1223770Z, 2026-05-15T19:34:04.1290073Z] DoubleSum
Value: 1.4874216
Instrumentation scope (Meter):
	Name: System.Runtime
Resource associated with Metric:
	service.name: NatureProtector.Simulator.Host
	service.instance.id: bb16b3c1-3cfb-4565-80d7-da89879d6c3b
	telemetry.sdk.name: opentelemetry
	telemetry.sdk.language: dotnet
	telemetry.sdk.version: 1.10.0

Metric Name: dotnet.monitor.lock_contentions, Description: The number of times there was contention when trying to acquire a monitor lock since the process has started., Unit: {contention}
(2026-05-15T19:33:34.1223859Z, 2026-05-15T19:34:04.1290074Z] LongSum
Value: 33
Instrumentation scope (Meter):
	Name: System.Runtime
Resource associated with Metric:
	service.name: NatureProtector.Simulator.Host
	service.instance.id: bb16b3c1-3cfb-4565-80d7-da89879d6c3b
	telemetry.sdk.name: opentelemetry
	telemetry.sdk.language: dotnet
	telemetry.sdk.version: 1.10.0

Metric Name: dotnet.thread_pool.thread.count, Description: The number of thread pool threads that currently exist., Unit: {thread}
(2026-05-15T19:33:34.1223933Z, 2026-05-15T19:34:04.1290076Z] LongSum
Value: 2
Instrumentation scope (Meter):
	Name: System.Runtime
Resource associated with Metric:
	service.name: NatureProtector.Simulator.Host
	service.instance.id: bb16b3c1-3cfb-4565-80d7-da89879d6c3b
	telemetry.sdk.name: opentelemetry
	telemetry.sdk.language: dotnet
	telemetry.sdk.version: 1.10.0

Metric Name: dotnet.thread_pool.work_item.count, Description: The number of work items that the thread pool has completed since the process has started., Unit: {work_item}
(2026-05-15T19:33:34.1223994Z, 2026-05-15T19:34:04.1290079Z] LongSum
Value: 103
Instrumentation scope (Meter):
	Name: System.Runtime
Resource associated with Metric:
	service.name: NatureProtector.Simulator.Host
	service.instance.id: bb16b3c1-3cfb-4565-80d7-da89879d6c3b
	telemetry.sdk.name: opentelemetry
	telemetry.sdk.language: dotnet
	telemetry.sdk.version: 1.10.0

Metric Name: dotnet.thread_pool.queue.length, Description: The number of work items that are currently queued to be processed by the thread pool., Unit: {work_item}
(2026-05-15T19:33:34.1224079Z, 2026-05-15T19:34:04.1290093Z] LongSum
Value: 0
Instrumentation scope (Meter):
	Name: System.Runtime
Resource associated with Metric:
	service.name: NatureProtector.Simulator.Host
	service.instance.id: bb16b3c1-3cfb-4565-80d7-da89879d6c3b
	telemetry.sdk.name: opentelemetry
	telemetry.sdk.language: dotnet
	telemetry.sdk.version: 1.10.0

Metric Name: dotnet.timer.count, Description: The number of timer instances that are currently active. An active timer is registered to tick at some point in the future and has not yet been canceled., Unit: {timer}
(2026-05-15T19:33:34.1224139Z, 2026-05-15T19:34:04.1290095Z] LongSumNonMonotonic
Value: 5
Instrumentation scope (Meter):
	Name: System.Runtime
Resource associated with Metric:
	service.name: NatureProtector.Simulator.Host
	service.instance.id: bb16b3c1-3cfb-4565-80d7-da89879d6c3b
	telemetry.sdk.name: opentelemetry
	telemetry.sdk.language: dotnet
	telemetry.sdk.version: 1.10.0

Metric Name: dotnet.assembly.count, Description: The number of .NET assemblies that are currently loaded., Unit: {assembly}
(2026-05-15T19:33:34.1224223Z, 2026-05-15T19:34:04.1290097Z] LongSumNonMonotonic
Value: 105
Instrumentation scope (Meter):
	Name: System.Runtime
Resource associated with Metric:
	service.name: NatureProtector.Simulator.Host
	service.instance.id: bb16b3c1-3cfb-4565-80d7-da89879d6c3b
	telemetry.sdk.name: opentelemetry
	telemetry.sdk.language: dotnet
	telemetry.sdk.version: 1.10.0

Metric Name: dotnet.process.cpu.count, Description: The number of processors available to the process., Unit: {cpu}
(2026-05-15T19:33:34.1259575Z, 2026-05-15T19:34:04.1290102Z] LongSumNonMonotonic
Value: 16
Instrumentation scope (Meter):
	Name: System.Runtime
Resource associated with Metric:
	service.name: NatureProtector.Simulator.Host
	service.instance.id: bb16b3c1-3cfb-4565-80d7-da89879d6c3b
	telemetry.sdk.name: opentelemetry
	telemetry.sdk.language: dotnet
	telemetry.sdk.version: 1.10.0

Metric Name: dotnet.process.cpu.time, Description: CPU time used by the process., Unit: s
(2026-05-15T19:33:34.1259807Z, 2026-05-15T19:34:04.1290106Z] cpu.mode: user DoubleSum
Value: 2.03125
Instrumentation scope (Meter):
	Name: System.Runtime
Resource associated with Metric:
	service.name: NatureProtector.Simulator.Host
	service.instance.id: bb16b3c1-3cfb-4565-80d7-da89879d6c3b
	telemetry.sdk.name: opentelemetry
	telemetry.sdk.language: dotnet
	telemetry.sdk.version: 1.10.0
(2026-05-15T19:33:34.1259807Z, 2026-05-15T19:34:04.1290106Z] cpu.mode: system DoubleSum
Value: 0.265625
Instrumentation scope (Meter):
	Name: System.Runtime
Resource associated with Metric:
	service.name: NatureProtector.Simulator.Host
	service.instance.id: bb16b3c1-3cfb-4565-80d7-da89879d6c3b
	telemetry.sdk.name: opentelemetry
	telemetry.sdk.language: dotnet
	telemetry.sdk.version: 1.10.0

Metric Name: natureprotector.simulator.context.creations
(2026-05-15T19:33:34.1402472Z, 2026-05-15T19:34:04.1290111Z] LongSum
Value: 1
Instrumentation scope (Meter):
	Name: NatureProtector.Simulator.Host
Resource associated with Metric:
	service.name: NatureProtector.Simulator.Host
	service.instance.id: bb16b3c1-3cfb-4565-80d7-da89879d6c3b
	telemetry.sdk.name: opentelemetry
	telemetry.sdk.language: dotnet
	telemetry.sdk.version: 1.10.0

Metric Name: natureprotector.simulator.context.creation.duration, Unit: ms
(2026-05-15T19:33:34.1406933Z, 2026-05-15T19:34:04.1290119Z] Histogram
Value: Sum: 1237,8026 Count: 1 Min: 1237,8026 Max: 1237,8026 
(-Infinity,0]:0
(0,5]:0
(5,10]:0
(10,25]:0
(25,50]:0
(50,75]:0
(75,100]:0
(100,250]:0
(250,500]:0
(500,750]:0
(750,1000]:0
(1000,2500]:1
(2500,5000]:0
(5000,7500]:0
(7500,10000]:0
(10000,+Infinity]:0

Instrumentation scope (Meter):
	Name: NatureProtector.Simulator.Host
Resource associated with Metric:
	service.name: NatureProtector.Simulator.Host
	service.instance.id: bb16b3c1-3cfb-4565-80d7-da89879d6c3b
	telemetry.sdk.name: opentelemetry
	telemetry.sdk.language: dotnet
	telemetry.sdk.version: 1.10.0

Metric Name: natureprotector.simulator.runs
(2026-05-15T19:33:34.1407131Z, 2026-05-15T19:34:04.1290126Z] np.outcome: started LongSum
Value: 1
Instrumentation scope (Meter):
	Name: NatureProtector.Simulator.Host
Resource associated with Metric:
	service.name: NatureProtector.Simulator.Host
	service.instance.id: bb16b3c1-3cfb-4565-80d7-da89879d6c3b
	telemetry.sdk.name: opentelemetry
	telemetry.sdk.language: dotnet
	telemetry.sdk.version: 1.10.0
(2026-05-15T19:33:34.1407131Z, 2026-05-15T19:34:04.1290126Z] np.outcome: completed LongSum
Value: 1
Instrumentation scope (Meter):
	Name: NatureProtector.Simulator.Host
Resource associated with Metric:
	service.name: NatureProtector.Simulator.Host
	service.instance.id: bb16b3c1-3cfb-4565-80d7-da89879d6c3b
	telemetry.sdk.name: opentelemetry
	telemetry.sdk.language: dotnet
	telemetry.sdk.version: 1.10.0

Metric Name: natureprotector.simulator.run.duration, Unit: ms
(2026-05-15T19:33:34.1407231Z, 2026-05-15T19:34:04.1290133Z] np.outcome: completed Histogram
Value: Sum: 21764,3145 Count: 1 Min: 21764,3145 Max: 21764,3145 
(-Infinity,0]:0
(0,5]:0
(5,10]:0
(10,25]:0
(25,50]:0
(50,75]:0
(75,100]:0
(100,250]:0
(250,500]:0
(500,750]:0
(750,1000]:0
(1000,2500]:0
(2500,5000]:0
(5000,7500]:0
(7500,10000]:0
(10000,+Infinity]:1

Instrumentation scope (Meter):
	Name: NatureProtector.Simulator.Host
Resource associated with Metric:
	service.name: NatureProtector.Simulator.Host
	service.instance.id: bb16b3c1-3cfb-4565-80d7-da89879d6c3b
	telemetry.sdk.name: opentelemetry
	telemetry.sdk.language: dotnet
	telemetry.sdk.version: 1.10.0

Metric Name: natureprotector.simulator.publish.messages
(2026-05-15T19:33:34.1407299Z, 2026-05-15T19:34:04.1290138Z] LongSum
Value: 30
Instrumentation scope (Meter):
	Name: NatureProtector.Simulator.Host
Resource associated with Metric:
	service.name: NatureProtector.Simulator.Host
	service.instance.id: bb16b3c1-3cfb-4565-80d7-da89879d6c3b
	telemetry.sdk.name: opentelemetry
	telemetry.sdk.language: dotnet
	telemetry.sdk.version: 1.10.0

Metric Name: natureprotector.simulator.publish.batch.size
(2026-05-15T19:33:34.1411579Z, 2026-05-15T19:34:04.1290164Z] Histogram
Value: Sum: 30 Count: 5 Min: 6 Max: 6 
(-Infinity,0]:0
(0,5]:0
(5,10]:5
(10,25]:0
(25,50]:0
(50,75]:0
(75,100]:0
(100,250]:0
(250,500]:0
(500,750]:0
(750,1000]:0
(1000,2500]:0
(2500,5000]:0
(5000,7500]:0
(7500,10000]:0
(10000,+Infinity]:0

Instrumentation scope (Meter):
	Name: NatureProtector.Simulator.Host
Resource associated with Metric:
	service.name: NatureProtector.Simulator.Host
	service.instance.id: bb16b3c1-3cfb-4565-80d7-da89879d6c3b
	telemetry.sdk.name: opentelemetry
	telemetry.sdk.language: dotnet
	telemetry.sdk.version: 1.10.0

Metric Name: natureprotector.simulator.publish.duration, Unit: ms
(2026-05-15T19:33:34.1411747Z, 2026-05-15T19:34:04.1290184Z] Histogram
Value: Sum: 368,4914 Count: 35 Min: 0,0686 Max: 130,9608 
(-Infinity,0]:0
(0,5]:29
(5,10]:0
(10,25]:0
(25,50]:4
(50,75]:0
(75,100]:0
(100,250]:2
(250,500]:0
(500,750]:0
(750,1000]:0
(1000,2500]:0
(2500,5000]:0
(5000,7500]:0
(7500,10000]:0
(10000,+Infinity]:0

Instrumentation scope (Meter):
	Name: NatureProtector.Simulator.Host
Resource associated with Metric:
	service.name: NatureProtector.Simulator.Host
	service.instance.id: bb16b3c1-3cfb-4565-80d7-da89879d6c3b
	telemetry.sdk.name: opentelemetry
	telemetry.sdk.language: dotnet
	telemetry.sdk.version: 1.10.0

Metric Name: dns.lookup.duration, Description: Measures the time taken to perform a DNS lookup., Unit: s
(2026-05-15T19:33:35.0713776Z, 2026-05-15T19:34:04.1290197Z] dns.question.name: localhost Histogram
Value: Sum: 0,007422300000000001 Count: 2 Min: 0,0004333 Max: 0,006989 
(-Infinity,0,005]:1
(0,005,0,01]:1
(0,01,0,025]:0
(0,025,0,05]:0
(0,05,0,075]:0
(0,075,0,1]:0
(0,1,0,25]:0
(0,25,0,5]:0
(0,5,0,75]:0
(0,75,1]:0
(1,2,5]:0
(2,5,5]:0
(5,7,5]:0
(7,5,10]:0
(10,+Infinity]:0

Instrumentation scope (Meter):
	Name: System.Net.NameResolution
Resource associated with Metric:
	service.name: NatureProtector.Simulator.Host
	service.instance.id: bb16b3c1-3cfb-4565-80d7-da89879d6c3b
	telemetry.sdk.name: opentelemetry
	telemetry.sdk.language: dotnet
	telemetry.sdk.version: 1.10.0

Metric Name: process.memory.usage, Description: The amount of physical memory in use., Unit: By
(2026-05-15T19:33:34.1204994Z, 2026-05-15T19:34:14.1299940Z] LongSumNonMonotonic
Value: 107118592
Instrumentation scope (Meter):
	Name: OpenTelemetry.Instrumentation.Process
	Version: 1.10.0-beta.1
Resource associated with Metric:
	service.name: NatureProtector.Simulator.Host
	service.instance.id: bb16b3c1-3cfb-4565-80d7-da89879d6c3b
	telemetry.sdk.name: opentelemetry
	telemetry.sdk.language: dotnet
	telemetry.sdk.version: 1.10.0

Metric Name: process.memory.virtual, Description: The amount of committed virtual memory., Unit: By
(2026-05-15T19:33:34.1214436Z, 2026-05-15T19:34:14.1299946Z] LongSumNonMonotonic
Value: 2481009246208
Instrumentation scope (Meter):
	Name: OpenTelemetry.Instrumentation.Process
	Version: 1.10.0-beta.1
Resource associated with Metric:
	service.name: NatureProtector.Simulator.Host
	service.instance.id: bb16b3c1-3cfb-4565-80d7-da89879d6c3b
	telemetry.sdk.name: opentelemetry
	telemetry.sdk.language: dotnet
	telemetry.sdk.version: 1.10.0

Metric Name: process.cpu.time, Description: Total CPU seconds broken down by different states., Unit: s
(2026-05-15T19:33:34.1216173Z, 2026-05-15T19:34:14.1299951Z] process.cpu.state: user DoubleSum
Value: 2.046875
Instrumentation scope (Meter):
	Name: OpenTelemetry.Instrumentation.Process
	Version: 1.10.0-beta.1
Resource associated with Metric:
	service.name: NatureProtector.Simulator.Host
	service.instance.id: bb16b3c1-3cfb-4565-80d7-da89879d6c3b
	telemetry.sdk.name: opentelemetry
	telemetry.sdk.language: dotnet
	telemetry.sdk.version: 1.10.0
(2026-05-15T19:33:34.1216173Z, 2026-05-15T19:34:14.1299951Z] process.cpu.state: system DoubleSum
Value: 0.28125
Instrumentation scope (Meter):
	Name: OpenTelemetry.Instrumentation.Process
	Version: 1.10.0-beta.1
Resource associated with Metric:
	service.name: NatureProtector.Simulator.Host
	service.instance.id: bb16b3c1-3cfb-4565-80d7-da89879d6c3b
	telemetry.sdk.name: opentelemetry
	telemetry.sdk.language: dotnet
	telemetry.sdk.version: 1.10.0

Metric Name: process.cpu.count, Description: The number of processors (CPU cores) available to the current process., Unit: {processors}
(2026-05-15T19:33:34.1216365Z, 2026-05-15T19:34:14.1299955Z] LongSumNonMonotonic
Value: 16
Instrumentation scope (Meter):
	Name: OpenTelemetry.Instrumentation.Process
	Version: 1.10.0-beta.1
Resource associated with Metric:
	service.name: NatureProtector.Simulator.Host
	service.instance.id: bb16b3c1-3cfb-4565-80d7-da89879d6c3b
	telemetry.sdk.name: opentelemetry
	telemetry.sdk.language: dotnet
	telemetry.sdk.version: 1.10.0

Metric Name: process.thread.count, Description: Process threads count., Unit: {thread}
(2026-05-15T19:33:34.1216478Z, 2026-05-15T19:34:14.1299957Z] LongSumNonMonotonic
Value: 23
Instrumentation scope (Meter):
	Name: OpenTelemetry.Instrumentation.Process
	Version: 1.10.0-beta.1
Resource associated with Metric:
	service.name: NatureProtector.Simulator.Host
	service.instance.id: bb16b3c1-3cfb-4565-80d7-da89879d6c3b
	telemetry.sdk.name: opentelemetry
	telemetry.sdk.language: dotnet
	telemetry.sdk.version: 1.10.0

Metric Name: dotnet.gc.collections, Description: The number of garbage collections that have occurred since the process has started., Unit: {collection}
(2026-05-15T19:33:34.1216557Z, 2026-05-15T19:34:14.1299959Z] gc.heap.generation: gen2 LongSum
Value: 1
Instrumentation scope (Meter):
	Name: System.Runtime
Resource associated with Metric:
	service.name: NatureProtector.Simulator.Host
	service.instance.id: bb16b3c1-3cfb-4565-80d7-da89879d6c3b
	telemetry.sdk.name: opentelemetry
	telemetry.sdk.language: dotnet
	telemetry.sdk.version: 1.10.0
(2026-05-15T19:33:34.1216557Z, 2026-05-15T19:34:14.1299959Z] gc.heap.generation: gen1 LongSum
Value: 1
Instrumentation scope (Meter):
	Name: System.Runtime
Resource associated with Metric:
	service.name: NatureProtector.Simulator.Host
	service.instance.id: bb16b3c1-3cfb-4565-80d7-da89879d6c3b
	telemetry.sdk.name: opentelemetry
	telemetry.sdk.language: dotnet
	telemetry.sdk.version: 1.10.0
(2026-05-15T19:33:34.1216557Z, 2026-05-15T19:34:14.1299959Z] gc.heap.generation: gen0 LongSum
Value: 2
Instrumentation scope (Meter):
	Name: System.Runtime
Resource associated with Metric:
	service.name: NatureProtector.Simulator.Host
	service.instance.id: bb16b3c1-3cfb-4565-80d7-da89879d6c3b
	telemetry.sdk.name: opentelemetry
	telemetry.sdk.language: dotnet
	telemetry.sdk.version: 1.10.0

Metric Name: dotnet.process.memory.working_set, Description: The number of bytes of physical memory mapped to the process context., Unit: By
(2026-05-15T19:33:34.1216627Z, 2026-05-15T19:34:14.1299961Z] LongSumNonMonotonic
Value: 106401792
Instrumentation scope (Meter):
	Name: System.Runtime
Resource associated with Metric:
	service.name: NatureProtector.Simulator.Host
	service.instance.id: bb16b3c1-3cfb-4565-80d7-da89879d6c3b
	telemetry.sdk.name: opentelemetry
	telemetry.sdk.language: dotnet
	telemetry.sdk.version: 1.10.0

Metric Name: dotnet.gc.heap.total_allocated, Description: The approximate number of bytes allocated on the managed GC heap since the process has started. The returned value does not include any native allocations., Unit: By
(2026-05-15T19:33:34.1216715Z, 2026-05-15T19:34:14.1299963Z] LongSum
Value: 39649024
Instrumentation scope (Meter):
	Name: System.Runtime
Resource associated with Metric:
	service.name: NatureProtector.Simulator.Host
	service.instance.id: bb16b3c1-3cfb-4565-80d7-da89879d6c3b
	telemetry.sdk.name: opentelemetry
	telemetry.sdk.language: dotnet
	telemetry.sdk.version: 1.10.0

Metric Name: dotnet.gc.last_collection.memory.committed_size, Description: The amount of committed virtual memory in use by the .NET GC, as observed during the latest garbage collection., Unit: By
(2026-05-15T19:33:34.1216781Z, 2026-05-15T19:34:14.1299965Z] LongSumNonMonotonic
Value: 20717568
Instrumentation scope (Meter):
	Name: System.Runtime
Resource associated with Metric:
	service.name: NatureProtector.Simulator.Host
	service.instance.id: bb16b3c1-3cfb-4565-80d7-da89879d6c3b
	telemetry.sdk.name: opentelemetry
	telemetry.sdk.language: dotnet
	telemetry.sdk.version: 1.10.0

Metric Name: dotnet.gc.last_collection.heap.size, Description: The managed GC heap size (including fragmentation), as observed during the latest garbage collection., Unit: By
(2026-05-15T19:33:34.1216842Z, 2026-05-15T19:34:14.1299967Z] gc.heap.generation: gen0 LongSumNonMonotonic
Value: 156040
Instrumentation scope (Meter):
	Name: System.Runtime
Resource associated with Metric:
	service.name: NatureProtector.Simulator.Host
	service.instance.id: bb16b3c1-3cfb-4565-80d7-da89879d6c3b
	telemetry.sdk.name: opentelemetry
	telemetry.sdk.language: dotnet
	telemetry.sdk.version: 1.10.0
(2026-05-15T19:33:34.1216842Z, 2026-05-15T19:34:14.1299967Z] gc.heap.generation: gen1 LongSumNonMonotonic
Value: 4105768
Instrumentation scope (Meter):
	Name: System.Runtime
Resource associated with Metric:
	service.name: NatureProtector.Simulator.Host
	service.instance.id: bb16b3c1-3cfb-4565-80d7-da89879d6c3b
	telemetry.sdk.name: opentelemetry
	telemetry.sdk.language: dotnet
	telemetry.sdk.version: 1.10.0
(2026-05-15T19:33:34.1216842Z, 2026-05-15T19:34:14.1299967Z] gc.heap.generation: gen2 LongSumNonMonotonic
Value: 916296
Instrumentation scope (Meter):
	Name: System.Runtime
Resource associated with Metric:
	service.name: NatureProtector.Simulator.Host
	service.instance.id: bb16b3c1-3cfb-4565-80d7-da89879d6c3b
	telemetry.sdk.name: opentelemetry
	telemetry.sdk.language: dotnet
	telemetry.sdk.version: 1.10.0
(2026-05-15T19:33:34.1216842Z, 2026-05-15T19:34:14.1299967Z] gc.heap.generation: loh LongSumNonMonotonic
Value: 6986640
Instrumentation scope (Meter):
	Name: System.Runtime
Resource associated with Metric:
	service.name: NatureProtector.Simulator.Host
	service.instance.id: bb16b3c1-3cfb-4565-80d7-da89879d6c3b
	telemetry.sdk.name: opentelemetry
	telemetry.sdk.language: dotnet
	telemetry.sdk.version: 1.10.0
(2026-05-15T19:33:34.1216842Z, 2026-05-15T19:34:14.1299967Z] gc.heap.generation: poh LongSumNonMonotonic
Value: 58240
Instrumentation scope (Meter):
	Name: System.Runtime
Resource associated with Metric:
	service.name: NatureProtector.Simulator.Host
	service.instance.id: bb16b3c1-3cfb-4565-80d7-da89879d6c3b
	telemetry.sdk.name: opentelemetry
	telemetry.sdk.language: dotnet
	telemetry.sdk.version: 1.10.0

Metric Name: dotnet.gc.last_collection.heap.fragmentation.size, Description: The heap fragmentation, as observed during the latest garbage collection., Unit: By
(2026-05-15T19:33:34.1216929Z, 2026-05-15T19:34:14.1299968Z] gc.heap.generation: gen0 LongSumNonMonotonic
Value: 147656
Instrumentation scope (Meter):
	Name: System.Runtime
Resource associated with Metric:
	service.name: NatureProtector.Simulator.Host
	service.instance.id: bb16b3c1-3cfb-4565-80d7-da89879d6c3b
	telemetry.sdk.name: opentelemetry
	telemetry.sdk.language: dotnet
	telemetry.sdk.version: 1.10.0
(2026-05-15T19:33:34.1216929Z, 2026-05-15T19:34:14.1299968Z] gc.heap.generation: gen1 LongSumNonMonotonic
Value: 67944
Instrumentation scope (Meter):
	Name: System.Runtime
Resource associated with Metric:
	service.name: NatureProtector.Simulator.Host
	service.instance.id: bb16b3c1-3cfb-4565-80d7-da89879d6c3b
	telemetry.sdk.name: opentelemetry
	telemetry.sdk.language: dotnet
	telemetry.sdk.version: 1.10.0
(2026-05-15T19:33:34.1216929Z, 2026-05-15T19:34:14.1299968Z] gc.heap.generation: gen2 LongSumNonMonotonic
Value: 0
Instrumentation scope (Meter):
	Name: System.Runtime
Resource associated with Metric:
	service.name: NatureProtector.Simulator.Host
	service.instance.id: bb16b3c1-3cfb-4565-80d7-da89879d6c3b
	telemetry.sdk.name: opentelemetry
	telemetry.sdk.language: dotnet
	telemetry.sdk.version: 1.10.0
(2026-05-15T19:33:34.1216929Z, 2026-05-15T19:34:14.1299968Z] gc.heap.generation: loh LongSumNonMonotonic
Value: 1120
Instrumentation scope (Meter):
	Name: System.Runtime
Resource associated with Metric:
	service.name: NatureProtector.Simulator.Host
	service.instance.id: bb16b3c1-3cfb-4565-80d7-da89879d6c3b
	telemetry.sdk.name: opentelemetry
	telemetry.sdk.language: dotnet
	telemetry.sdk.version: 1.10.0
(2026-05-15T19:33:34.1216929Z, 2026-05-15T19:34:14.1299968Z] gc.heap.generation: poh LongSumNonMonotonic
Value: 0
Instrumentation scope (Meter):
	Name: System.Runtime
Resource associated with Metric:
	service.name: NatureProtector.Simulator.Host
	service.instance.id: bb16b3c1-3cfb-4565-80d7-da89879d6c3b
	telemetry.sdk.name: opentelemetry
	telemetry.sdk.language: dotnet
	telemetry.sdk.version: 1.10.0

Metric Name: dotnet.gc.pause.time, Description: The total amount of time paused in GC since the process has started., Unit: s
(2026-05-15T19:33:34.1223505Z, 2026-05-15T19:34:14.1299970Z] DoubleSum
Value: 0.021885
Instrumentation scope (Meter):
	Name: System.Runtime
Resource associated with Metric:
	service.name: NatureProtector.Simulator.Host
	service.instance.id: bb16b3c1-3cfb-4565-80d7-da89879d6c3b
	telemetry.sdk.name: opentelemetry
	telemetry.sdk.language: dotnet
	telemetry.sdk.version: 1.10.0

Metric Name: dotnet.jit.compiled_il.size, Description: Count of bytes of intermediate language that have been compiled since the process has started., Unit: By
(2026-05-15T19:33:34.1223612Z, 2026-05-15T19:34:14.1299971Z] LongSum
Value: 1131350
Instrumentation scope (Meter):
	Name: System.Runtime
Resource associated with Metric:
	service.name: NatureProtector.Simulator.Host
	service.instance.id: bb16b3c1-3cfb-4565-80d7-da89879d6c3b
	telemetry.sdk.name: opentelemetry
	telemetry.sdk.language: dotnet
	telemetry.sdk.version: 1.10.0

Metric Name: dotnet.jit.compiled_methods, Description: The number of times the JIT compiler (re)compiled methods since the process has started., Unit: {method}
(2026-05-15T19:33:34.1223677Z, 2026-05-15T19:34:14.1299973Z] LongSum
Value: 14682
Instrumentation scope (Meter):
	Name: System.Runtime
Resource associated with Metric:
	service.name: NatureProtector.Simulator.Host
	service.instance.id: bb16b3c1-3cfb-4565-80d7-da89879d6c3b
	telemetry.sdk.name: opentelemetry
	telemetry.sdk.language: dotnet
	telemetry.sdk.version: 1.10.0

Metric Name: dotnet.jit.compilation.time, Description: The number of times the JIT compiler (re)compiled methods since the process has started., Unit: s
(2026-05-15T19:33:34.1223770Z, 2026-05-15T19:34:14.1299975Z] DoubleSum
Value: 1.5034027
Instrumentation scope (Meter):
	Name: System.Runtime
Resource associated with Metric:
	service.name: NatureProtector.Simulator.Host
	service.instance.id: bb16b3c1-3cfb-4565-80d7-da89879d6c3b
	telemetry.sdk.name: opentelemetry
	telemetry.sdk.language: dotnet
	telemetry.sdk.version: 1.10.0

Metric Name: dotnet.monitor.lock_contentions, Description: The number of times there was contention when trying to acquire a monitor lock since the process has started., Unit: {contention}
(2026-05-15T19:33:34.1223859Z, 2026-05-15T19:34:14.1299976Z] LongSum
Value: 33
Instrumentation scope (Meter):
	Name: System.Runtime
Resource associated with Metric:
	service.name: NatureProtector.Simulator.Host
	service.instance.id: bb16b3c1-3cfb-4565-80d7-da89879d6c3b
	telemetry.sdk.name: opentelemetry
	telemetry.sdk.language: dotnet
	telemetry.sdk.version: 1.10.0

Metric Name: dotnet.thread_pool.thread.count, Description: The number of thread pool threads that currently exist., Unit: {thread}
(2026-05-15T19:33:34.1223933Z, 2026-05-15T19:34:14.1299976Z] LongSum
Value: 2
Instrumentation scope (Meter):
	Name: System.Runtime
Resource associated with Metric:
	service.name: NatureProtector.Simulator.Host
	service.instance.id: bb16b3c1-3cfb-4565-80d7-da89879d6c3b
	telemetry.sdk.name: opentelemetry
	telemetry.sdk.language: dotnet
	telemetry.sdk.version: 1.10.0

Metric Name: dotnet.thread_pool.work_item.count, Description: The number of work items that the thread pool has completed since the process has started., Unit: {work_item}
(2026-05-15T19:33:34.1223994Z, 2026-05-15T19:34:14.1299978Z] LongSum
Value: 109
Instrumentation scope (Meter):
	Name: System.Runtime
Resource associated with Metric:
	service.name: NatureProtector.Simulator.Host
	service.instance.id: bb16b3c1-3cfb-4565-80d7-da89879d6c3b
	telemetry.sdk.name: opentelemetry
	telemetry.sdk.language: dotnet
	telemetry.sdk.version: 1.10.0

Metric Name: dotnet.thread_pool.queue.length, Description: The number of work items that are currently queued to be processed by the thread pool., Unit: {work_item}
(2026-05-15T19:33:34.1224079Z, 2026-05-15T19:34:14.1299980Z] LongSum
Value: 0
Instrumentation scope (Meter):
	Name: System.Runtime
Resource associated with Metric:
	service.name: NatureProtector.Simulator.Host
	service.instance.id: bb16b3c1-3cfb-4565-80d7-da89879d6c3b
	telemetry.sdk.name: opentelemetry
	telemetry.sdk.language: dotnet
	telemetry.sdk.version: 1.10.0

Metric Name: dotnet.timer.count, Description: The number of timer instances that are currently active. An active timer is registered to tick at some point in the future and has not yet been canceled., Unit: {timer}
(2026-05-15T19:33:34.1224139Z, 2026-05-15T19:34:14.1299987Z] LongSumNonMonotonic
Value: 4
Instrumentation scope (Meter):
	Name: System.Runtime
Resource associated with Metric:
	service.name: NatureProtector.Simulator.Host
	service.instance.id: bb16b3c1-3cfb-4565-80d7-da89879d6c3b
	telemetry.sdk.name: opentelemetry
	telemetry.sdk.language: dotnet
	telemetry.sdk.version: 1.10.0

Metric Name: dotnet.assembly.count, Description: The number of .NET assemblies that are currently loaded., Unit: {assembly}
(2026-05-15T19:33:34.1224223Z, 2026-05-15T19:34:14.1299988Z] LongSumNonMonotonic
Value: 105
Instrumentation scope (Meter):
	Name: System.Runtime
Resource associated with Metric:
	service.name: NatureProtector.Simulator.Host
	service.instance.id: bb16b3c1-3cfb-4565-80d7-da89879d6c3b
	telemetry.sdk.name: opentelemetry
	telemetry.sdk.language: dotnet
	telemetry.sdk.version: 1.10.0

Metric Name: dotnet.process.cpu.count, Description: The number of processors available to the process., Unit: {cpu}
(2026-05-15T19:33:34.1259575Z, 2026-05-15T19:34:14.1299993Z] LongSumNonMonotonic
Value: 16
Instrumentation scope (Meter):
	Name: System.Runtime
Resource associated with Metric:
	service.name: NatureProtector.Simulator.Host
	service.instance.id: bb16b3c1-3cfb-4565-80d7-da89879d6c3b
	telemetry.sdk.name: opentelemetry
	telemetry.sdk.language: dotnet
	telemetry.sdk.version: 1.10.0

Metric Name: dotnet.process.cpu.time, Description: CPU time used by the process., Unit: s
(2026-05-15T19:33:34.1259807Z, 2026-05-15T19:34:14.1299995Z] cpu.mode: user DoubleSum
Value: 2.046875
Instrumentation scope (Meter):
	Name: System.Runtime
Resource associated with Metric:
	service.name: NatureProtector.Simulator.Host
	service.instance.id: bb16b3c1-3cfb-4565-80d7-da89879d6c3b
	telemetry.sdk.name: opentelemetry
	telemetry.sdk.language: dotnet
	telemetry.sdk.version: 1.10.0
(2026-05-15T19:33:34.1259807Z, 2026-05-15T19:34:14.1299995Z] cpu.mode: system DoubleSum
Value: 0.28125
Instrumentation scope (Meter):
	Name: System.Runtime
Resource associated with Metric:
	service.name: NatureProtector.Simulator.Host
	service.instance.id: bb16b3c1-3cfb-4565-80d7-da89879d6c3b
	telemetry.sdk.name: opentelemetry
	telemetry.sdk.language: dotnet
	telemetry.sdk.version: 1.10.0

Metric Name: natureprotector.simulator.context.creations
(2026-05-15T19:33:34.1402472Z, 2026-05-15T19:34:14.1299998Z] LongSum
Value: 1
Instrumentation scope (Meter):
	Name: NatureProtector.Simulator.Host
Resource associated with Metric:
	service.name: NatureProtector.Simulator.Host
	service.instance.id: bb16b3c1-3cfb-4565-80d7-da89879d6c3b
	telemetry.sdk.name: opentelemetry
	telemetry.sdk.language: dotnet
	telemetry.sdk.version: 1.10.0

Metric Name: natureprotector.simulator.context.creation.duration, Unit: ms
(2026-05-15T19:33:34.1406933Z, 2026-05-15T19:34:14.1300005Z] Histogram
Value: Sum: 1237,8026 Count: 1 Min: 1237,8026 Max: 1237,8026 
(-Infinity,0]:0
(0,5]:0
(5,10]:0
(10,25]:0
(25,50]:0
(50,75]:0
(75,100]:0
(100,250]:0
(250,500]:0
(500,750]:0
(750,1000]:0
(1000,2500]:1
(2500,5000]:0
(5000,7500]:0
(7500,10000]:0
(10000,+Infinity]:0

Instrumentation scope (Meter):
	Name: NatureProtector.Simulator.Host
Resource associated with Metric:
	service.name: NatureProtector.Simulator.Host
	service.instance.id: bb16b3c1-3cfb-4565-80d7-da89879d6c3b
	telemetry.sdk.name: opentelemetry
	telemetry.sdk.language: dotnet
	telemetry.sdk.version: 1.10.0

Metric Name: natureprotector.simulator.runs
(2026-05-15T19:33:34.1407131Z, 2026-05-15T19:34:14.1300008Z] np.outcome: started LongSum
Value: 1
Instrumentation scope (Meter):
	Name: NatureProtector.Simulator.Host
Resource associated with Metric:
	service.name: NatureProtector.Simulator.Host
	service.instance.id: bb16b3c1-3cfb-4565-80d7-da89879d6c3b
	telemetry.sdk.name: opentelemetry
	telemetry.sdk.language: dotnet
	telemetry.sdk.version: 1.10.0
(2026-05-15T19:33:34.1407131Z, 2026-05-15T19:34:14.1300008Z] np.outcome: completed LongSum
Value: 1
Instrumentation scope (Meter):
	Name: NatureProtector.Simulator.Host
Resource associated with Metric:
	service.name: NatureProtector.Simulator.Host
	service.instance.id: bb16b3c1-3cfb-4565-80d7-da89879d6c3b
	telemetry.sdk.name: opentelemetry
	telemetry.sdk.language: dotnet
	telemetry.sdk.version: 1.10.0

Metric Name: natureprotector.simulator.run.duration, Unit: ms
(2026-05-15T19:33:34.1407231Z, 2026-05-15T19:34:14.1300015Z] np.outcome: completed Histogram
Value: Sum: 21764,3145 Count: 1 Min: 21764,3145 Max: 21764,3145 
(-Infinity,0]:0
(0,5]:0
(5,10]:0
(10,25]:0
(25,50]:0
(50,75]:0
(75,100]:0
(100,250]:0
(250,500]:0
(500,750]:0
(750,1000]:0
(1000,2500]:0
(2500,5000]:0
(5000,7500]:0
(7500,10000]:0
(10000,+Infinity]:1

Instrumentation scope (Meter):
	Name: NatureProtector.Simulator.Host
Resource associated with Metric:
	service.name: NatureProtector.Simulator.Host
	service.instance.id: bb16b3c1-3cfb-4565-80d7-da89879d6c3b
	telemetry.sdk.name: opentelemetry
	telemetry.sdk.language: dotnet
	telemetry.sdk.version: 1.10.0

Metric Name: natureprotector.simulator.publish.messages
(2026-05-15T19:33:34.1407299Z, 2026-05-15T19:34:14.1300017Z] LongSum
Value: 30
Instrumentation scope (Meter):
	Name: NatureProtector.Simulator.Host
Resource associated with Metric:
	service.name: NatureProtector.Simulator.Host
	service.instance.id: bb16b3c1-3cfb-4565-80d7-da89879d6c3b
	telemetry.sdk.name: opentelemetry
	telemetry.sdk.language: dotnet
	telemetry.sdk.version: 1.10.0

Metric Name: natureprotector.simulator.publish.batch.size
(2026-05-15T19:33:34.1411579Z, 2026-05-15T19:34:14.1300022Z] Histogram
Value: Sum: 30 Count: 5 Min: 6 Max: 6 
(-Infinity,0]:0
(0,5]:0
(5,10]:5
(10,25]:0
(25,50]:0
(50,75]:0
(75,100]:0
(100,250]:0
(250,500]:0
(500,750]:0
(750,1000]:0
(1000,2500]:0
(2500,5000]:0
(5000,7500]:0
(7500,10000]:0
(10000,+Infinity]:0

Instrumentation scope (Meter):
	Name: NatureProtector.Simulator.Host
Resource associated with Metric:
	service.name: NatureProtector.Simulator.Host
	service.instance.id: bb16b3c1-3cfb-4565-80d7-da89879d6c3b
	telemetry.sdk.name: opentelemetry
	telemetry.sdk.language: dotnet
	telemetry.sdk.version: 1.10.0

Metric Name: natureprotector.simulator.publish.duration, Unit: ms
(2026-05-15T19:33:34.1411747Z, 2026-05-15T19:34:14.1300028Z] Histogram
Value: Sum: 368,4914 Count: 35 Min: 0,0686 Max: 130,9608 
(-Infinity,0]:0
(0,5]:29
(5,10]:0
(10,25]:0
(25,50]:4
(50,75]:0
(75,100]:0
(100,250]:2
(250,500]:0
(500,750]:0
(750,1000]:0
(1000,2500]:0
(2500,5000]:0
(5000,7500]:0
(7500,10000]:0
(10000,+Infinity]:0

Instrumentation scope (Meter):
	Name: NatureProtector.Simulator.Host
Resource associated with Metric:
	service.name: NatureProtector.Simulator.Host
	service.instance.id: bb16b3c1-3cfb-4565-80d7-da89879d6c3b
	telemetry.sdk.name: opentelemetry
	telemetry.sdk.language: dotnet
	telemetry.sdk.version: 1.10.0

Metric Name: dns.lookup.duration, Description: Measures the time taken to perform a DNS lookup., Unit: s
(2026-05-15T19:33:35.0713776Z, 2026-05-15T19:34:14.1300036Z] dns.question.name: localhost Histogram
Value: Sum: 0,007422300000000001 Count: 2 Min: 0,0004333 Max: 0,006989 
(-Infinity,0,005]:1
(0,005,0,01]:1
(0,01,0,025]:0
(0,025,0,05]:0
(0,05,0,075]:0
(0,075,0,1]:0
(0,1,0,25]:0
(0,25,0,5]:0
(0,5,0,75]:0
(0,75,1]:0
(1,2,5]:0
(2,5,5]:0
(5,7,5]:0
(7,5,10]:0
(10,+Infinity]:0

Instrumentation scope (Meter):
	Name: System.Net.NameResolution
Resource associated with Metric:
	service.name: NatureProtector.Simulator.Host
	service.instance.id: bb16b3c1-3cfb-4565-80d7-da89879d6c3b
	telemetry.sdk.name: opentelemetry
	telemetry.sdk.language: dotnet
	telemetry.sdk.version: 1.10.0

Metric Name: process.memory.usage, Description: The amount of physical memory in use., Unit: By
(2026-05-15T19:33:34.1204994Z, 2026-05-15T19:34:24.1220208Z] LongSumNonMonotonic
Value: 107667456
Instrumentation scope (Meter):
	Name: OpenTelemetry.Instrumentation.Process
	Version: 1.10.0-beta.1
Resource associated with Metric:
	service.name: NatureProtector.Simulator.Host
	service.instance.id: bb16b3c1-3cfb-4565-80d7-da89879d6c3b
	telemetry.sdk.name: opentelemetry
	telemetry.sdk.language: dotnet
	telemetry.sdk.version: 1.10.0

Metric Name: process.memory.virtual, Description: The amount of committed virtual memory., Unit: By
(2026-05-15T19:33:34.1214436Z, 2026-05-15T19:34:24.1220221Z] LongSumNonMonotonic
Value: 2481009246208
Instrumentation scope (Meter):
	Name: OpenTelemetry.Instrumentation.Process
	Version: 1.10.0-beta.1
Resource associated with Metric:
	service.name: NatureProtector.Simulator.Host
	service.instance.id: bb16b3c1-3cfb-4565-80d7-da89879d6c3b
	telemetry.sdk.name: opentelemetry
	telemetry.sdk.language: dotnet
	telemetry.sdk.version: 1.10.0

Metric Name: process.cpu.time, Description: Total CPU seconds broken down by different states., Unit: s
(2026-05-15T19:33:34.1216173Z, 2026-05-15T19:34:24.1220229Z] process.cpu.state: user DoubleSum
Value: 2.0625
Instrumentation scope (Meter):
	Name: OpenTelemetry.Instrumentation.Process
	Version: 1.10.0-beta.1
Resource associated with Metric:
	service.name: NatureProtector.Simulator.Host
	service.instance.id: bb16b3c1-3cfb-4565-80d7-da89879d6c3b
	telemetry.sdk.name: opentelemetry
	telemetry.sdk.language: dotnet
	telemetry.sdk.version: 1.10.0
(2026-05-15T19:33:34.1216173Z, 2026-05-15T19:34:24.1220229Z] process.cpu.state: system DoubleSum
Value: 0.3125
Instrumentation scope (Meter):
	Name: OpenTelemetry.Instrumentation.Process
	Version: 1.10.0-beta.1
Resource associated with Metric:
	service.name: NatureProtector.Simulator.Host
	service.instance.id: bb16b3c1-3cfb-4565-80d7-da89879d6c3b
	telemetry.sdk.name: opentelemetry
	telemetry.sdk.language: dotnet
	telemetry.sdk.version: 1.10.0

Metric Name: process.cpu.count, Description: The number of processors (CPU cores) available to the current process., Unit: {processors}
(2026-05-15T19:33:34.1216365Z, 2026-05-15T19:34:24.1220234Z] LongSumNonMonotonic
Value: 16
Instrumentation scope (Meter):
	Name: OpenTelemetry.Instrumentation.Process
	Version: 1.10.0-beta.1
Resource associated with Metric:
	service.name: NatureProtector.Simulator.Host
	service.instance.id: bb16b3c1-3cfb-4565-80d7-da89879d6c3b
	telemetry.sdk.name: opentelemetry
	telemetry.sdk.language: dotnet
	telemetry.sdk.version: 1.10.0

Metric Name: process.thread.count, Description: Process threads count., Unit: {thread}
(2026-05-15T19:33:34.1216478Z, 2026-05-15T19:34:24.1220236Z] LongSumNonMonotonic
Value: 23
Instrumentation scope (Meter):
	Name: OpenTelemetry.Instrumentation.Process
	Version: 1.10.0-beta.1
Resource associated with Metric:
	service.name: NatureProtector.Simulator.Host
	service.instance.id: bb16b3c1-3cfb-4565-80d7-da89879d6c3b
	telemetry.sdk.name: opentelemetry
	telemetry.sdk.language: dotnet
	telemetry.sdk.version: 1.10.0

Metric Name: dotnet.gc.collections, Description: The number of garbage collections that have occurred since the process has started., Unit: {collection}
(2026-05-15T19:33:34.1216557Z, 2026-05-15T19:34:24.1220238Z] gc.heap.generation: gen2 LongSum
Value: 1
Instrumentation scope (Meter):
	Name: System.Runtime
Resource associated with Metric:
	service.name: NatureProtector.Simulator.Host
	service.instance.id: bb16b3c1-3cfb-4565-80d7-da89879d6c3b
	telemetry.sdk.name: opentelemetry
	telemetry.sdk.language: dotnet
	telemetry.sdk.version: 1.10.0
(2026-05-15T19:33:34.1216557Z, 2026-05-15T19:34:24.1220238Z] gc.heap.generation: gen1 LongSum
Value: 1
Instrumentation scope (Meter):
	Name: System.Runtime
Resource associated with Metric:
	service.name: NatureProtector.Simulator.Host
	service.instance.id: bb16b3c1-3cfb-4565-80d7-da89879d6c3b
	telemetry.sdk.name: opentelemetry
	telemetry.sdk.language: dotnet
	telemetry.sdk.version: 1.10.0
(2026-05-15T19:33:34.1216557Z, 2026-05-15T19:34:24.1220238Z] gc.heap.generation: gen0 LongSum
Value: 2
Instrumentation scope (Meter):
	Name: System.Runtime
Resource associated with Metric:
	service.name: NatureProtector.Simulator.Host
	service.instance.id: bb16b3c1-3cfb-4565-80d7-da89879d6c3b
	telemetry.sdk.name: opentelemetry
	telemetry.sdk.language: dotnet
	telemetry.sdk.version: 1.10.0

Metric Name: dotnet.process.memory.working_set, Description: The number of bytes of physical memory mapped to the process context., Unit: By
(2026-05-15T19:33:34.1216627Z, 2026-05-15T19:34:24.1220241Z] LongSumNonMonotonic
Value: 107065344
Instrumentation scope (Meter):
	Name: System.Runtime
Resource associated with Metric:
	service.name: NatureProtector.Simulator.Host
	service.instance.id: bb16b3c1-3cfb-4565-80d7-da89879d6c3b
	telemetry.sdk.name: opentelemetry
	telemetry.sdk.language: dotnet
	telemetry.sdk.version: 1.10.0

Metric Name: dotnet.gc.heap.total_allocated, Description: The approximate number of bytes allocated on the managed GC heap since the process has started. The returned value does not include any native allocations., Unit: By
(2026-05-15T19:33:34.1216715Z, 2026-05-15T19:34:24.1220242Z] LongSum
Value: 39813024
Instrumentation scope (Meter):
	Name: System.Runtime
Resource associated with Metric:
	service.name: NatureProtector.Simulator.Host
	service.instance.id: bb16b3c1-3cfb-4565-80d7-da89879d6c3b
	telemetry.sdk.name: opentelemetry
	telemetry.sdk.language: dotnet
	telemetry.sdk.version: 1.10.0

Metric Name: dotnet.gc.last_collection.memory.committed_size, Description: The amount of committed virtual memory in use by the .NET GC, as observed during the latest garbage collection., Unit: By
(2026-05-15T19:33:34.1216781Z, 2026-05-15T19:34:24.1220245Z] LongSumNonMonotonic
Value: 20717568
Instrumentation scope (Meter):
	Name: System.Runtime
Resource associated with Metric:
	service.name: NatureProtector.Simulator.Host
	service.instance.id: bb16b3c1-3cfb-4565-80d7-da89879d6c3b
	telemetry.sdk.name: opentelemetry
	telemetry.sdk.language: dotnet
	telemetry.sdk.version: 1.10.0

Metric Name: dotnet.gc.last_collection.heap.size, Description: The managed GC heap size (including fragmentation), as observed during the latest garbage collection., Unit: By
(2026-05-15T19:33:34.1216842Z, 2026-05-15T19:34:24.1220246Z] gc.heap.generation: gen0 LongSumNonMonotonic
Value: 156040
Instrumentation scope (Meter):
	Name: System.Runtime
Resource associated with Metric:
	service.name: NatureProtector.Simulator.Host
	service.instance.id: bb16b3c1-3cfb-4565-80d7-da89879d6c3b
	telemetry.sdk.name: opentelemetry
	telemetry.sdk.language: dotnet
	telemetry.sdk.version: 1.10.0
(2026-05-15T19:33:34.1216842Z, 2026-05-15T19:34:24.1220246Z] gc.heap.generation: gen1 LongSumNonMonotonic
Value: 4105768
Instrumentation scope (Meter):
	Name: System.Runtime
Resource associated with Metric:
	service.name: NatureProtector.Simulator.Host
	service.instance.id: bb16b3c1-3cfb-4565-80d7-da89879d6c3b
	telemetry.sdk.name: opentelemetry
	telemetry.sdk.language: dotnet
	telemetry.sdk.version: 1.10.0
(2026-05-15T19:33:34.1216842Z, 2026-05-15T19:34:24.1220246Z] gc.heap.generation: gen2 LongSumNonMonotonic
Value: 916296
Instrumentation scope (Meter):
	Name: System.Runtime
Resource associated with Metric:
	service.name: NatureProtector.Simulator.Host
	service.instance.id: bb16b3c1-3cfb-4565-80d7-da89879d6c3b
	telemetry.sdk.name: opentelemetry
	telemetry.sdk.language: dotnet
	telemetry.sdk.version: 1.10.0
(2026-05-15T19:33:34.1216842Z, 2026-05-15T19:34:24.1220246Z] gc.heap.generation: loh LongSumNonMonotonic
Value: 6986640
Instrumentation scope (Meter):
	Name: System.Runtime
Resource associated with Metric:
	service.name: NatureProtector.Simulator.Host
	service.instance.id: bb16b3c1-3cfb-4565-80d7-da89879d6c3b
	telemetry.sdk.name: opentelemetry
	telemetry.sdk.language: dotnet
	telemetry.sdk.version: 1.10.0
(2026-05-15T19:33:34.1216842Z, 2026-05-15T19:34:24.1220246Z] gc.heap.generation: poh LongSumNonMonotonic
Value: 58240
Instrumentation scope (Meter):
	Name: System.Runtime
Resource associated with Metric:
	service.name: NatureProtector.Simulator.Host
	service.instance.id: bb16b3c1-3cfb-4565-80d7-da89879d6c3b
	telemetry.sdk.name: opentelemetry
	telemetry.sdk.language: dotnet
	telemetry.sdk.version: 1.10.0

Metric Name: dotnet.gc.last_collection.heap.fragmentation.size, Description: The heap fragmentation, as observed during the latest garbage collection., Unit: By
(2026-05-15T19:33:34.1216929Z, 2026-05-15T19:34:24.1220246Z] gc.heap.generation: gen0 LongSumNonMonotonic
Value: 147656
Instrumentation scope (Meter):
	Name: System.Runtime
Resource associated with Metric:
	service.name: NatureProtector.Simulator.Host
	service.instance.id: bb16b3c1-3cfb-4565-80d7-da89879d6c3b
	telemetry.sdk.name: opentelemetry
	telemetry.sdk.language: dotnet
	telemetry.sdk.version: 1.10.0
(2026-05-15T19:33:34.1216929Z, 2026-05-15T19:34:24.1220246Z] gc.heap.generation: gen1 LongSumNonMonotonic
Value: 67944
Instrumentation scope (Meter):
	Name: System.Runtime
Resource associated with Metric:
	service.name: NatureProtector.Simulator.Host
	service.instance.id: bb16b3c1-3cfb-4565-80d7-da89879d6c3b
	telemetry.sdk.name: opentelemetry
	telemetry.sdk.language: dotnet
	telemetry.sdk.version: 1.10.0
(2026-05-15T19:33:34.1216929Z, 2026-05-15T19:34:24.1220246Z] gc.heap.generation: gen2 LongSumNonMonotonic
Value: 0
Instrumentation scope (Meter):
	Name: System.Runtime
Resource associated with Metric:
	service.name: NatureProtector.Simulator.Host
	service.instance.id: bb16b3c1-3cfb-4565-80d7-da89879d6c3b
	telemetry.sdk.name: opentelemetry
	telemetry.sdk.language: dotnet
	telemetry.sdk.version: 1.10.0
(2026-05-15T19:33:34.1216929Z, 2026-05-15T19:34:24.1220246Z] gc.heap.generation: loh LongSumNonMonotonic
Value: 1120
Instrumentation scope (Meter):
	Name: System.Runtime
Resource associated with Metric:
	service.name: NatureProtector.Simulator.Host
	service.instance.id: bb16b3c1-3cfb-4565-80d7-da89879d6c3b
	telemetry.sdk.name: opentelemetry
	telemetry.sdk.language: dotnet
	telemetry.sdk.version: 1.10.0
(2026-05-15T19:33:34.1216929Z, 2026-05-15T19:34:24.1220246Z] gc.heap.generation: poh LongSumNonMonotonic
Value: 0
Instrumentation scope (Meter):
	Name: System.Runtime
Resource associated with Metric:
	service.name: NatureProtector.Simulator.Host
	service.instance.id: bb16b3c1-3cfb-4565-80d7-da89879d6c3b
	telemetry.sdk.name: opentelemetry
	telemetry.sdk.language: dotnet
	telemetry.sdk.version: 1.10.0

Metric Name: dotnet.gc.pause.time, Description: The total amount of time paused in GC since the process has started., Unit: s
(2026-05-15T19:33:34.1223505Z, 2026-05-15T19:34:24.1220248Z] DoubleSum
Value: 0.021885
Instrumentation scope (Meter):
	Name: System.Runtime
Resource associated with Metric:
	service.name: NatureProtector.Simulator.Host
	service.instance.id: bb16b3c1-3cfb-4565-80d7-da89879d6c3b
	telemetry.sdk.name: opentelemetry
	telemetry.sdk.language: dotnet
	telemetry.sdk.version: 1.10.0

Metric Name: dotnet.jit.compiled_il.size, Description: Count of bytes of intermediate language that have been compiled since the process has started., Unit: By
(2026-05-15T19:33:34.1223612Z, 2026-05-15T19:34:24.1220249Z] LongSum
Value: 1133748
Instrumentation scope (Meter):
	Name: System.Runtime
Resource associated with Metric:
	service.name: NatureProtector.Simulator.Host
	service.instance.id: bb16b3c1-3cfb-4565-80d7-da89879d6c3b
	telemetry.sdk.name: opentelemetry
	telemetry.sdk.language: dotnet
	telemetry.sdk.version: 1.10.0

Metric Name: dotnet.jit.compiled_methods, Description: The number of times the JIT compiler (re)compiled methods since the process has started., Unit: {method}
(2026-05-15T19:33:34.1223677Z, 2026-05-15T19:34:24.1220251Z] LongSum
Value: 14704
Instrumentation scope (Meter):
	Name: System.Runtime
Resource associated with Metric:
	service.name: NatureProtector.Simulator.Host
	service.instance.id: bb16b3c1-3cfb-4565-80d7-da89879d6c3b
	telemetry.sdk.name: opentelemetry
	telemetry.sdk.language: dotnet
	telemetry.sdk.version: 1.10.0

Metric Name: dotnet.jit.compilation.time, Description: The number of times the JIT compiler (re)compiled methods since the process has started., Unit: s
(2026-05-15T19:33:34.1223770Z, 2026-05-15T19:34:24.1220253Z] DoubleSum
Value: 1.5128865
Instrumentation scope (Meter):
	Name: System.Runtime
Resource associated with Metric:
	service.name: NatureProtector.Simulator.Host
	service.instance.id: bb16b3c1-3cfb-4565-80d7-da89879d6c3b
	telemetry.sdk.name: opentelemetry
	telemetry.sdk.language: dotnet
	telemetry.sdk.version: 1.10.0

Metric Name: dotnet.monitor.lock_contentions, Description: The number of times there was contention when trying to acquire a monitor lock since the process has started., Unit: {contention}
(2026-05-15T19:33:34.1223859Z, 2026-05-15T19:34:24.1220254Z] LongSum
Value: 33
Instrumentation scope (Meter):
	Name: System.Runtime
Resource associated with Metric:
	service.name: NatureProtector.Simulator.Host
	service.instance.id: bb16b3c1-3cfb-4565-80d7-da89879d6c3b
	telemetry.sdk.name: opentelemetry
	telemetry.sdk.language: dotnet
	telemetry.sdk.version: 1.10.0

Metric Name: dotnet.thread_pool.thread.count, Description: The number of thread pool threads that currently exist., Unit: {thread}
(2026-05-15T19:33:34.1223933Z, 2026-05-15T19:34:24.1220254Z] LongSum
Value: 2
Instrumentation scope (Meter):
	Name: System.Runtime
Resource associated with Metric:
	service.name: NatureProtector.Simulator.Host
	service.instance.id: bb16b3c1-3cfb-4565-80d7-da89879d6c3b
	telemetry.sdk.name: opentelemetry
	telemetry.sdk.language: dotnet
	telemetry.sdk.version: 1.10.0

Metric Name: dotnet.thread_pool.work_item.count, Description: The number of work items that the thread pool has completed since the process has started., Unit: {work_item}
(2026-05-15T19:33:34.1223994Z, 2026-05-15T19:34:24.1220256Z] LongSum
Value: 113
Instrumentation scope (Meter):
	Name: System.Runtime
Resource associated with Metric:
	service.name: NatureProtector.Simulator.Host
	service.instance.id: bb16b3c1-3cfb-4565-80d7-da89879d6c3b
	telemetry.sdk.name: opentelemetry
	telemetry.sdk.language: dotnet
	telemetry.sdk.version: 1.10.0

Metric Name: dotnet.thread_pool.queue.length, Description: The number of work items that are currently queued to be processed by the thread pool., Unit: {work_item}
(2026-05-15T19:33:34.1224079Z, 2026-05-15T19:34:24.1220257Z] LongSum
Value: 0
Instrumentation scope (Meter):
	Name: System.Runtime
Resource associated with Metric:
	service.name: NatureProtector.Simulator.Host
	service.instance.id: bb16b3c1-3cfb-4565-80d7-da89879d6c3b
	telemetry.sdk.name: opentelemetry
	telemetry.sdk.language: dotnet
	telemetry.sdk.version: 1.10.0

Metric Name: dotnet.timer.count, Description: The number of timer instances that are currently active. An active timer is registered to tick at some point in the future and has not yet been canceled., Unit: {timer}
(2026-05-15T19:33:34.1224139Z, 2026-05-15T19:34:24.1220259Z] LongSumNonMonotonic
Value: 4
Instrumentation scope (Meter):
	Name: System.Runtime
Resource associated with Metric:
	service.name: NatureProtector.Simulator.Host
	service.instance.id: bb16b3c1-3cfb-4565-80d7-da89879d6c3b
	telemetry.sdk.name: opentelemetry
	telemetry.sdk.language: dotnet
	telemetry.sdk.version: 1.10.0

Metric Name: dotnet.assembly.count, Description: The number of .NET assemblies that are currently loaded., Unit: {assembly}
(2026-05-15T19:33:34.1224223Z, 2026-05-15T19:34:24.1220261Z] LongSumNonMonotonic
Value: 105
Instrumentation scope (Meter):
	Name: System.Runtime
Resource associated with Metric:
	service.name: NatureProtector.Simulator.Host
	service.instance.id: bb16b3c1-3cfb-4565-80d7-da89879d6c3b
	telemetry.sdk.name: opentelemetry
	telemetry.sdk.language: dotnet
	telemetry.sdk.version: 1.10.0

Metric Name: dotnet.process.cpu.count, Description: The number of processors available to the process., Unit: {cpu}
(2026-05-15T19:33:34.1259575Z, 2026-05-15T19:34:24.1220266Z] LongSumNonMonotonic
Value: 16
Instrumentation scope (Meter):
	Name: System.Runtime
Resource associated with Metric:
	service.name: NatureProtector.Simulator.Host
	service.instance.id: bb16b3c1-3cfb-4565-80d7-da89879d6c3b
	telemetry.sdk.name: opentelemetry
	telemetry.sdk.language: dotnet
	telemetry.sdk.version: 1.10.0

Metric Name: dotnet.process.cpu.time, Description: CPU time used by the process., Unit: s
(2026-05-15T19:33:34.1259807Z, 2026-05-15T19:34:24.1220267Z] cpu.mode: user DoubleSum
Value: 2.0625
Instrumentation scope (Meter):
	Name: System.Runtime
Resource associated with Metric:
	service.name: NatureProtector.Simulator.Host
	service.instance.id: bb16b3c1-3cfb-4565-80d7-da89879d6c3b
	telemetry.sdk.name: opentelemetry
	telemetry.sdk.language: dotnet
	telemetry.sdk.version: 1.10.0
(2026-05-15T19:33:34.1259807Z, 2026-05-15T19:34:24.1220267Z] cpu.mode: system DoubleSum
Value: 0.3125
Instrumentation scope (Meter):
	Name: System.Runtime
Resource associated with Metric:
	service.name: NatureProtector.Simulator.Host
	service.instance.id: bb16b3c1-3cfb-4565-80d7-da89879d6c3b
	telemetry.sdk.name: opentelemetry
	telemetry.sdk.language: dotnet
	telemetry.sdk.version: 1.10.0

Metric Name: natureprotector.simulator.context.creations
(2026-05-15T19:33:34.1402472Z, 2026-05-15T19:34:24.1220272Z] LongSum
Value: 1
Instrumentation scope (Meter):
	Name: NatureProtector.Simulator.Host
Resource associated with Metric:
	service.name: NatureProtector.Simulator.Host
	service.instance.id: bb16b3c1-3cfb-4565-80d7-da89879d6c3b
	telemetry.sdk.name: opentelemetry
	telemetry.sdk.language: dotnet
	telemetry.sdk.version: 1.10.0

Metric Name: natureprotector.simulator.context.creation.duration, Unit: ms
(2026-05-15T19:33:34.1406933Z, 2026-05-15T19:34:24.1220280Z] Histogram
Value: Sum: 1237,8026 Count: 1 Min: 1237,8026 Max: 1237,8026 
(-Infinity,0]:0
(0,5]:0
(5,10]:0
(10,25]:0
(25,50]:0
(50,75]:0
(75,100]:0
(100,250]:0
(250,500]:0
(500,750]:0
(750,1000]:0
(1000,2500]:1
(2500,5000]:0
(5000,7500]:0
(7500,10000]:0
(10000,+Infinity]:0

Instrumentation scope (Meter):
	Name: NatureProtector.Simulator.Host
Resource associated with Metric:
	service.name: NatureProtector.Simulator.Host
	service.instance.id: bb16b3c1-3cfb-4565-80d7-da89879d6c3b
	telemetry.sdk.name: opentelemetry
	telemetry.sdk.language: dotnet
	telemetry.sdk.version: 1.10.0

Metric Name: natureprotector.simulator.runs
(2026-05-15T19:33:34.1407131Z, 2026-05-15T19:34:24.1220283Z] np.outcome: started LongSum
Value: 1
Instrumentation scope (Meter):
	Name: NatureProtector.Simulator.Host
Resource associated with Metric:
	service.name: NatureProtector.Simulator.Host
	service.instance.id: bb16b3c1-3cfb-4565-80d7-da89879d6c3b
	telemetry.sdk.name: opentelemetry
	telemetry.sdk.language: dotnet
	telemetry.sdk.version: 1.10.0
(2026-05-15T19:33:34.1407131Z, 2026-05-15T19:34:24.1220283Z] np.outcome: completed LongSum
Value: 1
Instrumentation scope (Meter):
	Name: NatureProtector.Simulator.Host
Resource associated with Metric:
	service.name: NatureProtector.Simulator.Host
	service.instance.id: bb16b3c1-3cfb-4565-80d7-da89879d6c3b
	telemetry.sdk.name: opentelemetry
	telemetry.sdk.language: dotnet
	telemetry.sdk.version: 1.10.0

Metric Name: natureprotector.simulator.run.duration, Unit: ms
(2026-05-15T19:33:34.1407231Z, 2026-05-15T19:34:24.1220290Z] np.outcome: completed Histogram
Value: Sum: 21764,3145 Count: 1 Min: 21764,3145 Max: 21764,3145 
(-Infinity,0]:0
(0,5]:0
(5,10]:0
(10,25]:0
(25,50]:0
(50,75]:0
(75,100]:0
(100,250]:0
(250,500]:0
(500,750]:0
(750,1000]:0
(1000,2500]:0
(2500,5000]:0
(5000,7500]:0
(7500,10000]:0
(10000,+Infinity]:1

Instrumentation scope (Meter):
	Name: NatureProtector.Simulator.Host
Resource associated with Metric:
	service.name: NatureProtector.Simulator.Host
	service.instance.id: bb16b3c1-3cfb-4565-80d7-da89879d6c3b
	telemetry.sdk.name: opentelemetry
	telemetry.sdk.language: dotnet
	telemetry.sdk.version: 1.10.0

Metric Name: natureprotector.simulator.publish.messages
(2026-05-15T19:33:34.1407299Z, 2026-05-15T19:34:24.1220298Z] LongSum
Value: 30
Instrumentation scope (Meter):
	Name: NatureProtector.Simulator.Host
Resource associated with Metric:
	service.name: NatureProtector.Simulator.Host
	service.instance.id: bb16b3c1-3cfb-4565-80d7-da89879d6c3b
	telemetry.sdk.name: opentelemetry
	telemetry.sdk.language: dotnet
	telemetry.sdk.version: 1.10.0

Metric Name: natureprotector.simulator.publish.batch.size
(2026-05-15T19:33:34.1411579Z, 2026-05-15T19:34:24.1220306Z] Histogram
Value: Sum: 30 Count: 5 Min: 6 Max: 6 
(-Infinity,0]:0
(0,5]:0
(5,10]:5
(10,25]:0
(25,50]:0
(50,75]:0
(75,100]:0
(100,250]:0
(250,500]:0
(500,750]:0
(750,1000]:0
(1000,2500]:0
(2500,5000]:0
(5000,7500]:0
(7500,10000]:0
(10000,+Infinity]:0

Instrumentation scope (Meter):
	Name: NatureProtector.Simulator.Host
Resource associated with Metric:
	service.name: NatureProtector.Simulator.Host
	service.instance.id: bb16b3c1-3cfb-4565-80d7-da89879d6c3b
	telemetry.sdk.name: opentelemetry
	telemetry.sdk.language: dotnet
	telemetry.sdk.version: 1.10.0

Metric Name: natureprotector.simulator.publish.duration, Unit: ms
(2026-05-15T19:33:34.1411747Z, 2026-05-15T19:34:24.1220312Z] Histogram
Value: Sum: 368,4914 Count: 35 Min: 0,0686 Max: 130,9608 
(-Infinity,0]:0
(0,5]:29
(5,10]:0
(10,25]:0
(25,50]:4
(50,75]:0
(75,100]:0
(100,250]:2
(250,500]:0
(500,750]:0
(750,1000]:0
(1000,2500]:0
(2500,5000]:0
(5000,7500]:0
(7500,10000]:0
(10000,+Infinity]:0

Instrumentation scope (Meter):
	Name: NatureProtector.Simulator.Host
Resource associated with Metric:
	service.name: NatureProtector.Simulator.Host
	service.instance.id: bb16b3c1-3cfb-4565-80d7-da89879d6c3b
	telemetry.sdk.name: opentelemetry
	telemetry.sdk.language: dotnet
	telemetry.sdk.version: 1.10.0

Metric Name: dns.lookup.duration, Description: Measures the time taken to perform a DNS lookup., Unit: s
(2026-05-15T19:33:35.0713776Z, 2026-05-15T19:34:24.1220319Z] dns.question.name: localhost Histogram
Value: Sum: 0,007422300000000001 Count: 2 Min: 0,0004333 Max: 0,006989 
(-Infinity,0,005]:1
(0,005,0,01]:1
(0,01,0,025]:0
(0,025,0,05]:0
(0,05,0,075]:0
(0,075,0,1]:0
(0,1,0,25]:0
(0,25,0,5]:0
(0,5,0,75]:0
(0,75,1]:0
(1,2,5]:0
(2,5,5]:0
(5,7,5]:0
(7,5,10]:0
(10,+Infinity]:0

Instrumentation scope (Meter):
	Name: System.Net.NameResolution
Resource associated with Metric:
	service.name: NatureProtector.Simulator.Host
	service.instance.id: bb16b3c1-3cfb-4565-80d7-da89879d6c3b
	telemetry.sdk.name: opentelemetry
	telemetry.sdk.language: dotnet
	telemetry.sdk.version: 1.10.0

Metric Name: process.memory.usage, Description: The amount of physical memory in use., Unit: By
(2026-05-15T19:33:34.1204994Z, 2026-05-15T19:34:34.1217423Z] LongSumNonMonotonic
Value: 107970560
Instrumentation scope (Meter):
	Name: OpenTelemetry.Instrumentation.Process
	Version: 1.10.0-beta.1
Resource associated with Metric:
	service.name: NatureProtector.Simulator.Host
	service.instance.id: bb16b3c1-3cfb-4565-80d7-da89879d6c3b
	telemetry.sdk.name: opentelemetry
	telemetry.sdk.language: dotnet
	telemetry.sdk.version: 1.10.0

Metric Name: process.memory.virtual, Description: The amount of committed virtual memory., Unit: By
(2026-05-15T19:33:34.1214436Z, 2026-05-15T19:34:34.1217431Z] LongSumNonMonotonic
Value: 2481002954752
Instrumentation scope (Meter):
	Name: OpenTelemetry.Instrumentation.Process
	Version: 1.10.0-beta.1
Resource associated with Metric:
	service.name: NatureProtector.Simulator.Host
	service.instance.id: bb16b3c1-3cfb-4565-80d7-da89879d6c3b
	telemetry.sdk.name: opentelemetry
	telemetry.sdk.language: dotnet
	telemetry.sdk.version: 1.10.0

Metric Name: process.cpu.time, Description: Total CPU seconds broken down by different states., Unit: s
(2026-05-15T19:33:34.1216173Z, 2026-05-15T19:34:34.1217436Z] process.cpu.state: user DoubleSum
Value: 2.0625
Instrumentation scope (Meter):
	Name: OpenTelemetry.Instrumentation.Process
	Version: 1.10.0-beta.1
Resource associated with Metric:
	service.name: NatureProtector.Simulator.Host
	service.instance.id: bb16b3c1-3cfb-4565-80d7-da89879d6c3b
	telemetry.sdk.name: opentelemetry
	telemetry.sdk.language: dotnet
	telemetry.sdk.version: 1.10.0
(2026-05-15T19:33:34.1216173Z, 2026-05-15T19:34:34.1217436Z] process.cpu.state: system DoubleSum
Value: 0.34375
Instrumentation scope (Meter):
	Name: OpenTelemetry.Instrumentation.Process
	Version: 1.10.0-beta.1
Resource associated with Metric:
	service.name: NatureProtector.Simulator.Host
	service.instance.id: bb16b3c1-3cfb-4565-80d7-da89879d6c3b
	telemetry.sdk.name: opentelemetry
	telemetry.sdk.language: dotnet
	telemetry.sdk.version: 1.10.0

Metric Name: process.cpu.count, Description: The number of processors (CPU cores) available to the current process., Unit: {processors}
(2026-05-15T19:33:34.1216365Z, 2026-05-15T19:34:34.1217442Z] LongSumNonMonotonic
Value: 16
Instrumentation scope (Meter):
	Name: OpenTelemetry.Instrumentation.Process
	Version: 1.10.0-beta.1
Resource associated with Metric:
	service.name: NatureProtector.Simulator.Host
	service.instance.id: bb16b3c1-3cfb-4565-80d7-da89879d6c3b
	telemetry.sdk.name: opentelemetry
	telemetry.sdk.language: dotnet
	telemetry.sdk.version: 1.10.0

Metric Name: process.thread.count, Description: Process threads count., Unit: {thread}
(2026-05-15T19:33:34.1216478Z, 2026-05-15T19:34:34.1217444Z] LongSumNonMonotonic
Value: 21
Instrumentation scope (Meter):
	Name: OpenTelemetry.Instrumentation.Process
	Version: 1.10.0-beta.1
Resource associated with Metric:
	service.name: NatureProtector.Simulator.Host
	service.instance.id: bb16b3c1-3cfb-4565-80d7-da89879d6c3b
	telemetry.sdk.name: opentelemetry
	telemetry.sdk.language: dotnet
	telemetry.sdk.version: 1.10.0

Metric Name: dotnet.gc.collections, Description: The number of garbage collections that have occurred since the process has started., Unit: {collection}
(2026-05-15T19:33:34.1216557Z, 2026-05-15T19:34:34.1217446Z] gc.heap.generation: gen2 LongSum
Value: 1
Instrumentation scope (Meter):
	Name: System.Runtime
Resource associated with Metric:
	service.name: NatureProtector.Simulator.Host
	service.instance.id: bb16b3c1-3cfb-4565-80d7-da89879d6c3b
	telemetry.sdk.name: opentelemetry
	telemetry.sdk.language: dotnet
	telemetry.sdk.version: 1.10.0
(2026-05-15T19:33:34.1216557Z, 2026-05-15T19:34:34.1217446Z] gc.heap.generation: gen1 LongSum
Value: 1
Instrumentation scope (Meter):
	Name: System.Runtime
Resource associated with Metric:
	service.name: NatureProtector.Simulator.Host
	service.instance.id: bb16b3c1-3cfb-4565-80d7-da89879d6c3b
	telemetry.sdk.name: opentelemetry
	telemetry.sdk.language: dotnet
	telemetry.sdk.version: 1.10.0
(2026-05-15T19:33:34.1216557Z, 2026-05-15T19:34:34.1217446Z] gc.heap.generation: gen0 LongSum
Value: 2
Instrumentation scope (Meter):
	Name: System.Runtime
Resource associated with Metric:
	service.name: NatureProtector.Simulator.Host
	service.instance.id: bb16b3c1-3cfb-4565-80d7-da89879d6c3b
	telemetry.sdk.name: opentelemetry
	telemetry.sdk.language: dotnet
	telemetry.sdk.version: 1.10.0

Metric Name: dotnet.process.memory.working_set, Description: The number of bytes of physical memory mapped to the process context., Unit: By
(2026-05-15T19:33:34.1216627Z, 2026-05-15T19:34:34.1217447Z] LongSumNonMonotonic
Value: 107974656
Instrumentation scope (Meter):
	Name: System.Runtime
Resource associated with Metric:
	service.name: NatureProtector.Simulator.Host
	service.instance.id: bb16b3c1-3cfb-4565-80d7-da89879d6c3b
	telemetry.sdk.name: opentelemetry
	telemetry.sdk.language: dotnet
	telemetry.sdk.version: 1.10.0

Metric Name: dotnet.gc.heap.total_allocated, Description: The approximate number of bytes allocated on the managed GC heap since the process has started. The returned value does not include any native allocations., Unit: By
(2026-05-15T19:33:34.1216715Z, 2026-05-15T19:34:34.1217449Z] LongSum
Value: 39977024
Instrumentation scope (Meter):
	Name: System.Runtime
Resource associated with Metric:
	service.name: NatureProtector.Simulator.Host
	service.instance.id: bb16b3c1-3cfb-4565-80d7-da89879d6c3b
	telemetry.sdk.name: opentelemetry
	telemetry.sdk.language: dotnet
	telemetry.sdk.version: 1.10.0

Metric Name: dotnet.gc.last_collection.memory.committed_size, Description: The amount of committed virtual memory in use by the .NET GC, as observed during the latest garbage collection., Unit: By
(2026-05-15T19:33:34.1216781Z, 2026-05-15T19:34:34.1217451Z] LongSumNonMonotonic
Value: 20717568
Instrumentation scope (Meter):
	Name: System.Runtime
Resource associated with Metric:
	service.name: NatureProtector.Simulator.Host
	service.instance.id: bb16b3c1-3cfb-4565-80d7-da89879d6c3b
	telemetry.sdk.name: opentelemetry
	telemetry.sdk.language: dotnet
	telemetry.sdk.version: 1.10.0

Metric Name: dotnet.gc.last_collection.heap.size, Description: The managed GC heap size (including fragmentation), as observed during the latest garbage collection., Unit: By
(2026-05-15T19:33:34.1216842Z, 2026-05-15T19:34:34.1217454Z] gc.heap.generation: gen0 LongSumNonMonotonic
Value: 156040
Instrumentation scope (Meter):
	Name: System.Runtime
Resource associated with Metric:
	service.name: NatureProtector.Simulator.Host
	service.instance.id: bb16b3c1-3cfb-4565-80d7-da89879d6c3b
	telemetry.sdk.name: opentelemetry
	telemetry.sdk.language: dotnet
	telemetry.sdk.version: 1.10.0
(2026-05-15T19:33:34.1216842Z, 2026-05-15T19:34:34.1217454Z] gc.heap.generation: gen1 LongSumNonMonotonic
Value: 4105768
Instrumentation scope (Meter):
	Name: System.Runtime
Resource associated with Metric:
	service.name: NatureProtector.Simulator.Host
	service.instance.id: bb16b3c1-3cfb-4565-80d7-da89879d6c3b
	telemetry.sdk.name: opentelemetry
	telemetry.sdk.language: dotnet
	telemetry.sdk.version: 1.10.0
(2026-05-15T19:33:34.1216842Z, 2026-05-15T19:34:34.1217454Z] gc.heap.generation: gen2 LongSumNonMonotonic
Value: 916296
Instrumentation scope (Meter):
	Name: System.Runtime
Resource associated with Metric:
	service.name: NatureProtector.Simulator.Host
	service.instance.id: bb16b3c1-3cfb-4565-80d7-da89879d6c3b
	telemetry.sdk.name: opentelemetry
	telemetry.sdk.language: dotnet
	telemetry.sdk.version: 1.10.0
(2026-05-15T19:33:34.1216842Z, 2026-05-15T19:34:34.1217454Z] gc.heap.generation: loh LongSumNonMonotonic
Value: 6986640
Instrumentation scope (Meter):
	Name: System.Runtime
Resource associated with Metric:
	service.name: NatureProtector.Simulator.Host
	service.instance.id: bb16b3c1-3cfb-4565-80d7-da89879d6c3b
	telemetry.sdk.name: opentelemetry
	telemetry.sdk.language: dotnet
	telemetry.sdk.version: 1.10.0
(2026-05-15T19:33:34.1216842Z, 2026-05-15T19:34:34.1217454Z] gc.heap.generation: poh LongSumNonMonotonic
Value: 58240
Instrumentation scope (Meter):
	Name: System.Runtime
Resource associated with Metric:
	service.name: NatureProtector.Simulator.Host
	service.instance.id: bb16b3c1-3cfb-4565-80d7-da89879d6c3b
	telemetry.sdk.name: opentelemetry
	telemetry.sdk.language: dotnet
	telemetry.sdk.version: 1.10.0

Metric Name: dotnet.gc.last_collection.heap.fragmentation.size, Description: The heap fragmentation, as observed during the latest garbage collection., Unit: By
(2026-05-15T19:33:34.1216929Z, 2026-05-15T19:34:34.1217456Z] gc.heap.generation: gen0 LongSumNonMonotonic
Value: 147656
Instrumentation scope (Meter):
	Name: System.Runtime
Resource associated with Metric:
	service.name: NatureProtector.Simulator.Host
	service.instance.id: bb16b3c1-3cfb-4565-80d7-da89879d6c3b
	telemetry.sdk.name: opentelemetry
	telemetry.sdk.language: dotnet
	telemetry.sdk.version: 1.10.0
(2026-05-15T19:33:34.1216929Z, 2026-05-15T19:34:34.1217456Z] gc.heap.generation: gen1 LongSumNonMonotonic
Value: 67944
Instrumentation scope (Meter):
	Name: System.Runtime
Resource associated with Metric:
	service.name: NatureProtector.Simulator.Host
	service.instance.id: bb16b3c1-3cfb-4565-80d7-da89879d6c3b
	telemetry.sdk.name: opentelemetry
	telemetry.sdk.language: dotnet
	telemetry.sdk.version: 1.10.0
(2026-05-15T19:33:34.1216929Z, 2026-05-15T19:34:34.1217456Z] gc.heap.generation: gen2 LongSumNonMonotonic
Value: 0
Instrumentation scope (Meter):
	Name: System.Runtime
Resource associated with Metric:
	service.name: NatureProtector.Simulator.Host
	service.instance.id: bb16b3c1-3cfb-4565-80d7-da89879d6c3b
	telemetry.sdk.name: opentelemetry
	telemetry.sdk.language: dotnet
	telemetry.sdk.version: 1.10.0
(2026-05-15T19:33:34.1216929Z, 2026-05-15T19:34:34.1217456Z] gc.heap.generation: loh LongSumNonMonotonic
Value: 1120
Instrumentation scope (Meter):
	Name: System.Runtime
Resource associated with Metric:
	service.name: NatureProtector.Simulator.Host
	service.instance.id: bb16b3c1-3cfb-4565-80d7-da89879d6c3b
	telemetry.sdk.name: opentelemetry
	telemetry.sdk.language: dotnet
	telemetry.sdk.version: 1.10.0
(2026-05-15T19:33:34.1216929Z, 2026-05-15T19:34:34.1217456Z] gc.heap.generation: poh LongSumNonMonotonic
Value: 0
Instrumentation scope (Meter):
	Name: System.Runtime
Resource associated with Metric:
	service.name: NatureProtector.Simulator.Host
	service.instance.id: bb16b3c1-3cfb-4565-80d7-da89879d6c3b
	telemetry.sdk.name: opentelemetry
	telemetry.sdk.language: dotnet
	telemetry.sdk.version: 1.10.0

Metric Name: dotnet.gc.pause.time, Description: The total amount of time paused in GC since the process has started., Unit: s
(2026-05-15T19:33:34.1223505Z, 2026-05-15T19:34:34.1217457Z] DoubleSum
Value: 0.021885
Instrumentation scope (Meter):
	Name: System.Runtime
Resource associated with Metric:
	service.name: NatureProtector.Simulator.Host
	service.instance.id: bb16b3c1-3cfb-4565-80d7-da89879d6c3b
	telemetry.sdk.name: opentelemetry
	telemetry.sdk.language: dotnet
	telemetry.sdk.version: 1.10.0

Metric Name: dotnet.jit.compiled_il.size, Description: Count of bytes of intermediate language that have been compiled since the process has started., Unit: By
(2026-05-15T19:33:34.1223612Z, 2026-05-15T19:34:34.1217459Z] LongSum
Value: 1136734
Instrumentation scope (Meter):
	Name: System.Runtime
Resource associated with Metric:
	service.name: NatureProtector.Simulator.Host
	service.instance.id: bb16b3c1-3cfb-4565-80d7-da89879d6c3b
	telemetry.sdk.name: opentelemetry
	telemetry.sdk.language: dotnet
	telemetry.sdk.version: 1.10.0

Metric Name: dotnet.jit.compiled_methods, Description: The number of times the JIT compiler (re)compiled methods since the process has started., Unit: {method}
(2026-05-15T19:33:34.1223677Z, 2026-05-15T19:34:34.1217460Z] LongSum
Value: 14731
Instrumentation scope (Meter):
	Name: System.Runtime
Resource associated with Metric:
	service.name: NatureProtector.Simulator.Host
	service.instance.id: bb16b3c1-3cfb-4565-80d7-da89879d6c3b
	telemetry.sdk.name: opentelemetry
	telemetry.sdk.language: dotnet
	telemetry.sdk.version: 1.10.0

Metric Name: dotnet.jit.compilation.time, Description: The number of times the JIT compiler (re)compiled methods since the process has started., Unit: s
(2026-05-15T19:33:34.1223770Z, 2026-05-15T19:34:34.1217462Z] DoubleSum
Value: 1.5229595
Instrumentation scope (Meter):
	Name: System.Runtime
Resource associated with Metric:
	service.name: NatureProtector.Simulator.Host
	service.instance.id: bb16b3c1-3cfb-4565-80d7-da89879d6c3b
	telemetry.sdk.name: opentelemetry
	telemetry.sdk.language: dotnet
	telemetry.sdk.version: 1.10.0

Metric Name: dotnet.monitor.lock_contentions, Description: The number of times there was contention when trying to acquire a monitor lock since the process has started., Unit: {contention}
(2026-05-15T19:33:34.1223859Z, 2026-05-15T19:34:34.1217463Z] LongSum
Value: 33
Instrumentation scope (Meter):
	Name: System.Runtime
Resource associated with Metric:
	service.name: NatureProtector.Simulator.Host
	service.instance.id: bb16b3c1-3cfb-4565-80d7-da89879d6c3b
	telemetry.sdk.name: opentelemetry
	telemetry.sdk.language: dotnet
	telemetry.sdk.version: 1.10.0

Metric Name: dotnet.thread_pool.thread.count, Description: The number of thread pool threads that currently exist., Unit: {thread}
(2026-05-15T19:33:34.1223933Z, 2026-05-15T19:34:34.1217464Z] LongSum
Value: 2
Instrumentation scope (Meter):
	Name: System.Runtime
Resource associated with Metric:
	service.name: NatureProtector.Simulator.Host
	service.instance.id: bb16b3c1-3cfb-4565-80d7-da89879d6c3b
	telemetry.sdk.name: opentelemetry
	telemetry.sdk.language: dotnet
	telemetry.sdk.version: 1.10.0

Metric Name: dotnet.thread_pool.work_item.count, Description: The number of work items that the thread pool has completed since the process has started., Unit: {work_item}
(2026-05-15T19:33:34.1223994Z, 2026-05-15T19:34:34.1217465Z] LongSum
Value: 116
Instrumentation scope (Meter):
	Name: System.Runtime
Resource associated with Metric:
	service.name: NatureProtector.Simulator.Host
	service.instance.id: bb16b3c1-3cfb-4565-80d7-da89879d6c3b
	telemetry.sdk.name: opentelemetry
	telemetry.sdk.language: dotnet
	telemetry.sdk.version: 1.10.0

Metric Name: dotnet.thread_pool.queue.length, Description: The number of work items that are currently queued to be processed by the thread pool., Unit: {work_item}
(2026-05-15T19:33:34.1224079Z, 2026-05-15T19:34:34.1217467Z] LongSum
Value: 0
Instrumentation scope (Meter):
	Name: System.Runtime
Resource associated with Metric:
	service.name: NatureProtector.Simulator.Host
	service.instance.id: bb16b3c1-3cfb-4565-80d7-da89879d6c3b
	telemetry.sdk.name: opentelemetry
	telemetry.sdk.language: dotnet
	telemetry.sdk.version: 1.10.0

Metric Name: dotnet.timer.count, Description: The number of timer instances that are currently active. An active timer is registered to tick at some point in the future and has not yet been canceled., Unit: {timer}
(2026-05-15T19:33:34.1224139Z, 2026-05-15T19:34:34.1217470Z] LongSumNonMonotonic
Value: 4
Instrumentation scope (Meter):
	Name: System.Runtime
Resource associated with Metric:
	service.name: NatureProtector.Simulator.Host
	service.instance.id: bb16b3c1-3cfb-4565-80d7-da89879d6c3b
	telemetry.sdk.name: opentelemetry
	telemetry.sdk.language: dotnet
	telemetry.sdk.version: 1.10.0

Metric Name: dotnet.assembly.count, Description: The number of .NET assemblies that are currently loaded., Unit: {assembly}
(2026-05-15T19:33:34.1224223Z, 2026-05-15T19:34:34.1217471Z] LongSumNonMonotonic
Value: 105
Instrumentation scope (Meter):
	Name: System.Runtime
Resource associated with Metric:
	service.name: NatureProtector.Simulator.Host
	service.instance.id: bb16b3c1-3cfb-4565-80d7-da89879d6c3b
	telemetry.sdk.name: opentelemetry
	telemetry.sdk.language: dotnet
	telemetry.sdk.version: 1.10.0

Metric Name: dotnet.process.cpu.count, Description: The number of processors available to the process., Unit: {cpu}
(2026-05-15T19:33:34.1259575Z, 2026-05-15T19:34:34.1217476Z] LongSumNonMonotonic
Value: 16
Instrumentation scope (Meter):
	Name: System.Runtime
Resource associated with Metric:
	service.name: NatureProtector.Simulator.Host
	service.instance.id: bb16b3c1-3cfb-4565-80d7-da89879d6c3b
	telemetry.sdk.name: opentelemetry
	telemetry.sdk.language: dotnet
	telemetry.sdk.version: 1.10.0

Metric Name: dotnet.process.cpu.time, Description: CPU time used by the process., Unit: s
(2026-05-15T19:33:34.1259807Z, 2026-05-15T19:34:34.1217478Z] cpu.mode: user DoubleSum
Value: 2.0625
Instrumentation scope (Meter):
	Name: System.Runtime
Resource associated with Metric:
	service.name: NatureProtector.Simulator.Host
	service.instance.id: bb16b3c1-3cfb-4565-80d7-da89879d6c3b
	telemetry.sdk.name: opentelemetry
	telemetry.sdk.language: dotnet
	telemetry.sdk.version: 1.10.0
(2026-05-15T19:33:34.1259807Z, 2026-05-15T19:34:34.1217478Z] cpu.mode: system DoubleSum
Value: 0.359375
Instrumentation scope (Meter):
	Name: System.Runtime
Resource associated with Metric:
	service.name: NatureProtector.Simulator.Host
	service.instance.id: bb16b3c1-3cfb-4565-80d7-da89879d6c3b
	telemetry.sdk.name: opentelemetry
	telemetry.sdk.language: dotnet
	telemetry.sdk.version: 1.10.0

Metric Name: natureprotector.simulator.context.creations
(2026-05-15T19:33:34.1402472Z, 2026-05-15T19:34:34.1217481Z] LongSum
Value: 1
Instrumentation scope (Meter):
	Name: NatureProtector.Simulator.Host
Resource associated with Metric:
	service.name: NatureProtector.Simulator.Host
	service.instance.id: bb16b3c1-3cfb-4565-80d7-da89879d6c3b
	telemetry.sdk.name: opentelemetry
	telemetry.sdk.language: dotnet
	telemetry.sdk.version: 1.10.0

Metric Name: natureprotector.simulator.context.creation.duration, Unit: ms
(2026-05-15T19:33:34.1406933Z, 2026-05-15T19:34:34.1217495Z] Histogram
Value: Sum: 1237,8026 Count: 1 Min: 1237,8026 Max: 1237,8026 
(-Infinity,0]:0
(0,5]:0
(5,10]:0
(10,25]:0
(25,50]:0
(50,75]:0
(75,100]:0
(100,250]:0
(250,500]:0
(500,750]:0
(750,1000]:0
(1000,2500]:1
(2500,5000]:0
(5000,7500]:0
(7500,10000]:0
(10000,+Infinity]:0

Instrumentation scope (Meter):
	Name: NatureProtector.Simulator.Host
Resource associated with Metric:
	service.name: NatureProtector.Simulator.Host
	service.instance.id: bb16b3c1-3cfb-4565-80d7-da89879d6c3b
	telemetry.sdk.name: opentelemetry
	telemetry.sdk.language: dotnet
	telemetry.sdk.version: 1.10.0

Metric Name: natureprotector.simulator.runs
(2026-05-15T19:33:34.1407131Z, 2026-05-15T19:34:34.1217498Z] np.outcome: started LongSum
Value: 1
Instrumentation scope (Meter):
	Name: NatureProtector.Simulator.Host
Resource associated with Metric:
	service.name: NatureProtector.Simulator.Host
	service.instance.id: bb16b3c1-3cfb-4565-80d7-da89879d6c3b
	telemetry.sdk.name: opentelemetry
	telemetry.sdk.language: dotnet
	telemetry.sdk.version: 1.10.0
(2026-05-15T19:33:34.1407131Z, 2026-05-15T19:34:34.1217498Z] np.outcome: completed LongSum
Value: 1
Instrumentation scope (Meter):
	Name: NatureProtector.Simulator.Host
Resource associated with Metric:
	service.name: NatureProtector.Simulator.Host
	service.instance.id: bb16b3c1-3cfb-4565-80d7-da89879d6c3b
	telemetry.sdk.name: opentelemetry
	telemetry.sdk.language: dotnet
	telemetry.sdk.version: 1.10.0

Metric Name: natureprotector.simulator.run.duration, Unit: ms
(2026-05-15T19:33:34.1407231Z, 2026-05-15T19:34:34.1217504Z] np.outcome: completed Histogram
Value: Sum: 21764,3145 Count: 1 Min: 21764,3145 Max: 21764,3145 
(-Infinity,0]:0
(0,5]:0
(5,10]:0
(10,25]:0
(25,50]:0
(50,75]:0
(75,100]:0
(100,250]:0
(250,500]:0
(500,750]:0
(750,1000]:0
(1000,2500]:0
(2500,5000]:0
(5000,7500]:0
(7500,10000]:0
(10000,+Infinity]:1

Instrumentation scope (Meter):
	Name: NatureProtector.Simulator.Host
Resource associated with Metric:
	service.name: NatureProtector.Simulator.Host
	service.instance.id: bb16b3c1-3cfb-4565-80d7-da89879d6c3b
	telemetry.sdk.name: opentelemetry
	telemetry.sdk.language: dotnet
	telemetry.sdk.version: 1.10.0

Metric Name: natureprotector.simulator.publish.messages
(2026-05-15T19:33:34.1407299Z, 2026-05-15T19:34:34.1217507Z] LongSum
Value: 30
Instrumentation scope (Meter):
	Name: NatureProtector.Simulator.Host
Resource associated with Metric:
	service.name: NatureProtector.Simulator.Host
	service.instance.id: bb16b3c1-3cfb-4565-80d7-da89879d6c3b
	telemetry.sdk.name: opentelemetry
	telemetry.sdk.language: dotnet
	telemetry.sdk.version: 1.10.0

Metric Name: natureprotector.simulator.publish.batch.size
(2026-05-15T19:33:34.1411579Z, 2026-05-15T19:34:34.1217513Z] Histogram
Value: Sum: 30 Count: 5 Min: 6 Max: 6 
(-Infinity,0]:0
(0,5]:0
(5,10]:5
(10,25]:0
(25,50]:0
(50,75]:0
(75,100]:0
(100,250]:0
(250,500]:0
(500,750]:0
(750,1000]:0
(1000,2500]:0
(2500,5000]:0
(5000,7500]:0
(7500,10000]:0
(10000,+Infinity]:0

Instrumentation scope (Meter):
	Name: NatureProtector.Simulator.Host
Resource associated with Metric:
	service.name: NatureProtector.Simulator.Host
	service.instance.id: bb16b3c1-3cfb-4565-80d7-da89879d6c3b
	telemetry.sdk.name: opentelemetry
	telemetry.sdk.language: dotnet
	telemetry.sdk.version: 1.10.0

Metric Name: natureprotector.simulator.publish.duration, Unit: ms
(2026-05-15T19:33:34.1411747Z, 2026-05-15T19:34:34.1217518Z] Histogram
Value: Sum: 368,4914 Count: 35 Min: 0,0686 Max: 130,9608 
(-Infinity,0]:0
(0,5]:29
(5,10]:0
(10,25]:0
(25,50]:4
(50,75]:0
(75,100]:0
(100,250]:2
(250,500]:0
(500,750]:0
(750,1000]:0
(1000,2500]:0
(2500,5000]:0
(5000,7500]:0
(7500,10000]:0
(10000,+Infinity]:0

Instrumentation scope (Meter):
	Name: NatureProtector.Simulator.Host
Resource associated with Metric:
	service.name: NatureProtector.Simulator.Host
	service.instance.id: bb16b3c1-3cfb-4565-80d7-da89879d6c3b
	telemetry.sdk.name: opentelemetry
	telemetry.sdk.language: dotnet
	telemetry.sdk.version: 1.10.0

Metric Name: dns.lookup.duration, Description: Measures the time taken to perform a DNS lookup., Unit: s
(2026-05-15T19:33:35.0713776Z, 2026-05-15T19:34:34.1217524Z] dns.question.name: localhost Histogram
Value: Sum: 0,007422300000000001 Count: 2 Min: 0,0004333 Max: 0,006989 
(-Infinity,0,005]:1
(0,005,0,01]:1
(0,01,0,025]:0
(0,025,0,05]:0
(0,05,0,075]:0
(0,075,0,1]:0
(0,1,0,25]:0
(0,25,0,5]:0
(0,5,0,75]:0
(0,75,1]:0
(1,2,5]:0
(2,5,5]:0
(5,7,5]:0
(7,5,10]:0
(10,+Infinity]:0

Instrumentation scope (Meter):
	Name: System.Net.NameResolution
Resource associated with Metric:
	service.name: NatureProtector.Simulator.Host
	service.instance.id: bb16b3c1-3cfb-4565-80d7-da89879d6c3b
	telemetry.sdk.name: opentelemetry
	telemetry.sdk.language: dotnet
	telemetry.sdk.version: 1.10.0

Metric Name: process.memory.usage, Description: The amount of physical memory in use., Unit: By
(2026-05-15T19:33:34.1204994Z, 2026-05-15T19:34:44.1212823Z] LongSumNonMonotonic
Value: 107003904
Instrumentation scope (Meter):
	Name: OpenTelemetry.Instrumentation.Process
	Version: 1.10.0-beta.1
Resource associated with Metric:
	service.name: NatureProtector.Simulator.Host
	service.instance.id: bb16b3c1-3cfb-4565-80d7-da89879d6c3b
	telemetry.sdk.name: opentelemetry
	telemetry.sdk.language: dotnet
	telemetry.sdk.version: 1.10.0

Metric Name: process.memory.virtual, Description: The amount of committed virtual memory., Unit: By
(2026-05-15T19:33:34.1214436Z, 2026-05-15T19:34:44.1212830Z] LongSumNonMonotonic
Value: 2481003020288
Instrumentation scope (Meter):
	Name: OpenTelemetry.Instrumentation.Process
	Version: 1.10.0-beta.1
Resource associated with Metric:
	service.name: NatureProtector.Simulator.Host
	service.instance.id: bb16b3c1-3cfb-4565-80d7-da89879d6c3b
	telemetry.sdk.name: opentelemetry
	telemetry.sdk.language: dotnet
	telemetry.sdk.version: 1.10.0

Metric Name: process.cpu.time, Description: Total CPU seconds broken down by different states., Unit: s
(2026-05-15T19:33:34.1216173Z, 2026-05-15T19:34:44.1212836Z] process.cpu.state: user DoubleSum
Value: 2.0625
Instrumentation scope (Meter):
	Name: OpenTelemetry.Instrumentation.Process
	Version: 1.10.0-beta.1
Resource associated with Metric:
	service.name: NatureProtector.Simulator.Host
	service.instance.id: bb16b3c1-3cfb-4565-80d7-da89879d6c3b
	telemetry.sdk.name: opentelemetry
	telemetry.sdk.language: dotnet
	telemetry.sdk.version: 1.10.0
(2026-05-15T19:33:34.1216173Z, 2026-05-15T19:34:44.1212836Z] process.cpu.state: system DoubleSum
Value: 0.359375
Instrumentation scope (Meter):
	Name: OpenTelemetry.Instrumentation.Process
	Version: 1.10.0-beta.1
Resource associated with Metric:
	service.name: NatureProtector.Simulator.Host
	service.instance.id: bb16b3c1-3cfb-4565-80d7-da89879d6c3b
	telemetry.sdk.name: opentelemetry
	telemetry.sdk.language: dotnet
	telemetry.sdk.version: 1.10.0

Metric Name: process.cpu.count, Description: The number of processors (CPU cores) available to the current process., Unit: {processors}
(2026-05-15T19:33:34.1216365Z, 2026-05-15T19:34:44.1212845Z] LongSumNonMonotonic
Value: 16
Instrumentation scope (Meter):
	Name: OpenTelemetry.Instrumentation.Process
	Version: 1.10.0-beta.1
Resource associated with Metric:
	service.name: NatureProtector.Simulator.Host
	service.instance.id: bb16b3c1-3cfb-4565-80d7-da89879d6c3b
	telemetry.sdk.name: opentelemetry
	telemetry.sdk.language: dotnet
	telemetry.sdk.version: 1.10.0

Metric Name: process.thread.count, Description: Process threads count., Unit: {thread}
(2026-05-15T19:33:34.1216478Z, 2026-05-15T19:34:44.1212847Z] LongSumNonMonotonic
Value: 21
Instrumentation scope (Meter):
	Name: OpenTelemetry.Instrumentation.Process
	Version: 1.10.0-beta.1
Resource associated with Metric:
	service.name: NatureProtector.Simulator.Host
	service.instance.id: bb16b3c1-3cfb-4565-80d7-da89879d6c3b
	telemetry.sdk.name: opentelemetry
	telemetry.sdk.language: dotnet
	telemetry.sdk.version: 1.10.0

Metric Name: dotnet.gc.collections, Description: The number of garbage collections that have occurred since the process has started., Unit: {collection}
(2026-05-15T19:33:34.1216557Z, 2026-05-15T19:34:44.1212850Z] gc.heap.generation: gen2 LongSum
Value: 1
Instrumentation scope (Meter):
	Name: System.Runtime
Resource associated with Metric:
	service.name: NatureProtector.Simulator.Host
	service.instance.id: bb16b3c1-3cfb-4565-80d7-da89879d6c3b
	telemetry.sdk.name: opentelemetry
	telemetry.sdk.language: dotnet
	telemetry.sdk.version: 1.10.0
(2026-05-15T19:33:34.1216557Z, 2026-05-15T19:34:44.1212850Z] gc.heap.generation: gen1 LongSum
Value: 1
Instrumentation scope (Meter):
	Name: System.Runtime
Resource associated with Metric:
	service.name: NatureProtector.Simulator.Host
	service.instance.id: bb16b3c1-3cfb-4565-80d7-da89879d6c3b
	telemetry.sdk.name: opentelemetry
	telemetry.sdk.language: dotnet
	telemetry.sdk.version: 1.10.0
(2026-05-15T19:33:34.1216557Z, 2026-05-15T19:34:44.1212850Z] gc.heap.generation: gen0 LongSum
Value: 2
Instrumentation scope (Meter):
	Name: System.Runtime
Resource associated with Metric:
	service.name: NatureProtector.Simulator.Host
	service.instance.id: bb16b3c1-3cfb-4565-80d7-da89879d6c3b
	telemetry.sdk.name: opentelemetry
	telemetry.sdk.language: dotnet
	telemetry.sdk.version: 1.10.0

Metric Name: dotnet.process.memory.working_set, Description: The number of bytes of physical memory mapped to the process context., Unit: By
(2026-05-15T19:33:34.1216627Z, 2026-05-15T19:34:44.1212851Z] LongSumNonMonotonic
Value: 106377216
Instrumentation scope (Meter):
	Name: System.Runtime
Resource associated with Metric:
	service.name: NatureProtector.Simulator.Host
	service.instance.id: bb16b3c1-3cfb-4565-80d7-da89879d6c3b
	telemetry.sdk.name: opentelemetry
	telemetry.sdk.language: dotnet
	telemetry.sdk.version: 1.10.0

Metric Name: dotnet.gc.heap.total_allocated, Description: The approximate number of bytes allocated on the managed GC heap since the process has started. The returned value does not include any native allocations., Unit: By
(2026-05-15T19:33:34.1216715Z, 2026-05-15T19:34:44.1212853Z] LongSum
Value: 40132824
Instrumentation scope (Meter):
	Name: System.Runtime
Resource associated with Metric:
	service.name: NatureProtector.Simulator.Host
	service.instance.id: bb16b3c1-3cfb-4565-80d7-da89879d6c3b
	telemetry.sdk.name: opentelemetry
	telemetry.sdk.language: dotnet
	telemetry.sdk.version: 1.10.0

Metric Name: dotnet.gc.last_collection.memory.committed_size, Description: The amount of committed virtual memory in use by the .NET GC, as observed during the latest garbage collection., Unit: By
(2026-05-15T19:33:34.1216781Z, 2026-05-15T19:34:44.1212855Z] LongSumNonMonotonic
Value: 20717568
Instrumentation scope (Meter):
	Name: System.Runtime
Resource associated with Metric:
	service.name: NatureProtector.Simulator.Host
	service.instance.id: bb16b3c1-3cfb-4565-80d7-da89879d6c3b
	telemetry.sdk.name: opentelemetry
	telemetry.sdk.language: dotnet
	telemetry.sdk.version: 1.10.0

Metric Name: dotnet.gc.last_collection.heap.size, Description: The managed GC heap size (including fragmentation), as observed during the latest garbage collection., Unit: By
(2026-05-15T19:33:34.1216842Z, 2026-05-15T19:34:44.1212857Z] gc.heap.generation: gen0 LongSumNonMonotonic
Value: 156040
Instrumentation scope (Meter):
	Name: System.Runtime
Resource associated with Metric:
	service.name: NatureProtector.Simulator.Host
	service.instance.id: bb16b3c1-3cfb-4565-80d7-da89879d6c3b
	telemetry.sdk.name: opentelemetry
	telemetry.sdk.language: dotnet
	telemetry.sdk.version: 1.10.0
(2026-05-15T19:33:34.1216842Z, 2026-05-15T19:34:44.1212857Z] gc.heap.generation: gen1 LongSumNonMonotonic
Value: 4105768
Instrumentation scope (Meter):
	Name: System.Runtime
Resource associated with Metric:
	service.name: NatureProtector.Simulator.Host
	service.instance.id: bb16b3c1-3cfb-4565-80d7-da89879d6c3b
	telemetry.sdk.name: opentelemetry
	telemetry.sdk.language: dotnet
	telemetry.sdk.version: 1.10.0
(2026-05-15T19:33:34.1216842Z, 2026-05-15T19:34:44.1212857Z] gc.heap.generation: gen2 LongSumNonMonotonic
Value: 916296
Instrumentation scope (Meter):
	Name: System.Runtime
Resource associated with Metric:
	service.name: NatureProtector.Simulator.Host
	service.instance.id: bb16b3c1-3cfb-4565-80d7-da89879d6c3b
	telemetry.sdk.name: opentelemetry
	telemetry.sdk.language: dotnet
	telemetry.sdk.version: 1.10.0
(2026-05-15T19:33:34.1216842Z, 2026-05-15T19:34:44.1212857Z] gc.heap.generation: loh LongSumNonMonotonic
Value: 6986640
Instrumentation scope (Meter):
	Name: System.Runtime
Resource associated with Metric:
	service.name: NatureProtector.Simulator.Host
	service.instance.id: bb16b3c1-3cfb-4565-80d7-da89879d6c3b
	telemetry.sdk.name: opentelemetry
	telemetry.sdk.language: dotnet
	telemetry.sdk.version: 1.10.0
(2026-05-15T19:33:34.1216842Z, 2026-05-15T19:34:44.1212857Z] gc.heap.generation: poh LongSumNonMonotonic
Value: 58240
Instrumentation scope (Meter):
	Name: System.Runtime
Resource associated with Metric:
	service.name: NatureProtector.Simulator.Host
	service.instance.id: bb16b3c1-3cfb-4565-80d7-da89879d6c3b
	telemetry.sdk.name: opentelemetry
	telemetry.sdk.language: dotnet
	telemetry.sdk.version: 1.10.0

Metric Name: dotnet.gc.last_collection.heap.fragmentation.size, Description: The heap fragmentation, as observed during the latest garbage collection., Unit: By
(2026-05-15T19:33:34.1216929Z, 2026-05-15T19:34:44.1212858Z] gc.heap.generation: gen0 LongSumNonMonotonic
Value: 147656
Instrumentation scope (Meter):
	Name: System.Runtime
Resource associated with Metric:
	service.name: NatureProtector.Simulator.Host
	service.instance.id: bb16b3c1-3cfb-4565-80d7-da89879d6c3b
	telemetry.sdk.name: opentelemetry
	telemetry.sdk.language: dotnet
	telemetry.sdk.version: 1.10.0
(2026-05-15T19:33:34.1216929Z, 2026-05-15T19:34:44.1212858Z] gc.heap.generation: gen1 LongSumNonMonotonic
Value: 67944
Instrumentation scope (Meter):
	Name: System.Runtime
Resource associated with Metric:
	service.name: NatureProtector.Simulator.Host
	service.instance.id: bb16b3c1-3cfb-4565-80d7-da89879d6c3b
	telemetry.sdk.name: opentelemetry
	telemetry.sdk.language: dotnet
	telemetry.sdk.version: 1.10.0
(2026-05-15T19:33:34.1216929Z, 2026-05-15T19:34:44.1212858Z] gc.heap.generation: gen2 LongSumNonMonotonic
Value: 0
Instrumentation scope (Meter):
	Name: System.Runtime
Resource associated with Metric:
	service.name: NatureProtector.Simulator.Host
	service.instance.id: bb16b3c1-3cfb-4565-80d7-da89879d6c3b
	telemetry.sdk.name: opentelemetry
	telemetry.sdk.language: dotnet
	telemetry.sdk.version: 1.10.0
(2026-05-15T19:33:34.1216929Z, 2026-05-15T19:34:44.1212858Z] gc.heap.generation: loh LongSumNonMonotonic
Value: 1120
Instrumentation scope (Meter):
	Name: System.Runtime
Resource associated with Metric:
	service.name: NatureProtector.Simulator.Host
	service.instance.id: bb16b3c1-3cfb-4565-80d7-da89879d6c3b
	telemetry.sdk.name: opentelemetry
	telemetry.sdk.language: dotnet
	telemetry.sdk.version: 1.10.0
(2026-05-15T19:33:34.1216929Z, 2026-05-15T19:34:44.1212858Z] gc.heap.generation: poh LongSumNonMonotonic
Value: 0
Instrumentation scope (Meter):
	Name: System.Runtime
Resource associated with Metric:
	service.name: NatureProtector.Simulator.Host
	service.instance.id: bb16b3c1-3cfb-4565-80d7-da89879d6c3b
	telemetry.sdk.name: opentelemetry
	telemetry.sdk.language: dotnet
	telemetry.sdk.version: 1.10.0

Metric Name: dotnet.gc.pause.time, Description: The total amount of time paused in GC since the process has started., Unit: s
(2026-05-15T19:33:34.1223505Z, 2026-05-15T19:34:44.1212861Z] DoubleSum
Value: 0.021885
Instrumentation scope (Meter):
	Name: System.Runtime
Resource associated with Metric:
	service.name: NatureProtector.Simulator.Host
	service.instance.id: bb16b3c1-3cfb-4565-80d7-da89879d6c3b
	telemetry.sdk.name: opentelemetry
	telemetry.sdk.language: dotnet
	telemetry.sdk.version: 1.10.0

Metric Name: dotnet.jit.compiled_il.size, Description: Count of bytes of intermediate language that have been compiled since the process has started., Unit: By
(2026-05-15T19:33:34.1223612Z, 2026-05-15T19:34:44.1212862Z] LongSum
Value: 1140830
Instrumentation scope (Meter):
	Name: System.Runtime
Resource associated with Metric:
	service.name: NatureProtector.Simulator.Host
	service.instance.id: bb16b3c1-3cfb-4565-80d7-da89879d6c3b
	telemetry.sdk.name: opentelemetry
	telemetry.sdk.language: dotnet
	telemetry.sdk.version: 1.10.0

Metric Name: dotnet.jit.compiled_methods, Description: The number of times the JIT compiler (re)compiled methods since the process has started., Unit: {method}
(2026-05-15T19:33:34.1223677Z, 2026-05-15T19:34:44.1212864Z] LongSum
Value: 14780
Instrumentation scope (Meter):
	Name: System.Runtime
Resource associated with Metric:
	service.name: NatureProtector.Simulator.Host
	service.instance.id: bb16b3c1-3cfb-4565-80d7-da89879d6c3b
	telemetry.sdk.name: opentelemetry
	telemetry.sdk.language: dotnet
	telemetry.sdk.version: 1.10.0

Metric Name: dotnet.jit.compilation.time, Description: The number of times the JIT compiler (re)compiled methods since the process has started., Unit: s
(2026-05-15T19:33:34.1223770Z, 2026-05-15T19:34:44.1212867Z] DoubleSum
Value: 1.5388384
Instrumentation scope (Meter):
	Name: System.Runtime
Resource associated with Metric:
	service.name: NatureProtector.Simulator.Host
	service.instance.id: bb16b3c1-3cfb-4565-80d7-da89879d6c3b
	telemetry.sdk.name: opentelemetry
	telemetry.sdk.language: dotnet
	telemetry.sdk.version: 1.10.0

Metric Name: dotnet.monitor.lock_contentions, Description: The number of times there was contention when trying to acquire a monitor lock since the process has started., Unit: {contention}
(2026-05-15T19:33:34.1223859Z, 2026-05-15T19:34:44.1212868Z] LongSum
Value: 33
Instrumentation scope (Meter):
	Name: System.Runtime
Resource associated with Metric:
	service.name: NatureProtector.Simulator.Host
	service.instance.id: bb16b3c1-3cfb-4565-80d7-da89879d6c3b
	telemetry.sdk.name: opentelemetry
	telemetry.sdk.language: dotnet
	telemetry.sdk.version: 1.10.0

Metric Name: dotnet.thread_pool.thread.count, Description: The number of thread pool threads that currently exist., Unit: {thread}
(2026-05-15T19:33:34.1223933Z, 2026-05-15T19:34:44.1212869Z] LongSum
Value: 2
Instrumentation scope (Meter):
	Name: System.Runtime
Resource associated with Metric:
	service.name: NatureProtector.Simulator.Host
	service.instance.id: bb16b3c1-3cfb-4565-80d7-da89879d6c3b
	telemetry.sdk.name: opentelemetry
	telemetry.sdk.language: dotnet
	telemetry.sdk.version: 1.10.0

Metric Name: dotnet.thread_pool.work_item.count, Description: The number of work items that the thread pool has completed since the process has started., Unit: {work_item}
(2026-05-15T19:33:34.1223994Z, 2026-05-15T19:34:44.1212871Z] LongSum
Value: 122
Instrumentation scope (Meter):
	Name: System.Runtime
Resource associated with Metric:
	service.name: NatureProtector.Simulator.Host
	service.instance.id: bb16b3c1-3cfb-4565-80d7-da89879d6c3b
	telemetry.sdk.name: opentelemetry
	telemetry.sdk.language: dotnet
	telemetry.sdk.version: 1.10.0

Metric Name: dotnet.thread_pool.queue.length, Description: The number of work items that are currently queued to be processed by the thread pool., Unit: {work_item}
(2026-05-15T19:33:34.1224079Z, 2026-05-15T19:34:44.1212873Z] LongSum
Value: 0
Instrumentation scope (Meter):
	Name: System.Runtime
Resource associated with Metric:
	service.name: NatureProtector.Simulator.Host
	service.instance.id: bb16b3c1-3cfb-4565-80d7-da89879d6c3b
	telemetry.sdk.name: opentelemetry
	telemetry.sdk.language: dotnet
	telemetry.sdk.version: 1.10.0

Metric Name: dotnet.timer.count, Description: The number of timer instances that are currently active. An active timer is registered to tick at some point in the future and has not yet been canceled., Unit: {timer}
(2026-05-15T19:33:34.1224139Z, 2026-05-15T19:34:44.1212875Z] LongSumNonMonotonic
Value: 4
Instrumentation scope (Meter):
	Name: System.Runtime
Resource associated with Metric:
	service.name: NatureProtector.Simulator.Host
	service.instance.id: bb16b3c1-3cfb-4565-80d7-da89879d6c3b
	telemetry.sdk.name: opentelemetry
	telemetry.sdk.language: dotnet
	telemetry.sdk.version: 1.10.0

Metric Name: dotnet.assembly.count, Description: The number of .NET assemblies that are currently loaded., Unit: {assembly}
(2026-05-15T19:33:34.1224223Z, 2026-05-15T19:34:44.1212877Z] LongSumNonMonotonic
Value: 105
Instrumentation scope (Meter):
	Name: System.Runtime
Resource associated with Metric:
	service.name: NatureProtector.Simulator.Host
	service.instance.id: bb16b3c1-3cfb-4565-80d7-da89879d6c3b
	telemetry.sdk.name: opentelemetry
	telemetry.sdk.language: dotnet
	telemetry.sdk.version: 1.10.0

Metric Name: dotnet.process.cpu.count, Description: The number of processors available to the process., Unit: {cpu}
(2026-05-15T19:33:34.1259575Z, 2026-05-15T19:34:44.1212882Z] LongSumNonMonotonic
Value: 16
Instrumentation scope (Meter):
	Name: System.Runtime
Resource associated with Metric:
	service.name: NatureProtector.Simulator.Host
	service.instance.id: bb16b3c1-3cfb-4565-80d7-da89879d6c3b
	telemetry.sdk.name: opentelemetry
	telemetry.sdk.language: dotnet
	telemetry.sdk.version: 1.10.0

Metric Name: dotnet.process.cpu.time, Description: CPU time used by the process., Unit: s
(2026-05-15T19:33:34.1259807Z, 2026-05-15T19:34:44.1212884Z] cpu.mode: user DoubleSum
Value: 2.0625
Instrumentation scope (Meter):
	Name: System.Runtime
Resource associated with Metric:
	service.name: NatureProtector.Simulator.Host
	service.instance.id: bb16b3c1-3cfb-4565-80d7-da89879d6c3b
	telemetry.sdk.name: opentelemetry
	telemetry.sdk.language: dotnet
	telemetry.sdk.version: 1.10.0
(2026-05-15T19:33:34.1259807Z, 2026-05-15T19:34:44.1212884Z] cpu.mode: system DoubleSum
Value: 0.375
Instrumentation scope (Meter):
	Name: System.Runtime
Resource associated with Metric:
	service.name: NatureProtector.Simulator.Host
	service.instance.id: bb16b3c1-3cfb-4565-80d7-da89879d6c3b
	telemetry.sdk.name: opentelemetry
	telemetry.sdk.language: dotnet
	telemetry.sdk.version: 1.10.0

Metric Name: natureprotector.simulator.context.creations
(2026-05-15T19:33:34.1402472Z, 2026-05-15T19:34:44.1212888Z] LongSum
Value: 1
Instrumentation scope (Meter):
	Name: NatureProtector.Simulator.Host
Resource associated with Metric:
	service.name: NatureProtector.Simulator.Host
	service.instance.id: bb16b3c1-3cfb-4565-80d7-da89879d6c3b
	telemetry.sdk.name: opentelemetry
	telemetry.sdk.language: dotnet
	telemetry.sdk.version: 1.10.0

Metric Name: natureprotector.simulator.context.creation.duration, Unit: ms
(2026-05-15T19:33:34.1406933Z, 2026-05-15T19:34:44.1212895Z] Histogram
Value: Sum: 1237,8026 Count: 1 Min: 1237,8026 Max: 1237,8026 
(-Infinity,0]:0
(0,5]:0
(5,10]:0
(10,25]:0
(25,50]:0
(50,75]:0
(75,100]:0
(100,250]:0
(250,500]:0
(500,750]:0
(750,1000]:0
(1000,2500]:1
(2500,5000]:0
(5000,7500]:0
(7500,10000]:0
(10000,+Infinity]:0

Instrumentation scope (Meter):
	Name: NatureProtector.Simulator.Host
Resource associated with Metric:
	service.name: NatureProtector.Simulator.Host
	service.instance.id: bb16b3c1-3cfb-4565-80d7-da89879d6c3b
	telemetry.sdk.name: opentelemetry
	telemetry.sdk.language: dotnet
	telemetry.sdk.version: 1.10.0

Metric Name: natureprotector.simulator.runs
(2026-05-15T19:33:34.1407131Z, 2026-05-15T19:34:44.1212899Z] np.outcome: started LongSum
Value: 1
Instrumentation scope (Meter):
	Name: NatureProtector.Simulator.Host
Resource associated with Metric:
	service.name: NatureProtector.Simulator.Host
	service.instance.id: bb16b3c1-3cfb-4565-80d7-da89879d6c3b
	telemetry.sdk.name: opentelemetry
	telemetry.sdk.language: dotnet
	telemetry.sdk.version: 1.10.0
(2026-05-15T19:33:34.1407131Z, 2026-05-15T19:34:44.1212899Z] np.outcome: completed LongSum
Value: 1
Instrumentation scope (Meter):
	Name: NatureProtector.Simulator.Host
Resource associated with Metric:
	service.name: NatureProtector.Simulator.Host
	service.instance.id: bb16b3c1-3cfb-4565-80d7-da89879d6c3b
	telemetry.sdk.name: opentelemetry
	telemetry.sdk.language: dotnet
	telemetry.sdk.version: 1.10.0

Metric Name: natureprotector.simulator.run.duration, Unit: ms
(2026-05-15T19:33:34.1407231Z, 2026-05-15T19:34:44.1212906Z] np.outcome: completed Histogram
Value: Sum: 21764,3145 Count: 1 Min: 21764,3145 Max: 21764,3145 
(-Infinity,0]:0
(0,5]:0
(5,10]:0
(10,25]:0
(25,50]:0
(50,75]:0
(75,100]:0
(100,250]:0
(250,500]:0
(500,750]:0
(750,1000]:0
(1000,2500]:0
(2500,5000]:0
(5000,7500]:0
(7500,10000]:0
(10000,+Infinity]:1

Instrumentation scope (Meter):
	Name: NatureProtector.Simulator.Host
Resource associated with Metric:
	service.name: NatureProtector.Simulator.Host
	service.instance.id: bb16b3c1-3cfb-4565-80d7-da89879d6c3b
	telemetry.sdk.name: opentelemetry
	telemetry.sdk.language: dotnet
	telemetry.sdk.version: 1.10.0

Metric Name: natureprotector.simulator.publish.messages
(2026-05-15T19:33:34.1407299Z, 2026-05-15T19:34:44.1212910Z] LongSum
Value: 30
Instrumentation scope (Meter):
	Name: NatureProtector.Simulator.Host
Resource associated with Metric:
	service.name: NatureProtector.Simulator.Host
	service.instance.id: bb16b3c1-3cfb-4565-80d7-da89879d6c3b
	telemetry.sdk.name: opentelemetry
	telemetry.sdk.language: dotnet
	telemetry.sdk.version: 1.10.0

Metric Name: natureprotector.simulator.publish.batch.size
(2026-05-15T19:33:34.1411579Z, 2026-05-15T19:34:44.1212922Z] Histogram
Value: Sum: 30 Count: 5 Min: 6 Max: 6 
(-Infinity,0]:0
(0,5]:0
(5,10]:5
(10,25]:0
(25,50]:0
(50,75]:0
(75,100]:0
(100,250]:0
(250,500]:0
(500,750]:0
(750,1000]:0
(1000,2500]:0
(2500,5000]:0
(5000,7500]:0
(7500,10000]:0
(10000,+Infinity]:0

Instrumentation scope (Meter):
	Name: NatureProtector.Simulator.Host
Resource associated with Metric:
	service.name: NatureProtector.Simulator.Host
	service.instance.id: bb16b3c1-3cfb-4565-80d7-da89879d6c3b
	telemetry.sdk.name: opentelemetry
	telemetry.sdk.language: dotnet
	telemetry.sdk.version: 1.10.0

Metric Name: natureprotector.simulator.publish.duration, Unit: ms
(2026-05-15T19:33:34.1411747Z, 2026-05-15T19:34:44.1212928Z] Histogram
Value: Sum: 368,4914 Count: 35 Min: 0,0686 Max: 130,9608 
(-Infinity,0]:0
(0,5]:29
(5,10]:0
(10,25]:0
(25,50]:4
(50,75]:0
(75,100]:0
(100,250]:2
(250,500]:0
(500,750]:0
(750,1000]:0
(1000,2500]:0
(2500,5000]:0
(5000,7500]:0
(7500,10000]:0
(10000,+Infinity]:0

Instrumentation scope (Meter):
	Name: NatureProtector.Simulator.Host
Resource associated with Metric:
	service.name: NatureProtector.Simulator.Host
	service.instance.id: bb16b3c1-3cfb-4565-80d7-da89879d6c3b
	telemetry.sdk.name: opentelemetry
	telemetry.sdk.language: dotnet
	telemetry.sdk.version: 1.10.0

Metric Name: dns.lookup.duration, Description: Measures the time taken to perform a DNS lookup., Unit: s
(2026-05-15T19:33:35.0713776Z, 2026-05-15T19:34:44.1212937Z] dns.question.name: localhost Histogram
Value: Sum: 0,007422300000000001 Count: 2 Min: 0,0004333 Max: 0,006989 
(-Infinity,0,005]:1
(0,005,0,01]:1
(0,01,0,025]:0
(0,025,0,05]:0
(0,05,0,075]:0
(0,075,0,1]:0
(0,1,0,25]:0
(0,25,0,5]:0
(0,5,0,75]:0
(0,75,1]:0
(1,2,5]:0
(2,5,5]:0
(5,7,5]:0
(7,5,10]:0
(10,+Infinity]:0

Instrumentation scope (Meter):
	Name: System.Net.NameResolution
Resource associated with Metric:
	service.name: NatureProtector.Simulator.Host
	service.instance.id: bb16b3c1-3cfb-4565-80d7-da89879d6c3b
	telemetry.sdk.name: opentelemetry
	telemetry.sdk.language: dotnet
	telemetry.sdk.version: 1.10.0

Metric Name: process.memory.usage, Description: The amount of physical memory in use., Unit: By
(2026-05-15T19:33:34.1204994Z, 2026-05-15T19:34:54.1195706Z] LongSumNonMonotonic
Value: 107225088
Instrumentation scope (Meter):
	Name: OpenTelemetry.Instrumentation.Process
	Version: 1.10.0-beta.1
Resource associated with Metric:
	service.name: NatureProtector.Simulator.Host
	service.instance.id: bb16b3c1-3cfb-4565-80d7-da89879d6c3b
	telemetry.sdk.name: opentelemetry
	telemetry.sdk.language: dotnet
	telemetry.sdk.version: 1.10.0

Metric Name: process.memory.virtual, Description: The amount of committed virtual memory., Unit: By
(2026-05-15T19:33:34.1214436Z, 2026-05-15T19:34:54.1195713Z] LongSumNonMonotonic
Value: 2481003085824
Instrumentation scope (Meter):
	Name: OpenTelemetry.Instrumentation.Process
	Version: 1.10.0-beta.1
Resource associated with Metric:
	service.name: NatureProtector.Simulator.Host
	service.instance.id: bb16b3c1-3cfb-4565-80d7-da89879d6c3b
	telemetry.sdk.name: opentelemetry
	telemetry.sdk.language: dotnet
	telemetry.sdk.version: 1.10.0

Metric Name: process.cpu.time, Description: Total CPU seconds broken down by different states., Unit: s
(2026-05-15T19:33:34.1216173Z, 2026-05-15T19:34:54.1195719Z] process.cpu.state: user DoubleSum
Value: 2.0625
Instrumentation scope (Meter):
	Name: OpenTelemetry.Instrumentation.Process
	Version: 1.10.0-beta.1
Resource associated with Metric:
	service.name: NatureProtector.Simulator.Host
	service.instance.id: bb16b3c1-3cfb-4565-80d7-da89879d6c3b
	telemetry.sdk.name: opentelemetry
	telemetry.sdk.language: dotnet
	telemetry.sdk.version: 1.10.0
(2026-05-15T19:33:34.1216173Z, 2026-05-15T19:34:54.1195719Z] process.cpu.state: system DoubleSum
Value: 0.40625
Instrumentation scope (Meter):
	Name: OpenTelemetry.Instrumentation.Process
	Version: 1.10.0-beta.1
Resource associated with Metric:
	service.name: NatureProtector.Simulator.Host
	service.instance.id: bb16b3c1-3cfb-4565-80d7-da89879d6c3b
	telemetry.sdk.name: opentelemetry
	telemetry.sdk.language: dotnet
	telemetry.sdk.version: 1.10.0

Metric Name: process.cpu.count, Description: The number of processors (CPU cores) available to the current process., Unit: {processors}
(2026-05-15T19:33:34.1216365Z, 2026-05-15T19:34:54.1195731Z] LongSumNonMonotonic
Value: 16
Instrumentation scope (Meter):
	Name: OpenTelemetry.Instrumentation.Process
	Version: 1.10.0-beta.1
Resource associated with Metric:
	service.name: NatureProtector.Simulator.Host
	service.instance.id: bb16b3c1-3cfb-4565-80d7-da89879d6c3b
	telemetry.sdk.name: opentelemetry
	telemetry.sdk.language: dotnet
	telemetry.sdk.version: 1.10.0

Metric Name: process.thread.count, Description: Process threads count., Unit: {thread}
(2026-05-15T19:33:34.1216478Z, 2026-05-15T19:34:54.1195734Z] LongSumNonMonotonic
Value: 21
Instrumentation scope (Meter):
	Name: OpenTelemetry.Instrumentation.Process
	Version: 1.10.0-beta.1
Resource associated with Metric:
	service.name: NatureProtector.Simulator.Host
	service.instance.id: bb16b3c1-3cfb-4565-80d7-da89879d6c3b
	telemetry.sdk.name: opentelemetry
	telemetry.sdk.language: dotnet
	telemetry.sdk.version: 1.10.0

Metric Name: dotnet.gc.collections, Description: The number of garbage collections that have occurred since the process has started., Unit: {collection}
(2026-05-15T19:33:34.1216557Z, 2026-05-15T19:34:54.1195736Z] gc.heap.generation: gen2 LongSum
Value: 1
Instrumentation scope (Meter):
	Name: System.Runtime
Resource associated with Metric:
	service.name: NatureProtector.Simulator.Host
	service.instance.id: bb16b3c1-3cfb-4565-80d7-da89879d6c3b
	telemetry.sdk.name: opentelemetry
	telemetry.sdk.language: dotnet
	telemetry.sdk.version: 1.10.0
(2026-05-15T19:33:34.1216557Z, 2026-05-15T19:34:54.1195736Z] gc.heap.generation: gen1 LongSum
Value: 1
Instrumentation scope (Meter):
	Name: System.Runtime
Resource associated with Metric:
	service.name: NatureProtector.Simulator.Host
	service.instance.id: bb16b3c1-3cfb-4565-80d7-da89879d6c3b
	telemetry.sdk.name: opentelemetry
	telemetry.sdk.language: dotnet
	telemetry.sdk.version: 1.10.0
(2026-05-15T19:33:34.1216557Z, 2026-05-15T19:34:54.1195736Z] gc.heap.generation: gen0 LongSum
Value: 2
Instrumentation scope (Meter):
	Name: System.Runtime
Resource associated with Metric:
	service.name: NatureProtector.Simulator.Host
	service.instance.id: bb16b3c1-3cfb-4565-80d7-da89879d6c3b
	telemetry.sdk.name: opentelemetry
	telemetry.sdk.language: dotnet
	telemetry.sdk.version: 1.10.0

Metric Name: dotnet.process.memory.working_set, Description: The number of bytes of physical memory mapped to the process context., Unit: By
(2026-05-15T19:33:34.1216627Z, 2026-05-15T19:34:54.1195738Z] LongSumNonMonotonic
Value: 106618880
Instrumentation scope (Meter):
	Name: System.Runtime
Resource associated with Metric:
	service.name: NatureProtector.Simulator.Host
	service.instance.id: bb16b3c1-3cfb-4565-80d7-da89879d6c3b
	telemetry.sdk.name: opentelemetry
	telemetry.sdk.language: dotnet
	telemetry.sdk.version: 1.10.0

Metric Name: dotnet.gc.heap.total_allocated, Description: The approximate number of bytes allocated on the managed GC heap since the process has started. The returned value does not include any native allocations., Unit: By
(2026-05-15T19:33:34.1216715Z, 2026-05-15T19:34:54.1195739Z] LongSum
Value: 40296824
Instrumentation scope (Meter):
	Name: System.Runtime
Resource associated with Metric:
	service.name: NatureProtector.Simulator.Host
	service.instance.id: bb16b3c1-3cfb-4565-80d7-da89879d6c3b
	telemetry.sdk.name: opentelemetry
	telemetry.sdk.language: dotnet
	telemetry.sdk.version: 1.10.0

Metric Name: dotnet.gc.last_collection.memory.committed_size, Description: The amount of committed virtual memory in use by the .NET GC, as observed during the latest garbage collection., Unit: By
(2026-05-15T19:33:34.1216781Z, 2026-05-15T19:34:54.1195740Z] LongSumNonMonotonic
Value: 20717568
Instrumentation scope (Meter):
	Name: System.Runtime
Resource associated with Metric:
	service.name: NatureProtector.Simulator.Host
	service.instance.id: bb16b3c1-3cfb-4565-80d7-da89879d6c3b
	telemetry.sdk.name: opentelemetry
	telemetry.sdk.language: dotnet
	telemetry.sdk.version: 1.10.0

Metric Name: dotnet.gc.last_collection.heap.size, Description: The managed GC heap size (including fragmentation), as observed during the latest garbage collection., Unit: By
(2026-05-15T19:33:34.1216842Z, 2026-05-15T19:34:54.1195741Z] gc.heap.generation: gen0 LongSumNonMonotonic
Value: 156040
Instrumentation scope (Meter):
	Name: System.Runtime
Resource associated with Metric:
	service.name: NatureProtector.Simulator.Host
	service.instance.id: bb16b3c1-3cfb-4565-80d7-da89879d6c3b
	telemetry.sdk.name: opentelemetry
	telemetry.sdk.language: dotnet
	telemetry.sdk.version: 1.10.0
(2026-05-15T19:33:34.1216842Z, 2026-05-15T19:34:54.1195741Z] gc.heap.generation: gen1 LongSumNonMonotonic
Value: 4105768
Instrumentation scope (Meter):
	Name: System.Runtime
Resource associated with Metric:
	service.name: NatureProtector.Simulator.Host
	service.instance.id: bb16b3c1-3cfb-4565-80d7-da89879d6c3b
	telemetry.sdk.name: opentelemetry
	telemetry.sdk.language: dotnet
	telemetry.sdk.version: 1.10.0
(2026-05-15T19:33:34.1216842Z, 2026-05-15T19:34:54.1195741Z] gc.heap.generation: gen2 LongSumNonMonotonic
Value: 916296
Instrumentation scope (Meter):
	Name: System.Runtime
Resource associated with Metric:
	service.name: NatureProtector.Simulator.Host
	service.instance.id: bb16b3c1-3cfb-4565-80d7-da89879d6c3b
	telemetry.sdk.name: opentelemetry
	telemetry.sdk.language: dotnet
	telemetry.sdk.version: 1.10.0
(2026-05-15T19:33:34.1216842Z, 2026-05-15T19:34:54.1195741Z] gc.heap.generation: loh LongSumNonMonotonic
Value: 6986640
Instrumentation scope (Meter):
	Name: System.Runtime
Resource associated with Metric:
	service.name: NatureProtector.Simulator.Host
	service.instance.id: bb16b3c1-3cfb-4565-80d7-da89879d6c3b
	telemetry.sdk.name: opentelemetry
	telemetry.sdk.language: dotnet
	telemetry.sdk.version: 1.10.0
(2026-05-15T19:33:34.1216842Z, 2026-05-15T19:34:54.1195741Z] gc.heap.generation: poh LongSumNonMonotonic
Value: 58240
Instrumentation scope (Meter):
	Name: System.Runtime
Resource associated with Metric:
	service.name: NatureProtector.Simulator.Host
	service.instance.id: bb16b3c1-3cfb-4565-80d7-da89879d6c3b
	telemetry.sdk.name: opentelemetry
	telemetry.sdk.language: dotnet
	telemetry.sdk.version: 1.10.0

Metric Name: dotnet.gc.last_collection.heap.fragmentation.size, Description: The heap fragmentation, as observed during the latest garbage collection., Unit: By
(2026-05-15T19:33:34.1216929Z, 2026-05-15T19:34:54.1195742Z] gc.heap.generation: gen0 LongSumNonMonotonic
Value: 147656
Instrumentation scope (Meter):
	Name: System.Runtime
Resource associated with Metric:
	service.name: NatureProtector.Simulator.Host
	service.instance.id: bb16b3c1-3cfb-4565-80d7-da89879d6c3b
	telemetry.sdk.name: opentelemetry
	telemetry.sdk.language: dotnet
	telemetry.sdk.version: 1.10.0
(2026-05-15T19:33:34.1216929Z, 2026-05-15T19:34:54.1195742Z] gc.heap.generation: gen1 LongSumNonMonotonic
Value: 67944
Instrumentation scope (Meter):
	Name: System.Runtime
Resource associated with Metric:
	service.name: NatureProtector.Simulator.Host
	service.instance.id: bb16b3c1-3cfb-4565-80d7-da89879d6c3b
	telemetry.sdk.name: opentelemetry
	telemetry.sdk.language: dotnet
	telemetry.sdk.version: 1.10.0
(2026-05-15T19:33:34.1216929Z, 2026-05-15T19:34:54.1195742Z] gc.heap.generation: gen2 LongSumNonMonotonic
Value: 0
Instrumentation scope (Meter):
	Name: System.Runtime
Resource associated with Metric:
	service.name: NatureProtector.Simulator.Host
	service.instance.id: bb16b3c1-3cfb-4565-80d7-da89879d6c3b
	telemetry.sdk.name: opentelemetry
	telemetry.sdk.language: dotnet
	telemetry.sdk.version: 1.10.0
(2026-05-15T19:33:34.1216929Z, 2026-05-15T19:34:54.1195742Z] gc.heap.generation: loh LongSumNonMonotonic
Value: 1120
Instrumentation scope (Meter):
	Name: System.Runtime
Resource associated with Metric:
	service.name: NatureProtector.Simulator.Host
	service.instance.id: bb16b3c1-3cfb-4565-80d7-da89879d6c3b
	telemetry.sdk.name: opentelemetry
	telemetry.sdk.language: dotnet
	telemetry.sdk.version: 1.10.0
(2026-05-15T19:33:34.1216929Z, 2026-05-15T19:34:54.1195742Z] gc.heap.generation: poh LongSumNonMonotonic
Value: 0
Instrumentation scope (Meter):
	Name: System.Runtime
Resource associated with Metric:
	service.name: NatureProtector.Simulator.Host
	service.instance.id: bb16b3c1-3cfb-4565-80d7-da89879d6c3b
	telemetry.sdk.name: opentelemetry
	telemetry.sdk.language: dotnet
	telemetry.sdk.version: 1.10.0

Metric Name: dotnet.gc.pause.time, Description: The total amount of time paused in GC since the process has started., Unit: s
(2026-05-15T19:33:34.1223505Z, 2026-05-15T19:34:54.1195744Z] DoubleSum
Value: 0.021885
Instrumentation scope (Meter):
	Name: System.Runtime
Resource associated with Metric:
	service.name: NatureProtector.Simulator.Host
	service.instance.id: bb16b3c1-3cfb-4565-80d7-da89879d6c3b
	telemetry.sdk.name: opentelemetry
	telemetry.sdk.language: dotnet
	telemetry.sdk.version: 1.10.0

Metric Name: dotnet.jit.compiled_il.size, Description: Count of bytes of intermediate language that have been compiled since the process has started., Unit: By
(2026-05-15T19:33:34.1223612Z, 2026-05-15T19:34:54.1195745Z] LongSum
Value: 1142621
Instrumentation scope (Meter):
	Name: System.Runtime
Resource associated with Metric:
	service.name: NatureProtector.Simulator.Host
	service.instance.id: bb16b3c1-3cfb-4565-80d7-da89879d6c3b
	telemetry.sdk.name: opentelemetry
	telemetry.sdk.language: dotnet
	telemetry.sdk.version: 1.10.0

Metric Name: dotnet.jit.compiled_methods, Description: The number of times the JIT compiler (re)compiled methods since the process has started., Unit: {method}
(2026-05-15T19:33:34.1223677Z, 2026-05-15T19:34:54.1195748Z] LongSum
Value: 14797
Instrumentation scope (Meter):
	Name: System.Runtime
Resource associated with Metric:
	service.name: NatureProtector.Simulator.Host
	service.instance.id: bb16b3c1-3cfb-4565-80d7-da89879d6c3b
	telemetry.sdk.name: opentelemetry
	telemetry.sdk.language: dotnet
	telemetry.sdk.version: 1.10.0

Metric Name: dotnet.jit.compilation.time, Description: The number of times the JIT compiler (re)compiled methods since the process has started., Unit: s
(2026-05-15T19:33:34.1223770Z, 2026-05-15T19:34:54.1195749Z] DoubleSum
Value: 1.5441764
Instrumentation scope (Meter):
	Name: System.Runtime
Resource associated with Metric:
	service.name: NatureProtector.Simulator.Host
	service.instance.id: bb16b3c1-3cfb-4565-80d7-da89879d6c3b
	telemetry.sdk.name: opentelemetry
	telemetry.sdk.language: dotnet
	telemetry.sdk.version: 1.10.0

Metric Name: dotnet.monitor.lock_contentions, Description: The number of times there was contention when trying to acquire a monitor lock since the process has started., Unit: {contention}
(2026-05-15T19:33:34.1223859Z, 2026-05-15T19:34:54.1195754Z] LongSum
Value: 33
Instrumentation scope (Meter):
	Name: System.Runtime
Resource associated with Metric:
	service.name: NatureProtector.Simulator.Host
	service.instance.id: bb16b3c1-3cfb-4565-80d7-da89879d6c3b
	telemetry.sdk.name: opentelemetry
	telemetry.sdk.language: dotnet
	telemetry.sdk.version: 1.10.0

Metric Name: dotnet.thread_pool.thread.count, Description: The number of thread pool threads that currently exist., Unit: {thread}
(2026-05-15T19:33:34.1223933Z, 2026-05-15T19:34:54.1195755Z] LongSum
Value: 2
Instrumentation scope (Meter):
	Name: System.Runtime
Resource associated with Metric:
	service.name: NatureProtector.Simulator.Host
	service.instance.id: bb16b3c1-3cfb-4565-80d7-da89879d6c3b
	telemetry.sdk.name: opentelemetry
	telemetry.sdk.language: dotnet
	telemetry.sdk.version: 1.10.0

Metric Name: dotnet.thread_pool.work_item.count, Description: The number of work items that the thread pool has completed since the process has started., Unit: {work_item}
(2026-05-15T19:33:34.1223994Z, 2026-05-15T19:34:54.1195757Z] LongSum
Value: 126
Instrumentation scope (Meter):
	Name: System.Runtime
Resource associated with Metric:
	service.name: NatureProtector.Simulator.Host
	service.instance.id: bb16b3c1-3cfb-4565-80d7-da89879d6c3b
	telemetry.sdk.name: opentelemetry
	telemetry.sdk.language: dotnet
	telemetry.sdk.version: 1.10.0

Metric Name: dotnet.thread_pool.queue.length, Description: The number of work items that are currently queued to be processed by the thread pool., Unit: {work_item}
(2026-05-15T19:33:34.1224079Z, 2026-05-15T19:34:54.1195758Z] LongSum
Value: 0
Instrumentation scope (Meter):
	Name: System.Runtime
Resource associated with Metric:
	service.name: NatureProtector.Simulator.Host
	service.instance.id: bb16b3c1-3cfb-4565-80d7-da89879d6c3b
	telemetry.sdk.name: opentelemetry
	telemetry.sdk.language: dotnet
	telemetry.sdk.version: 1.10.0

Metric Name: dotnet.timer.count, Description: The number of timer instances that are currently active. An active timer is registered to tick at some point in the future and has not yet been canceled., Unit: {timer}
(2026-05-15T19:33:34.1224139Z, 2026-05-15T19:34:54.1195760Z] LongSumNonMonotonic
Value: 4
Instrumentation scope (Meter):
	Name: System.Runtime
Resource associated with Metric:
	service.name: NatureProtector.Simulator.Host
	service.instance.id: bb16b3c1-3cfb-4565-80d7-da89879d6c3b
	telemetry.sdk.name: opentelemetry
	telemetry.sdk.language: dotnet
	telemetry.sdk.version: 1.10.0

Metric Name: dotnet.assembly.count, Description: The number of .NET assemblies that are currently loaded., Unit: {assembly}
(2026-05-15T19:33:34.1224223Z, 2026-05-15T19:34:54.1195762Z] LongSumNonMonotonic
Value: 105
Instrumentation scope (Meter):
	Name: System.Runtime
Resource associated with Metric:
	service.name: NatureProtector.Simulator.Host
	service.instance.id: bb16b3c1-3cfb-4565-80d7-da89879d6c3b
	telemetry.sdk.name: opentelemetry
	telemetry.sdk.language: dotnet
	telemetry.sdk.version: 1.10.0

Metric Name: dotnet.process.cpu.count, Description: The number of processors available to the process., Unit: {cpu}
(2026-05-15T19:33:34.1259575Z, 2026-05-15T19:34:54.1195766Z] LongSumNonMonotonic
Value: 16
Instrumentation scope (Meter):
	Name: System.Runtime
Resource associated with Metric:
	service.name: NatureProtector.Simulator.Host
	service.instance.id: bb16b3c1-3cfb-4565-80d7-da89879d6c3b
	telemetry.sdk.name: opentelemetry
	telemetry.sdk.language: dotnet
	telemetry.sdk.version: 1.10.0

Metric Name: dotnet.process.cpu.time, Description: CPU time used by the process., Unit: s
(2026-05-15T19:33:34.1259807Z, 2026-05-15T19:34:54.1195767Z] cpu.mode: user DoubleSum
Value: 2.0625
Instrumentation scope (Meter):
	Name: System.Runtime
Resource associated with Metric:
	service.name: NatureProtector.Simulator.Host
	service.instance.id: bb16b3c1-3cfb-4565-80d7-da89879d6c3b
	telemetry.sdk.name: opentelemetry
	telemetry.sdk.language: dotnet
	telemetry.sdk.version: 1.10.0
(2026-05-15T19:33:34.1259807Z, 2026-05-15T19:34:54.1195767Z] cpu.mode: system DoubleSum
Value: 0.421875
Instrumentation scope (Meter):
	Name: System.Runtime
Resource associated with Metric:
	service.name: NatureProtector.Simulator.Host
	service.instance.id: bb16b3c1-3cfb-4565-80d7-da89879d6c3b
	telemetry.sdk.name: opentelemetry
	telemetry.sdk.language: dotnet
	telemetry.sdk.version: 1.10.0

Metric Name: natureprotector.simulator.context.creations
(2026-05-15T19:33:34.1402472Z, 2026-05-15T19:34:54.1195770Z] LongSum
Value: 1
Instrumentation scope (Meter):
	Name: NatureProtector.Simulator.Host
Resource associated with Metric:
	service.name: NatureProtector.Simulator.Host
	service.instance.id: bb16b3c1-3cfb-4565-80d7-da89879d6c3b
	telemetry.sdk.name: opentelemetry
	telemetry.sdk.language: dotnet
	telemetry.sdk.version: 1.10.0

Metric Name: natureprotector.simulator.context.creation.duration, Unit: ms
(2026-05-15T19:33:34.1406933Z, 2026-05-15T19:34:54.1195777Z] Histogram
Value: Sum: 1237,8026 Count: 1 Min: 1237,8026 Max: 1237,8026 
(-Infinity,0]:0
(0,5]:0
(5,10]:0
(10,25]:0
(25,50]:0
(50,75]:0
(75,100]:0
(100,250]:0
(250,500]:0
(500,750]:0
(750,1000]:0
(1000,2500]:1
(2500,5000]:0
(5000,7500]:0
(7500,10000]:0
(10000,+Infinity]:0

Instrumentation scope (Meter):
	Name: NatureProtector.Simulator.Host
Resource associated with Metric:
	service.name: NatureProtector.Simulator.Host
	service.instance.id: bb16b3c1-3cfb-4565-80d7-da89879d6c3b
	telemetry.sdk.name: opentelemetry
	telemetry.sdk.language: dotnet
	telemetry.sdk.version: 1.10.0

Metric Name: natureprotector.simulator.runs
(2026-05-15T19:33:34.1407131Z, 2026-05-15T19:34:54.1195779Z] np.outcome: started LongSum
Value: 1
Instrumentation scope (Meter):
	Name: NatureProtector.Simulator.Host
Resource associated with Metric:
	service.name: NatureProtector.Simulator.Host
	service.instance.id: bb16b3c1-3cfb-4565-80d7-da89879d6c3b
	telemetry.sdk.name: opentelemetry
	telemetry.sdk.language: dotnet
	telemetry.sdk.version: 1.10.0
(2026-05-15T19:33:34.1407131Z, 2026-05-15T19:34:54.1195779Z] np.outcome: completed LongSum
Value: 1
Instrumentation scope (Meter):
	Name: NatureProtector.Simulator.Host
Resource associated with Metric:
	service.name: NatureProtector.Simulator.Host
	service.instance.id: bb16b3c1-3cfb-4565-80d7-da89879d6c3b
	telemetry.sdk.name: opentelemetry
	telemetry.sdk.language: dotnet
	telemetry.sdk.version: 1.10.0

Metric Name: natureprotector.simulator.run.duration, Unit: ms
(2026-05-15T19:33:34.1407231Z, 2026-05-15T19:34:54.1195786Z] np.outcome: completed Histogram
Value: Sum: 21764,3145 Count: 1 Min: 21764,3145 Max: 21764,3145 
(-Infinity,0]:0
(0,5]:0
(5,10]:0
(10,25]:0
(25,50]:0
(50,75]:0
(75,100]:0
(100,250]:0
(250,500]:0
(500,750]:0
(750,1000]:0
(1000,2500]:0
(2500,5000]:0
(5000,7500]:0
(7500,10000]:0
(10000,+Infinity]:1

Instrumentation scope (Meter):
	Name: NatureProtector.Simulator.Host
Resource associated with Metric:
	service.name: NatureProtector.Simulator.Host
	service.instance.id: bb16b3c1-3cfb-4565-80d7-da89879d6c3b
	telemetry.sdk.name: opentelemetry
	telemetry.sdk.language: dotnet
	telemetry.sdk.version: 1.10.0

Metric Name: natureprotector.simulator.publish.messages
(2026-05-15T19:33:34.1407299Z, 2026-05-15T19:34:54.1195788Z] LongSum
Value: 30
Instrumentation scope (Meter):
	Name: NatureProtector.Simulator.Host
Resource associated with Metric:
	service.name: NatureProtector.Simulator.Host
	service.instance.id: bb16b3c1-3cfb-4565-80d7-da89879d6c3b
	telemetry.sdk.name: opentelemetry
	telemetry.sdk.language: dotnet
	telemetry.sdk.version: 1.10.0

Metric Name: natureprotector.simulator.publish.batch.size
(2026-05-15T19:33:34.1411579Z, 2026-05-15T19:34:54.1195793Z] Histogram
Value: Sum: 30 Count: 5 Min: 6 Max: 6 
(-Infinity,0]:0
(0,5]:0
(5,10]:5
(10,25]:0
(25,50]:0
(50,75]:0
(75,100]:0
(100,250]:0
(250,500]:0
(500,750]:0
(750,1000]:0
(1000,2500]:0
(2500,5000]:0
(5000,7500]:0
(7500,10000]:0
(10000,+Infinity]:0

Instrumentation scope (Meter):
	Name: NatureProtector.Simulator.Host
Resource associated with Metric:
	service.name: NatureProtector.Simulator.Host
	service.instance.id: bb16b3c1-3cfb-4565-80d7-da89879d6c3b
	telemetry.sdk.name: opentelemetry
	telemetry.sdk.language: dotnet
	telemetry.sdk.version: 1.10.0

Metric Name: natureprotector.simulator.publish.duration, Unit: ms
(2026-05-15T19:33:34.1411747Z, 2026-05-15T19:34:54.1195807Z] Histogram
Value: Sum: 368,4914 Count: 35 Min: 0,0686 Max: 130,9608 
(-Infinity,0]:0
(0,5]:29
(5,10]:0
(10,25]:0
(25,50]:4
(50,75]:0
(75,100]:0
(100,250]:2
(250,500]:0
(500,750]:0
(750,1000]:0
(1000,2500]:0
(2500,5000]:0
(5000,7500]:0
(7500,10000]:0
(10000,+Infinity]:0

Instrumentation scope (Meter):
	Name: NatureProtector.Simulator.Host
Resource associated with Metric:
	service.name: NatureProtector.Simulator.Host
	service.instance.id: bb16b3c1-3cfb-4565-80d7-da89879d6c3b
	telemetry.sdk.name: opentelemetry
	telemetry.sdk.language: dotnet
	telemetry.sdk.version: 1.10.0

Metric Name: dns.lookup.duration, Description: Measures the time taken to perform a DNS lookup., Unit: s
(2026-05-15T19:33:35.0713776Z, 2026-05-15T19:34:54.1195814Z] dns.question.name: localhost Histogram
Value: Sum: 0,007422300000000001 Count: 2 Min: 0,0004333 Max: 0,006989 
(-Infinity,0,005]:1
(0,005,0,01]:1
(0,01,0,025]:0
(0,025,0,05]:0
(0,05,0,075]:0
(0,075,0,1]:0
(0,1,0,25]:0
(0,25,0,5]:0
(0,5,0,75]:0
(0,75,1]:0
(1,2,5]:0
(2,5,5]:0
(5,7,5]:0
(7,5,10]:0
(10,+Infinity]:0

Instrumentation scope (Meter):
	Name: System.Net.NameResolution
Resource associated with Metric:
	service.name: NatureProtector.Simulator.Host
	service.instance.id: bb16b3c1-3cfb-4565-80d7-da89879d6c3b
	telemetry.sdk.name: opentelemetry
	telemetry.sdk.language: dotnet
	telemetry.sdk.version: 1.10.0

Metric Name: process.memory.usage, Description: The amount of physical memory in use., Unit: By
(2026-05-15T19:33:34.1204994Z, 2026-05-15T19:35:04.1228232Z] LongSumNonMonotonic
Value: 106766336
Instrumentation scope (Meter):
	Name: OpenTelemetry.Instrumentation.Process
	Version: 1.10.0-beta.1
Resource associated with Metric:
	service.name: NatureProtector.Simulator.Host
	service.instance.id: bb16b3c1-3cfb-4565-80d7-da89879d6c3b
	telemetry.sdk.name: opentelemetry
	telemetry.sdk.language: dotnet
	telemetry.sdk.version: 1.10.0

Metric Name: process.memory.virtual, Description: The amount of committed virtual memory., Unit: By
(2026-05-15T19:33:34.1214436Z, 2026-05-15T19:35:04.1228240Z] LongSumNonMonotonic
Value: 2480999940096
Instrumentation scope (Meter):
	Name: OpenTelemetry.Instrumentation.Process
	Version: 1.10.0-beta.1
Resource associated with Metric:
	service.name: NatureProtector.Simulator.Host
	service.instance.id: bb16b3c1-3cfb-4565-80d7-da89879d6c3b
	telemetry.sdk.name: opentelemetry
	telemetry.sdk.language: dotnet
	telemetry.sdk.version: 1.10.0

Metric Name: process.cpu.time, Description: Total CPU seconds broken down by different states., Unit: s
(2026-05-15T19:33:34.1216173Z, 2026-05-15T19:35:04.1228246Z] process.cpu.state: user DoubleSum
Value: 2.0625
Instrumentation scope (Meter):
	Name: OpenTelemetry.Instrumentation.Process
	Version: 1.10.0-beta.1
Resource associated with Metric:
	service.name: NatureProtector.Simulator.Host
	service.instance.id: bb16b3c1-3cfb-4565-80d7-da89879d6c3b
	telemetry.sdk.name: opentelemetry
	telemetry.sdk.language: dotnet
	telemetry.sdk.version: 1.10.0
(2026-05-15T19:33:34.1216173Z, 2026-05-15T19:35:04.1228246Z] process.cpu.state: system DoubleSum
Value: 0.46875
Instrumentation scope (Meter):
	Name: OpenTelemetry.Instrumentation.Process
	Version: 1.10.0-beta.1
Resource associated with Metric:
	service.name: NatureProtector.Simulator.Host
	service.instance.id: bb16b3c1-3cfb-4565-80d7-da89879d6c3b
	telemetry.sdk.name: opentelemetry
	telemetry.sdk.language: dotnet
	telemetry.sdk.version: 1.10.0

Metric Name: process.cpu.count, Description: The number of processors (CPU cores) available to the current process., Unit: {processors}
(2026-05-15T19:33:34.1216365Z, 2026-05-15T19:35:04.1228251Z] LongSumNonMonotonic
Value: 16
Instrumentation scope (Meter):
	Name: OpenTelemetry.Instrumentation.Process
	Version: 1.10.0-beta.1
Resource associated with Metric:
	service.name: NatureProtector.Simulator.Host
	service.instance.id: bb16b3c1-3cfb-4565-80d7-da89879d6c3b
	telemetry.sdk.name: opentelemetry
	telemetry.sdk.language: dotnet
	telemetry.sdk.version: 1.10.0

Metric Name: process.thread.count, Description: Process threads count., Unit: {thread}
(2026-05-15T19:33:34.1216478Z, 2026-05-15T19:35:04.1228253Z] LongSumNonMonotonic
Value: 21
Instrumentation scope (Meter):
	Name: OpenTelemetry.Instrumentation.Process
	Version: 1.10.0-beta.1
Resource associated with Metric:
	service.name: NatureProtector.Simulator.Host
	service.instance.id: bb16b3c1-3cfb-4565-80d7-da89879d6c3b
	telemetry.sdk.name: opentelemetry
	telemetry.sdk.language: dotnet
	telemetry.sdk.version: 1.10.0

Metric Name: dotnet.gc.collections, Description: The number of garbage collections that have occurred since the process has started., Unit: {collection}
(2026-05-15T19:33:34.1216557Z, 2026-05-15T19:35:04.1228255Z] gc.heap.generation: gen2 LongSum
Value: 1
Instrumentation scope (Meter):
	Name: System.Runtime
Resource associated with Metric:
	service.name: NatureProtector.Simulator.Host
	service.instance.id: bb16b3c1-3cfb-4565-80d7-da89879d6c3b
	telemetry.sdk.name: opentelemetry
	telemetry.sdk.language: dotnet
	telemetry.sdk.version: 1.10.0
(2026-05-15T19:33:34.1216557Z, 2026-05-15T19:35:04.1228255Z] gc.heap.generation: gen1 LongSum
Value: 1
Instrumentation scope (Meter):
	Name: System.Runtime
Resource associated with Metric:
	service.name: NatureProtector.Simulator.Host
	service.instance.id: bb16b3c1-3cfb-4565-80d7-da89879d6c3b
	telemetry.sdk.name: opentelemetry
	telemetry.sdk.language: dotnet
	telemetry.sdk.version: 1.10.0
(2026-05-15T19:33:34.1216557Z, 2026-05-15T19:35:04.1228255Z] gc.heap.generation: gen0 LongSum
Value: 2
Instrumentation scope (Meter):
	Name: System.Runtime
Resource associated with Metric:
	service.name: NatureProtector.Simulator.Host
	service.instance.id: bb16b3c1-3cfb-4565-80d7-da89879d6c3b
	telemetry.sdk.name: opentelemetry
	telemetry.sdk.language: dotnet
	telemetry.sdk.version: 1.10.0

Metric Name: dotnet.process.memory.working_set, Description: The number of bytes of physical memory mapped to the process context., Unit: By
(2026-05-15T19:33:34.1216627Z, 2026-05-15T19:35:04.1228257Z] LongSumNonMonotonic
Value: 106446848
Instrumentation scope (Meter):
	Name: System.Runtime
Resource associated with Metric:
	service.name: NatureProtector.Simulator.Host
	service.instance.id: bb16b3c1-3cfb-4565-80d7-da89879d6c3b
	telemetry.sdk.name: opentelemetry
	telemetry.sdk.language: dotnet
	telemetry.sdk.version: 1.10.0

Metric Name: dotnet.gc.heap.total_allocated, Description: The approximate number of bytes allocated on the managed GC heap since the process has started. The returned value does not include any native allocations., Unit: By
(2026-05-15T19:33:34.1216715Z, 2026-05-15T19:35:04.1228259Z] LongSum
Value: 40468736
Instrumentation scope (Meter):
	Name: System.Runtime
Resource associated with Metric:
	service.name: NatureProtector.Simulator.Host
	service.instance.id: bb16b3c1-3cfb-4565-80d7-da89879d6c3b
	telemetry.sdk.name: opentelemetry
	telemetry.sdk.language: dotnet
	telemetry.sdk.version: 1.10.0

Metric Name: dotnet.gc.last_collection.memory.committed_size, Description: The amount of committed virtual memory in use by the .NET GC, as observed during the latest garbage collection., Unit: By
(2026-05-15T19:33:34.1216781Z, 2026-05-15T19:35:04.1228261Z] LongSumNonMonotonic
Value: 20717568
Instrumentation scope (Meter):
	Name: System.Runtime
Resource associated with Metric:
	service.name: NatureProtector.Simulator.Host
	service.instance.id: bb16b3c1-3cfb-4565-80d7-da89879d6c3b
	telemetry.sdk.name: opentelemetry
	telemetry.sdk.language: dotnet
	telemetry.sdk.version: 1.10.0

Metric Name: dotnet.gc.last_collection.heap.size, Description: The managed GC heap size (including fragmentation), as observed during the latest garbage collection., Unit: By
(2026-05-15T19:33:34.1216842Z, 2026-05-15T19:35:04.1228263Z] gc.heap.generation: gen0 LongSumNonMonotonic
Value: 156040
Instrumentation scope (Meter):
	Name: System.Runtime
Resource associated with Metric:
	service.name: NatureProtector.Simulator.Host
	service.instance.id: bb16b3c1-3cfb-4565-80d7-da89879d6c3b
	telemetry.sdk.name: opentelemetry
	telemetry.sdk.language: dotnet
	telemetry.sdk.version: 1.10.0
(2026-05-15T19:33:34.1216842Z, 2026-05-15T19:35:04.1228263Z] gc.heap.generation: gen1 LongSumNonMonotonic
Value: 4105768
Instrumentation scope (Meter):
	Name: System.Runtime
Resource associated with Metric:
	service.name: NatureProtector.Simulator.Host
	service.instance.id: bb16b3c1-3cfb-4565-80d7-da89879d6c3b
	telemetry.sdk.name: opentelemetry
	telemetry.sdk.language: dotnet
	telemetry.sdk.version: 1.10.0
(2026-05-15T19:33:34.1216842Z, 2026-05-15T19:35:04.1228263Z] gc.heap.generation: gen2 LongSumNonMonotonic
Value: 916296
Instrumentation scope (Meter):
	Name: System.Runtime
Resource associated with Metric:
	service.name: NatureProtector.Simulator.Host
	service.instance.id: bb16b3c1-3cfb-4565-80d7-da89879d6c3b
	telemetry.sdk.name: opentelemetry
	telemetry.sdk.language: dotnet
	telemetry.sdk.version: 1.10.0
(2026-05-15T19:33:34.1216842Z, 2026-05-15T19:35:04.1228263Z] gc.heap.generation: loh LongSumNonMonotonic
Value: 6986640
Instrumentation scope (Meter):
	Name: System.Runtime
Resource associated with Metric:
	service.name: NatureProtector.Simulator.Host
	service.instance.id: bb16b3c1-3cfb-4565-80d7-da89879d6c3b
	telemetry.sdk.name: opentelemetry
	telemetry.sdk.language: dotnet
	telemetry.sdk.version: 1.10.0
(2026-05-15T19:33:34.1216842Z, 2026-05-15T19:35:04.1228263Z] gc.heap.generation: poh LongSumNonMonotonic
Value: 58240
Instrumentation scope (Meter):
	Name: System.Runtime
Resource associated with Metric:
	service.name: NatureProtector.Simulator.Host
	service.instance.id: bb16b3c1-3cfb-4565-80d7-da89879d6c3b
	telemetry.sdk.name: opentelemetry
	telemetry.sdk.language: dotnet
	telemetry.sdk.version: 1.10.0

Metric Name: dotnet.gc.last_collection.heap.fragmentation.size, Description: The heap fragmentation, as observed during the latest garbage collection., Unit: By
(2026-05-15T19:33:34.1216929Z, 2026-05-15T19:35:04.1228264Z] gc.heap.generation: gen0 LongSumNonMonotonic
Value: 147656
Instrumentation scope (Meter):
	Name: System.Runtime
Resource associated with Metric:
	service.name: NatureProtector.Simulator.Host
	service.instance.id: bb16b3c1-3cfb-4565-80d7-da89879d6c3b
	telemetry.sdk.name: opentelemetry
	telemetry.sdk.language: dotnet
	telemetry.sdk.version: 1.10.0
(2026-05-15T19:33:34.1216929Z, 2026-05-15T19:35:04.1228264Z] gc.heap.generation: gen1 LongSumNonMonotonic
Value: 67944
Instrumentation scope (Meter):
	Name: System.Runtime
Resource associated with Metric:
	service.name: NatureProtector.Simulator.Host
	service.instance.id: bb16b3c1-3cfb-4565-80d7-da89879d6c3b
	telemetry.sdk.name: opentelemetry
	telemetry.sdk.language: dotnet
	telemetry.sdk.version: 1.10.0
(2026-05-15T19:33:34.1216929Z, 2026-05-15T19:35:04.1228264Z] gc.heap.generation: gen2 LongSumNonMonotonic
Value: 0
Instrumentation scope (Meter):
	Name: System.Runtime
Resource associated with Metric:
	service.name: NatureProtector.Simulator.Host
	service.instance.id: bb16b3c1-3cfb-4565-80d7-da89879d6c3b
	telemetry.sdk.name: opentelemetry
	telemetry.sdk.language: dotnet
	telemetry.sdk.version: 1.10.0
(2026-05-15T19:33:34.1216929Z, 2026-05-15T19:35:04.1228264Z] gc.heap.generation: loh LongSumNonMonotonic
Value: 1120
Instrumentation scope (Meter):
	Name: System.Runtime
Resource associated with Metric:
	service.name: NatureProtector.Simulator.Host
	service.instance.id: bb16b3c1-3cfb-4565-80d7-da89879d6c3b
	telemetry.sdk.name: opentelemetry
	telemetry.sdk.language: dotnet
	telemetry.sdk.version: 1.10.0
(2026-05-15T19:33:34.1216929Z, 2026-05-15T19:35:04.1228264Z] gc.heap.generation: poh LongSumNonMonotonic
Value: 0
Instrumentation scope (Meter):
	Name: System.Runtime
Resource associated with Metric:
	service.name: NatureProtector.Simulator.Host
	service.instance.id: bb16b3c1-3cfb-4565-80d7-da89879d6c3b
	telemetry.sdk.name: opentelemetry
	telemetry.sdk.language: dotnet
	telemetry.sdk.version: 1.10.0

Metric Name: dotnet.gc.pause.time, Description: The total amount of time paused in GC since the process has started., Unit: s
(2026-05-15T19:33:34.1223505Z, 2026-05-15T19:35:04.1228266Z] DoubleSum
Value: 0.021885
Instrumentation scope (Meter):
	Name: System.Runtime
Resource associated with Metric:
	service.name: NatureProtector.Simulator.Host
	service.instance.id: bb16b3c1-3cfb-4565-80d7-da89879d6c3b
	telemetry.sdk.name: opentelemetry
	telemetry.sdk.language: dotnet
	telemetry.sdk.version: 1.10.0

Metric Name: dotnet.jit.compiled_il.size, Description: Count of bytes of intermediate language that have been compiled since the process has started., Unit: By
(2026-05-15T19:33:34.1223612Z, 2026-05-15T19:35:04.1228268Z] LongSum
Value: 1144128
Instrumentation scope (Meter):
	Name: System.Runtime
Resource associated with Metric:
	service.name: NatureProtector.Simulator.Host
	service.instance.id: bb16b3c1-3cfb-4565-80d7-da89879d6c3b
	telemetry.sdk.name: opentelemetry
	telemetry.sdk.language: dotnet
	telemetry.sdk.version: 1.10.0

Metric Name: dotnet.jit.compiled_methods, Description: The number of times the JIT compiler (re)compiled methods since the process has started., Unit: {method}
(2026-05-15T19:33:34.1223677Z, 2026-05-15T19:35:04.1228269Z] LongSum
Value: 14816
Instrumentation scope (Meter):
	Name: System.Runtime
Resource associated with Metric:
	service.name: NatureProtector.Simulator.Host
	service.instance.id: bb16b3c1-3cfb-4565-80d7-da89879d6c3b
	telemetry.sdk.name: opentelemetry
	telemetry.sdk.language: dotnet
	telemetry.sdk.version: 1.10.0

Metric Name: dotnet.jit.compilation.time, Description: The number of times the JIT compiler (re)compiled methods since the process has started., Unit: s
(2026-05-15T19:33:34.1223770Z, 2026-05-15T19:35:04.1228271Z] DoubleSum
Value: 1.5486574
Instrumentation scope (Meter):
	Name: System.Runtime
Resource associated with Metric:
	service.name: NatureProtector.Simulator.Host
	service.instance.id: bb16b3c1-3cfb-4565-80d7-da89879d6c3b
	telemetry.sdk.name: opentelemetry
	telemetry.sdk.language: dotnet
	telemetry.sdk.version: 1.10.0

Metric Name: dotnet.monitor.lock_contentions, Description: The number of times there was contention when trying to acquire a monitor lock since the process has started., Unit: {contention}
(2026-05-15T19:33:34.1223859Z, 2026-05-15T19:35:04.1228272Z] LongSum
Value: 33
Instrumentation scope (Meter):
	Name: System.Runtime
Resource associated with Metric:
	service.name: NatureProtector.Simulator.Host
	service.instance.id: bb16b3c1-3cfb-4565-80d7-da89879d6c3b
	telemetry.sdk.name: opentelemetry
	telemetry.sdk.language: dotnet
	telemetry.sdk.version: 1.10.0

Metric Name: dotnet.thread_pool.thread.count, Description: The number of thread pool threads that currently exist., Unit: {thread}
(2026-05-15T19:33:34.1223933Z, 2026-05-15T19:35:04.1228272Z] LongSum
Value: 2
Instrumentation scope (Meter):
	Name: System.Runtime
Resource associated with Metric:
	service.name: NatureProtector.Simulator.Host
	service.instance.id: bb16b3c1-3cfb-4565-80d7-da89879d6c3b
	telemetry.sdk.name: opentelemetry
	telemetry.sdk.language: dotnet
	telemetry.sdk.version: 1.10.0

Metric Name: dotnet.thread_pool.work_item.count, Description: The number of work items that the thread pool has completed since the process has started., Unit: {work_item}
(2026-05-15T19:33:34.1223994Z, 2026-05-15T19:35:04.1228279Z] LongSum
Value: 128
Instrumentation scope (Meter):
	Name: System.Runtime
Resource associated with Metric:
	service.name: NatureProtector.Simulator.Host
	service.instance.id: bb16b3c1-3cfb-4565-80d7-da89879d6c3b
	telemetry.sdk.name: opentelemetry
	telemetry.sdk.language: dotnet
	telemetry.sdk.version: 1.10.0

Metric Name: dotnet.thread_pool.queue.length, Description: The number of work items that are currently queued to be processed by the thread pool., Unit: {work_item}
(2026-05-15T19:33:34.1224079Z, 2026-05-15T19:35:04.1228280Z] LongSum
Value: 0
Instrumentation scope (Meter):
	Name: System.Runtime
Resource associated with Metric:
	service.name: NatureProtector.Simulator.Host
	service.instance.id: bb16b3c1-3cfb-4565-80d7-da89879d6c3b
	telemetry.sdk.name: opentelemetry
	telemetry.sdk.language: dotnet
	telemetry.sdk.version: 1.10.0

Metric Name: dotnet.timer.count, Description: The number of timer instances that are currently active. An active timer is registered to tick at some point in the future and has not yet been canceled., Unit: {timer}
(2026-05-15T19:33:34.1224139Z, 2026-05-15T19:35:04.1228282Z] LongSumNonMonotonic
Value: 4
Instrumentation scope (Meter):
	Name: System.Runtime
Resource associated with Metric:
	service.name: NatureProtector.Simulator.Host
	service.instance.id: bb16b3c1-3cfb-4565-80d7-da89879d6c3b
	telemetry.sdk.name: opentelemetry
	telemetry.sdk.language: dotnet
	telemetry.sdk.version: 1.10.0

Metric Name: dotnet.assembly.count, Description: The number of .NET assemblies that are currently loaded., Unit: {assembly}
(2026-05-15T19:33:34.1224223Z, 2026-05-15T19:35:04.1228284Z] LongSumNonMonotonic
Value: 105
Instrumentation scope (Meter):
	Name: System.Runtime
Resource associated with Metric:
	service.name: NatureProtector.Simulator.Host
	service.instance.id: bb16b3c1-3cfb-4565-80d7-da89879d6c3b
	telemetry.sdk.name: opentelemetry
	telemetry.sdk.language: dotnet
	telemetry.sdk.version: 1.10.0

Metric Name: dotnet.process.cpu.count, Description: The number of processors available to the process., Unit: {cpu}
(2026-05-15T19:33:34.1259575Z, 2026-05-15T19:35:04.1228289Z] LongSumNonMonotonic
Value: 16
Instrumentation scope (Meter):
	Name: System.Runtime
Resource associated with Metric:
	service.name: NatureProtector.Simulator.Host
	service.instance.id: bb16b3c1-3cfb-4565-80d7-da89879d6c3b
	telemetry.sdk.name: opentelemetry
	telemetry.sdk.language: dotnet
	telemetry.sdk.version: 1.10.0

Metric Name: dotnet.process.cpu.time, Description: CPU time used by the process., Unit: s
(2026-05-15T19:33:34.1259807Z, 2026-05-15T19:35:04.1228290Z] cpu.mode: user DoubleSum
Value: 2.0625
Instrumentation scope (Meter):
	Name: System.Runtime
Resource associated with Metric:
	service.name: NatureProtector.Simulator.Host
	service.instance.id: bb16b3c1-3cfb-4565-80d7-da89879d6c3b
	telemetry.sdk.name: opentelemetry
	telemetry.sdk.language: dotnet
	telemetry.sdk.version: 1.10.0
(2026-05-15T19:33:34.1259807Z, 2026-05-15T19:35:04.1228290Z] cpu.mode: system DoubleSum
Value: 0.46875
Instrumentation scope (Meter):
	Name: System.Runtime
Resource associated with Metric:
	service.name: NatureProtector.Simulator.Host
	service.instance.id: bb16b3c1-3cfb-4565-80d7-da89879d6c3b
	telemetry.sdk.name: opentelemetry
	telemetry.sdk.language: dotnet
	telemetry.sdk.version: 1.10.0

Metric Name: natureprotector.simulator.context.creations
(2026-05-15T19:33:34.1402472Z, 2026-05-15T19:35:04.1228293Z] LongSum
Value: 1
Instrumentation scope (Meter):
	Name: NatureProtector.Simulator.Host
Resource associated with Metric:
	service.name: NatureProtector.Simulator.Host
	service.instance.id: bb16b3c1-3cfb-4565-80d7-da89879d6c3b
	telemetry.sdk.name: opentelemetry
	telemetry.sdk.language: dotnet
	telemetry.sdk.version: 1.10.0

Metric Name: natureprotector.simulator.context.creation.duration, Unit: ms
(2026-05-15T19:33:34.1406933Z, 2026-05-15T19:35:04.1228298Z] Histogram
Value: Sum: 1237,8026 Count: 1 Min: 1237,8026 Max: 1237,8026 
(-Infinity,0]:0
(0,5]:0
(5,10]:0
(10,25]:0
(25,50]:0
(50,75]:0
(75,100]:0
(100,250]:0
(250,500]:0
(500,750]:0
(750,1000]:0
(1000,2500]:1
(2500,5000]:0
(5000,7500]:0
(7500,10000]:0
(10000,+Infinity]:0

Instrumentation scope (Meter):
	Name: NatureProtector.Simulator.Host
Resource associated with Metric:
	service.name: NatureProtector.Simulator.Host
	service.instance.id: bb16b3c1-3cfb-4565-80d7-da89879d6c3b
	telemetry.sdk.name: opentelemetry
	telemetry.sdk.language: dotnet
	telemetry.sdk.version: 1.10.0

Metric Name: natureprotector.simulator.runs
(2026-05-15T19:33:34.1407131Z, 2026-05-15T19:35:04.1228301Z] np.outcome: started LongSum
Value: 1
Instrumentation scope (Meter):
	Name: NatureProtector.Simulator.Host
Resource associated with Metric:
	service.name: NatureProtector.Simulator.Host
	service.instance.id: bb16b3c1-3cfb-4565-80d7-da89879d6c3b
	telemetry.sdk.name: opentelemetry
	telemetry.sdk.language: dotnet
	telemetry.sdk.version: 1.10.0
(2026-05-15T19:33:34.1407131Z, 2026-05-15T19:35:04.1228301Z] np.outcome: completed LongSum
Value: 1
Instrumentation scope (Meter):
	Name: NatureProtector.Simulator.Host
Resource associated with Metric:
	service.name: NatureProtector.Simulator.Host
	service.instance.id: bb16b3c1-3cfb-4565-80d7-da89879d6c3b
	telemetry.sdk.name: opentelemetry
	telemetry.sdk.language: dotnet
	telemetry.sdk.version: 1.10.0

Metric Name: natureprotector.simulator.run.duration, Unit: ms
(2026-05-15T19:33:34.1407231Z, 2026-05-15T19:35:04.1228307Z] np.outcome: completed Histogram
Value: Sum: 21764,3145 Count: 1 Min: 21764,3145 Max: 21764,3145 
(-Infinity,0]:0
(0,5]:0
(5,10]:0
(10,25]:0
(25,50]:0
(50,75]:0
(75,100]:0
(100,250]:0
(250,500]:0
(500,750]:0
(750,1000]:0
(1000,2500]:0
(2500,5000]:0
(5000,7500]:0
(7500,10000]:0
(10000,+Infinity]:1

Instrumentation scope (Meter):
	Name: NatureProtector.Simulator.Host
Resource associated with Metric:
	service.name: NatureProtector.Simulator.Host
	service.instance.id: bb16b3c1-3cfb-4565-80d7-da89879d6c3b
	telemetry.sdk.name: opentelemetry
	telemetry.sdk.language: dotnet
	telemetry.sdk.version: 1.10.0

Metric Name: natureprotector.simulator.publish.messages
(2026-05-15T19:33:34.1407299Z, 2026-05-15T19:35:04.1228310Z] LongSum
Value: 30
Instrumentation scope (Meter):
	Name: NatureProtector.Simulator.Host
Resource associated with Metric:
	service.name: NatureProtector.Simulator.Host
	service.instance.id: bb16b3c1-3cfb-4565-80d7-da89879d6c3b
	telemetry.sdk.name: opentelemetry
	telemetry.sdk.language: dotnet
	telemetry.sdk.version: 1.10.0

Metric Name: natureprotector.simulator.publish.batch.size
(2026-05-15T19:33:34.1411579Z, 2026-05-15T19:35:04.1228316Z] Histogram
Value: Sum: 30 Count: 5 Min: 6 Max: 6 
(-Infinity,0]:0
(0,5]:0
(5,10]:5
(10,25]:0
(25,50]:0
(50,75]:0
(75,100]:0
(100,250]:0
(250,500]:0
(500,750]:0
(750,1000]:0
(1000,2500]:0
(2500,5000]:0
(5000,7500]:0
(7500,10000]:0
(10000,+Infinity]:0

Instrumentation scope (Meter):
	Name: NatureProtector.Simulator.Host
Resource associated with Metric:
	service.name: NatureProtector.Simulator.Host
	service.instance.id: bb16b3c1-3cfb-4565-80d7-da89879d6c3b
	telemetry.sdk.name: opentelemetry
	telemetry.sdk.language: dotnet
	telemetry.sdk.version: 1.10.0

Metric Name: natureprotector.simulator.publish.duration, Unit: ms
(2026-05-15T19:33:34.1411747Z, 2026-05-15T19:35:04.1228322Z] Histogram
Value: Sum: 368,4914 Count: 35 Min: 0,0686 Max: 130,9608 
(-Infinity,0]:0
(0,5]:29
(5,10]:0
(10,25]:0
(25,50]:4
(50,75]:0
(75,100]:0
(100,250]:2
(250,500]:0
(500,750]:0
(750,1000]:0
(1000,2500]:0
(2500,5000]:0
(5000,7500]:0
(7500,10000]:0
(10000,+Infinity]:0

Instrumentation scope (Meter):
	Name: NatureProtector.Simulator.Host
Resource associated with Metric:
	service.name: NatureProtector.Simulator.Host
	service.instance.id: bb16b3c1-3cfb-4565-80d7-da89879d6c3b
	telemetry.sdk.name: opentelemetry
	telemetry.sdk.language: dotnet
	telemetry.sdk.version: 1.10.0

Metric Name: dns.lookup.duration, Description: Measures the time taken to perform a DNS lookup., Unit: s
(2026-05-15T19:33:35.0713776Z, 2026-05-15T19:35:04.1228329Z] dns.question.name: localhost Histogram
Value: Sum: 0,007422300000000001 Count: 2 Min: 0,0004333 Max: 0,006989 
(-Infinity,0,005]:1
(0,005,0,01]:1
(0,01,0,025]:0
(0,025,0,05]:0
(0,05,0,075]:0
(0,075,0,1]:0
(0,1,0,25]:0
(0,25,0,5]:0
(0,5,0,75]:0
(0,75,1]:0
(1,2,5]:0
(2,5,5]:0
(5,7,5]:0
(7,5,10]:0
(10,+Infinity]:0

Instrumentation scope (Meter):
	Name: System.Net.NameResolution
Resource associated with Metric:
	service.name: NatureProtector.Simulator.Host
	service.instance.id: bb16b3c1-3cfb-4565-80d7-da89879d6c3b
	telemetry.sdk.name: opentelemetry
	telemetry.sdk.language: dotnet
	telemetry.sdk.version: 1.10.0

Metric Name: process.memory.usage, Description: The amount of physical memory in use., Unit: By
(2026-05-15T19:33:34.1204994Z, 2026-05-15T19:35:14.1240727Z] LongSumNonMonotonic
Value: 107581440
Instrumentation scope (Meter):
	Name: OpenTelemetry.Instrumentation.Process
	Version: 1.10.0-beta.1
Resource associated with Metric:
	service.name: NatureProtector.Simulator.Host
	service.instance.id: bb16b3c1-3cfb-4565-80d7-da89879d6c3b
	telemetry.sdk.name: opentelemetry
	telemetry.sdk.language: dotnet
	telemetry.sdk.version: 1.10.0

Metric Name: process.memory.virtual, Description: The amount of committed virtual memory., Unit: By
(2026-05-15T19:33:34.1214436Z, 2026-05-15T19:35:14.1240731Z] LongSumNonMonotonic
Value: 2481003020288
Instrumentation scope (Meter):
	Name: OpenTelemetry.Instrumentation.Process
	Version: 1.10.0-beta.1
Resource associated with Metric:
	service.name: NatureProtector.Simulator.Host
	service.instance.id: bb16b3c1-3cfb-4565-80d7-da89879d6c3b
	telemetry.sdk.name: opentelemetry
	telemetry.sdk.language: dotnet
	telemetry.sdk.version: 1.10.0

Metric Name: process.cpu.time, Description: Total CPU seconds broken down by different states., Unit: s
(2026-05-15T19:33:34.1216173Z, 2026-05-15T19:35:14.1240737Z] process.cpu.state: user DoubleSum
Value: 2.09375
Instrumentation scope (Meter):
	Name: OpenTelemetry.Instrumentation.Process
	Version: 1.10.0-beta.1
Resource associated with Metric:
	service.name: NatureProtector.Simulator.Host
	service.instance.id: bb16b3c1-3cfb-4565-80d7-da89879d6c3b
	telemetry.sdk.name: opentelemetry
	telemetry.sdk.language: dotnet
	telemetry.sdk.version: 1.10.0
(2026-05-15T19:33:34.1216173Z, 2026-05-15T19:35:14.1240737Z] process.cpu.state: system DoubleSum
Value: 0.484375
Instrumentation scope (Meter):
	Name: OpenTelemetry.Instrumentation.Process
	Version: 1.10.0-beta.1
Resource associated with Metric:
	service.name: NatureProtector.Simulator.Host
	service.instance.id: bb16b3c1-3cfb-4565-80d7-da89879d6c3b
	telemetry.sdk.name: opentelemetry
	telemetry.sdk.language: dotnet
	telemetry.sdk.version: 1.10.0

Metric Name: process.cpu.count, Description: The number of processors (CPU cores) available to the current process., Unit: {processors}
(2026-05-15T19:33:34.1216365Z, 2026-05-15T19:35:14.1240742Z] LongSumNonMonotonic
Value: 16
Instrumentation scope (Meter):
	Name: OpenTelemetry.Instrumentation.Process
	Version: 1.10.0-beta.1
Resource associated with Metric:
	service.name: NatureProtector.Simulator.Host
	service.instance.id: bb16b3c1-3cfb-4565-80d7-da89879d6c3b
	telemetry.sdk.name: opentelemetry
	telemetry.sdk.language: dotnet
	telemetry.sdk.version: 1.10.0

Metric Name: process.thread.count, Description: Process threads count., Unit: {thread}
(2026-05-15T19:33:34.1216478Z, 2026-05-15T19:35:14.1240744Z] LongSumNonMonotonic
Value: 21
Instrumentation scope (Meter):
	Name: OpenTelemetry.Instrumentation.Process
	Version: 1.10.0-beta.1
Resource associated with Metric:
	service.name: NatureProtector.Simulator.Host
	service.instance.id: bb16b3c1-3cfb-4565-80d7-da89879d6c3b
	telemetry.sdk.name: opentelemetry
	telemetry.sdk.language: dotnet
	telemetry.sdk.version: 1.10.0

Metric Name: dotnet.gc.collections, Description: The number of garbage collections that have occurred since the process has started., Unit: {collection}
(2026-05-15T19:33:34.1216557Z, 2026-05-15T19:35:14.1240746Z] gc.heap.generation: gen2 LongSum
Value: 1
Instrumentation scope (Meter):
	Name: System.Runtime
Resource associated with Metric:
	service.name: NatureProtector.Simulator.Host
	service.instance.id: bb16b3c1-3cfb-4565-80d7-da89879d6c3b
	telemetry.sdk.name: opentelemetry
	telemetry.sdk.language: dotnet
	telemetry.sdk.version: 1.10.0
(2026-05-15T19:33:34.1216557Z, 2026-05-15T19:35:14.1240746Z] gc.heap.generation: gen1 LongSum
Value: 1
Instrumentation scope (Meter):
	Name: System.Runtime
Resource associated with Metric:
	service.name: NatureProtector.Simulator.Host
	service.instance.id: bb16b3c1-3cfb-4565-80d7-da89879d6c3b
	telemetry.sdk.name: opentelemetry
	telemetry.sdk.language: dotnet
	telemetry.sdk.version: 1.10.0
(2026-05-15T19:33:34.1216557Z, 2026-05-15T19:35:14.1240746Z] gc.heap.generation: gen0 LongSum
Value: 2
Instrumentation scope (Meter):
	Name: System.Runtime
Resource associated with Metric:
	service.name: NatureProtector.Simulator.Host
	service.instance.id: bb16b3c1-3cfb-4565-80d7-da89879d6c3b
	telemetry.sdk.name: opentelemetry
	telemetry.sdk.language: dotnet
	telemetry.sdk.version: 1.10.0

Metric Name: dotnet.process.memory.working_set, Description: The number of bytes of physical memory mapped to the process context., Unit: By
(2026-05-15T19:33:34.1216627Z, 2026-05-15T19:35:14.1240748Z] LongSumNonMonotonic
Value: 107020288
Instrumentation scope (Meter):
	Name: System.Runtime
Resource associated with Metric:
	service.name: NatureProtector.Simulator.Host
	service.instance.id: bb16b3c1-3cfb-4565-80d7-da89879d6c3b
	telemetry.sdk.name: opentelemetry
	telemetry.sdk.language: dotnet
	telemetry.sdk.version: 1.10.0

Metric Name: dotnet.gc.heap.total_allocated, Description: The approximate number of bytes allocated on the managed GC heap since the process has started. The returned value does not include any native allocations., Unit: By
(2026-05-15T19:33:34.1216715Z, 2026-05-15T19:35:14.1240750Z] LongSum
Value: 40632736
Instrumentation scope (Meter):
	Name: System.Runtime
Resource associated with Metric:
	service.name: NatureProtector.Simulator.Host
	service.instance.id: bb16b3c1-3cfb-4565-80d7-da89879d6c3b
	telemetry.sdk.name: opentelemetry
	telemetry.sdk.language: dotnet
	telemetry.sdk.version: 1.10.0

Metric Name: dotnet.gc.last_collection.memory.committed_size, Description: The amount of committed virtual memory in use by the .NET GC, as observed during the latest garbage collection., Unit: By
(2026-05-15T19:33:34.1216781Z, 2026-05-15T19:35:14.1240756Z] LongSumNonMonotonic
Value: 20717568
Instrumentation scope (Meter):
	Name: System.Runtime
Resource associated with Metric:
	service.name: NatureProtector.Simulator.Host
	service.instance.id: bb16b3c1-3cfb-4565-80d7-da89879d6c3b
	telemetry.sdk.name: opentelemetry
	telemetry.sdk.language: dotnet
	telemetry.sdk.version: 1.10.0

Metric Name: dotnet.gc.last_collection.heap.size, Description: The managed GC heap size (including fragmentation), as observed during the latest garbage collection., Unit: By
(2026-05-15T19:33:34.1216842Z, 2026-05-15T19:35:14.1240758Z] gc.heap.generation: gen0 LongSumNonMonotonic
Value: 156040
Instrumentation scope (Meter):
	Name: System.Runtime
Resource associated with Metric:
	service.name: NatureProtector.Simulator.Host
	service.instance.id: bb16b3c1-3cfb-4565-80d7-da89879d6c3b
	telemetry.sdk.name: opentelemetry
	telemetry.sdk.language: dotnet
	telemetry.sdk.version: 1.10.0
(2026-05-15T19:33:34.1216842Z, 2026-05-15T19:35:14.1240758Z] gc.heap.generation: gen1 LongSumNonMonotonic
Value: 4105768
Instrumentation scope (Meter):
	Name: System.Runtime
Resource associated with Metric:
	service.name: NatureProtector.Simulator.Host
	service.instance.id: bb16b3c1-3cfb-4565-80d7-da89879d6c3b
	telemetry.sdk.name: opentelemetry
	telemetry.sdk.language: dotnet
	telemetry.sdk.version: 1.10.0
(2026-05-15T19:33:34.1216842Z, 2026-05-15T19:35:14.1240758Z] gc.heap.generation: gen2 LongSumNonMonotonic
Value: 916296
Instrumentation scope (Meter):
	Name: System.Runtime
Resource associated with Metric:
	service.name: NatureProtector.Simulator.Host
	service.instance.id: bb16b3c1-3cfb-4565-80d7-da89879d6c3b
	telemetry.sdk.name: opentelemetry
	telemetry.sdk.language: dotnet
	telemetry.sdk.version: 1.10.0
(2026-05-15T19:33:34.1216842Z, 2026-05-15T19:35:14.1240758Z] gc.heap.generation: loh LongSumNonMonotonic
Value: 6986640
Instrumentation scope (Meter):
	Name: System.Runtime
Resource associated with Metric:
	service.name: NatureProtector.Simulator.Host
	service.instance.id: bb16b3c1-3cfb-4565-80d7-da89879d6c3b
	telemetry.sdk.name: opentelemetry
	telemetry.sdk.language: dotnet
	telemetry.sdk.version: 1.10.0
(2026-05-15T19:33:34.1216842Z, 2026-05-15T19:35:14.1240758Z] gc.heap.generation: poh LongSumNonMonotonic
Value: 58240
Instrumentation scope (Meter):
	Name: System.Runtime
Resource associated with Metric:
	service.name: NatureProtector.Simulator.Host
	service.instance.id: bb16b3c1-3cfb-4565-80d7-da89879d6c3b
	telemetry.sdk.name: opentelemetry
	telemetry.sdk.language: dotnet
	telemetry.sdk.version: 1.10.0

Metric Name: dotnet.gc.last_collection.heap.fragmentation.size, Description: The heap fragmentation, as observed during the latest garbage collection., Unit: By
(2026-05-15T19:33:34.1216929Z, 2026-05-15T19:35:14.1240759Z] gc.heap.generation: gen0 LongSumNonMonotonic
Value: 147656
Instrumentation scope (Meter):
	Name: System.Runtime
Resource associated with Metric:
	service.name: NatureProtector.Simulator.Host
	service.instance.id: bb16b3c1-3cfb-4565-80d7-da89879d6c3b
	telemetry.sdk.name: opentelemetry
	telemetry.sdk.language: dotnet
	telemetry.sdk.version: 1.10.0
(2026-05-15T19:33:34.1216929Z, 2026-05-15T19:35:14.1240759Z] gc.heap.generation: gen1 LongSumNonMonotonic
Value: 67944
Instrumentation scope (Meter):
	Name: System.Runtime
Resource associated with Metric:
	service.name: NatureProtector.Simulator.Host
	service.instance.id: bb16b3c1-3cfb-4565-80d7-da89879d6c3b
	telemetry.sdk.name: opentelemetry
	telemetry.sdk.language: dotnet
	telemetry.sdk.version: 1.10.0
(2026-05-15T19:33:34.1216929Z, 2026-05-15T19:35:14.1240759Z] gc.heap.generation: gen2 LongSumNonMonotonic
Value: 0
Instrumentation scope (Meter):
	Name: System.Runtime
Resource associated with Metric:
	service.name: NatureProtector.Simulator.Host
	service.instance.id: bb16b3c1-3cfb-4565-80d7-da89879d6c3b
	telemetry.sdk.name: opentelemetry
	telemetry.sdk.language: dotnet
	telemetry.sdk.version: 1.10.0
(2026-05-15T19:33:34.1216929Z, 2026-05-15T19:35:14.1240759Z] gc.heap.generation: loh LongSumNonMonotonic
Value: 1120
Instrumentation scope (Meter):
	Name: System.Runtime
Resource associated with Metric:
	service.name: NatureProtector.Simulator.Host
	service.instance.id: bb16b3c1-3cfb-4565-80d7-da89879d6c3b
	telemetry.sdk.name: opentelemetry
	telemetry.sdk.language: dotnet
	telemetry.sdk.version: 1.10.0
(2026-05-15T19:33:34.1216929Z, 2026-05-15T19:35:14.1240759Z] gc.heap.generation: poh LongSumNonMonotonic
Value: 0
Instrumentation scope (Meter):
	Name: System.Runtime
Resource associated with Metric:
	service.name: NatureProtector.Simulator.Host
	service.instance.id: bb16b3c1-3cfb-4565-80d7-da89879d6c3b
	telemetry.sdk.name: opentelemetry
	telemetry.sdk.language: dotnet
	telemetry.sdk.version: 1.10.0

Metric Name: dotnet.gc.pause.time, Description: The total amount of time paused in GC since the process has started., Unit: s
(2026-05-15T19:33:34.1223505Z, 2026-05-15T19:35:14.1240761Z] DoubleSum
Value: 0.021885
Instrumentation scope (Meter):
	Name: System.Runtime
Resource associated with Metric:
	service.name: NatureProtector.Simulator.Host
	service.instance.id: bb16b3c1-3cfb-4565-80d7-da89879d6c3b
	telemetry.sdk.name: opentelemetry
	telemetry.sdk.language: dotnet
	telemetry.sdk.version: 1.10.0

Metric Name: dotnet.jit.compiled_il.size, Description: Count of bytes of intermediate language that have been compiled since the process has started., Unit: By
(2026-05-15T19:33:34.1223612Z, 2026-05-15T19:35:14.1240763Z] LongSum
Value: 1151201
Instrumentation scope (Meter):
	Name: System.Runtime
Resource associated with Metric:
	service.name: NatureProtector.Simulator.Host
	service.instance.id: bb16b3c1-3cfb-4565-80d7-da89879d6c3b
	telemetry.sdk.name: opentelemetry
	telemetry.sdk.language: dotnet
	telemetry.sdk.version: 1.10.0

Metric Name: dotnet.jit.compiled_methods, Description: The number of times the JIT compiler (re)compiled methods since the process has started., Unit: {method}
(2026-05-15T19:33:34.1223677Z, 2026-05-15T19:35:14.1240764Z] LongSum
Value: 14890
Instrumentation scope (Meter):
	Name: System.Runtime
Resource associated with Metric:
	service.name: NatureProtector.Simulator.Host
	service.instance.id: bb16b3c1-3cfb-4565-80d7-da89879d6c3b
	telemetry.sdk.name: opentelemetry
	telemetry.sdk.language: dotnet
	telemetry.sdk.version: 1.10.0

Metric Name: dotnet.jit.compilation.time, Description: The number of times the JIT compiler (re)compiled methods since the process has started., Unit: s
(2026-05-15T19:33:34.1223770Z, 2026-05-15T19:35:14.1240767Z] DoubleSum
Value: 1.5684462
Instrumentation scope (Meter):
	Name: System.Runtime
Resource associated with Metric:
	service.name: NatureProtector.Simulator.Host
	service.instance.id: bb16b3c1-3cfb-4565-80d7-da89879d6c3b
	telemetry.sdk.name: opentelemetry
	telemetry.sdk.language: dotnet
	telemetry.sdk.version: 1.10.0

Metric Name: dotnet.monitor.lock_contentions, Description: The number of times there was contention when trying to acquire a monitor lock since the process has started., Unit: {contention}
(2026-05-15T19:33:34.1223859Z, 2026-05-15T19:35:14.1240768Z] LongSum
Value: 33
Instrumentation scope (Meter):
	Name: System.Runtime
Resource associated with Metric:
	service.name: NatureProtector.Simulator.Host
	service.instance.id: bb16b3c1-3cfb-4565-80d7-da89879d6c3b
	telemetry.sdk.name: opentelemetry
	telemetry.sdk.language: dotnet
	telemetry.sdk.version: 1.10.0

Metric Name: dotnet.thread_pool.thread.count, Description: The number of thread pool threads that currently exist., Unit: {thread}
(2026-05-15T19:33:34.1223933Z, 2026-05-15T19:35:14.1240769Z] LongSum
Value: 2
Instrumentation scope (Meter):
	Name: System.Runtime
Resource associated with Metric:
	service.name: NatureProtector.Simulator.Host
	service.instance.id: bb16b3c1-3cfb-4565-80d7-da89879d6c3b
	telemetry.sdk.name: opentelemetry
	telemetry.sdk.language: dotnet
	telemetry.sdk.version: 1.10.0

Metric Name: dotnet.thread_pool.work_item.count, Description: The number of work items that the thread pool has completed since the process has started., Unit: {work_item}
(2026-05-15T19:33:34.1223994Z, 2026-05-15T19:35:14.1240771Z] LongSum
Value: 132
Instrumentation scope (Meter):
	Name: System.Runtime
Resource associated with Metric:
	service.name: NatureProtector.Simulator.Host
	service.instance.id: bb16b3c1-3cfb-4565-80d7-da89879d6c3b
	telemetry.sdk.name: opentelemetry
	telemetry.sdk.language: dotnet
	telemetry.sdk.version: 1.10.0

Metric Name: dotnet.thread_pool.queue.length, Description: The number of work items that are currently queued to be processed by the thread pool., Unit: {work_item}
(2026-05-15T19:33:34.1224079Z, 2026-05-15T19:35:14.1240772Z] LongSum
Value: 0
Instrumentation scope (Meter):
	Name: System.Runtime
Resource associated with Metric:
	service.name: NatureProtector.Simulator.Host
	service.instance.id: bb16b3c1-3cfb-4565-80d7-da89879d6c3b
	telemetry.sdk.name: opentelemetry
	telemetry.sdk.language: dotnet
	telemetry.sdk.version: 1.10.0

Metric Name: dotnet.timer.count, Description: The number of timer instances that are currently active. An active timer is registered to tick at some point in the future and has not yet been canceled., Unit: {timer}
(2026-05-15T19:33:34.1224139Z, 2026-05-15T19:35:14.1240774Z] LongSumNonMonotonic
Value: 4
Instrumentation scope (Meter):
	Name: System.Runtime
Resource associated with Metric:
	service.name: NatureProtector.Simulator.Host
	service.instance.id: bb16b3c1-3cfb-4565-80d7-da89879d6c3b
	telemetry.sdk.name: opentelemetry
	telemetry.sdk.language: dotnet
	telemetry.sdk.version: 1.10.0

Metric Name: dotnet.assembly.count, Description: The number of .NET assemblies that are currently loaded., Unit: {assembly}
(2026-05-15T19:33:34.1224223Z, 2026-05-15T19:35:14.1240775Z] LongSumNonMonotonic
Value: 105
Instrumentation scope (Meter):
	Name: System.Runtime
Resource associated with Metric:
	service.name: NatureProtector.Simulator.Host
	service.instance.id: bb16b3c1-3cfb-4565-80d7-da89879d6c3b
	telemetry.sdk.name: opentelemetry
	telemetry.sdk.language: dotnet
	telemetry.sdk.version: 1.10.0

Metric Name: dotnet.process.cpu.count, Description: The number of processors available to the process., Unit: {cpu}
(2026-05-15T19:33:34.1259575Z, 2026-05-15T19:35:14.1240779Z] LongSumNonMonotonic
Value: 16
Instrumentation scope (Meter):
	Name: System.Runtime
Resource associated with Metric:
	service.name: NatureProtector.Simulator.Host
	service.instance.id: bb16b3c1-3cfb-4565-80d7-da89879d6c3b
	telemetry.sdk.name: opentelemetry
	telemetry.sdk.language: dotnet
	telemetry.sdk.version: 1.10.0

Metric Name: dotnet.process.cpu.time, Description: CPU time used by the process., Unit: s
(2026-05-15T19:33:34.1259807Z, 2026-05-15T19:35:14.1240781Z] cpu.mode: user DoubleSum
Value: 2.09375
Instrumentation scope (Meter):
	Name: System.Runtime
Resource associated with Metric:
	service.name: NatureProtector.Simulator.Host
	service.instance.id: bb16b3c1-3cfb-4565-80d7-da89879d6c3b
	telemetry.sdk.name: opentelemetry
	telemetry.sdk.language: dotnet
	telemetry.sdk.version: 1.10.0
(2026-05-15T19:33:34.1259807Z, 2026-05-15T19:35:14.1240781Z] cpu.mode: system DoubleSum
Value: 0.484375
Instrumentation scope (Meter):
	Name: System.Runtime
Resource associated with Metric:
	service.name: NatureProtector.Simulator.Host
	service.instance.id: bb16b3c1-3cfb-4565-80d7-da89879d6c3b
	telemetry.sdk.name: opentelemetry
	telemetry.sdk.language: dotnet
	telemetry.sdk.version: 1.10.0

Metric Name: natureprotector.simulator.context.creations
(2026-05-15T19:33:34.1402472Z, 2026-05-15T19:35:14.1240783Z] LongSum
Value: 1
Instrumentation scope (Meter):
	Name: NatureProtector.Simulator.Host
Resource associated with Metric:
	service.name: NatureProtector.Simulator.Host
	service.instance.id: bb16b3c1-3cfb-4565-80d7-da89879d6c3b
	telemetry.sdk.name: opentelemetry
	telemetry.sdk.language: dotnet
	telemetry.sdk.version: 1.10.0

Metric Name: natureprotector.simulator.context.creation.duration, Unit: ms
(2026-05-15T19:33:34.1406933Z, 2026-05-15T19:35:14.1240788Z] Histogram
Value: Sum: 1237,8026 Count: 1 Min: 1237,8026 Max: 1237,8026 
(-Infinity,0]:0
(0,5]:0
(5,10]:0
(10,25]:0
(25,50]:0
(50,75]:0
(75,100]:0
(100,250]:0
(250,500]:0
(500,750]:0
(750,1000]:0
(1000,2500]:1
(2500,5000]:0
(5000,7500]:0
(7500,10000]:0
(10000,+Infinity]:0

Instrumentation scope (Meter):
	Name: NatureProtector.Simulator.Host
Resource associated with Metric:
	service.name: NatureProtector.Simulator.Host
	service.instance.id: bb16b3c1-3cfb-4565-80d7-da89879d6c3b
	telemetry.sdk.name: opentelemetry
	telemetry.sdk.language: dotnet
	telemetry.sdk.version: 1.10.0

Metric Name: natureprotector.simulator.runs
(2026-05-15T19:33:34.1407131Z, 2026-05-15T19:35:14.1240791Z] np.outcome: started LongSum
Value: 1
Instrumentation scope (Meter):
	Name: NatureProtector.Simulator.Host
Resource associated with Metric:
	service.name: NatureProtector.Simulator.Host
	service.instance.id: bb16b3c1-3cfb-4565-80d7-da89879d6c3b
	telemetry.sdk.name: opentelemetry
	telemetry.sdk.language: dotnet
	telemetry.sdk.version: 1.10.0
(2026-05-15T19:33:34.1407131Z, 2026-05-15T19:35:14.1240791Z] np.outcome: completed LongSum
Value: 1
Instrumentation scope (Meter):
	Name: NatureProtector.Simulator.Host
Resource associated with Metric:
	service.name: NatureProtector.Simulator.Host
	service.instance.id: bb16b3c1-3cfb-4565-80d7-da89879d6c3b
	telemetry.sdk.name: opentelemetry
	telemetry.sdk.language: dotnet
	telemetry.sdk.version: 1.10.0

Metric Name: natureprotector.simulator.run.duration, Unit: ms
(2026-05-15T19:33:34.1407231Z, 2026-05-15T19:35:14.1240797Z] np.outcome: completed Histogram
Value: Sum: 21764,3145 Count: 1 Min: 21764,3145 Max: 21764,3145 
(-Infinity,0]:0
(0,5]:0
(5,10]:0
(10,25]:0
(25,50]:0
(50,75]:0
(75,100]:0
(100,250]:0
(250,500]:0
(500,750]:0
(750,1000]:0
(1000,2500]:0
(2500,5000]:0
(5000,7500]:0
(7500,10000]:0
(10000,+Infinity]:1

Instrumentation scope (Meter):
	Name: NatureProtector.Simulator.Host
Resource associated with Metric:
	service.name: NatureProtector.Simulator.Host
	service.instance.id: bb16b3c1-3cfb-4565-80d7-da89879d6c3b
	telemetry.sdk.name: opentelemetry
	telemetry.sdk.language: dotnet
	telemetry.sdk.version: 1.10.0

Metric Name: natureprotector.simulator.publish.messages
(2026-05-15T19:33:34.1407299Z, 2026-05-15T19:35:14.1240799Z] LongSum
Value: 30
Instrumentation scope (Meter):
	Name: NatureProtector.Simulator.Host
Resource associated with Metric:
	service.name: NatureProtector.Simulator.Host
	service.instance.id: bb16b3c1-3cfb-4565-80d7-da89879d6c3b
	telemetry.sdk.name: opentelemetry
	telemetry.sdk.language: dotnet
	telemetry.sdk.version: 1.10.0

Metric Name: natureprotector.simulator.publish.batch.size
(2026-05-15T19:33:34.1411579Z, 2026-05-15T19:35:14.1240804Z] Histogram
Value: Sum: 30 Count: 5 Min: 6 Max: 6 
(-Infinity,0]:0
(0,5]:0
(5,10]:5
(10,25]:0
(25,50]:0
(50,75]:0
(75,100]:0
(100,250]:0
(250,500]:0
(500,750]:0
(750,1000]:0
(1000,2500]:0
(2500,5000]:0
(5000,7500]:0
(7500,10000]:0
(10000,+Infinity]:0

Instrumentation scope (Meter):
	Name: NatureProtector.Simulator.Host
Resource associated with Metric:
	service.name: NatureProtector.Simulator.Host
	service.instance.id: bb16b3c1-3cfb-4565-80d7-da89879d6c3b
	telemetry.sdk.name: opentelemetry
	telemetry.sdk.language: dotnet
	telemetry.sdk.version: 1.10.0

Metric Name: natureprotector.simulator.publish.duration, Unit: ms
(2026-05-15T19:33:34.1411747Z, 2026-05-15T19:35:14.1240808Z] Histogram
Value: Sum: 368,4914 Count: 35 Min: 0,0686 Max: 130,9608 
(-Infinity,0]:0
(0,5]:29
(5,10]:0
(10,25]:0
(25,50]:4
(50,75]:0
(75,100]:0
(100,250]:2
(250,500]:0
(500,750]:0
(750,1000]:0
(1000,2500]:0
(2500,5000]:0
(5000,7500]:0
(7500,10000]:0
(10000,+Infinity]:0

Instrumentation scope (Meter):
	Name: NatureProtector.Simulator.Host
Resource associated with Metric:
	service.name: NatureProtector.Simulator.Host
	service.instance.id: bb16b3c1-3cfb-4565-80d7-da89879d6c3b
	telemetry.sdk.name: opentelemetry
	telemetry.sdk.language: dotnet
	telemetry.sdk.version: 1.10.0

Metric Name: dns.lookup.duration, Description: Measures the time taken to perform a DNS lookup., Unit: s
(2026-05-15T19:33:35.0713776Z, 2026-05-15T19:35:14.1240817Z] dns.question.name: localhost Histogram
Value: Sum: 0,007422300000000001 Count: 2 Min: 0,0004333 Max: 0,006989 
(-Infinity,0,005]:1
(0,005,0,01]:1
(0,01,0,025]:0
(0,025,0,05]:0
(0,05,0,075]:0
(0,075,0,1]:0
(0,1,0,25]:0
(0,25,0,5]:0
(0,5,0,75]:0
(0,75,1]:0
(1,2,5]:0
(2,5,5]:0
(5,7,5]:0
(7,5,10]:0
(10,+Infinity]:0

Instrumentation scope (Meter):
	Name: System.Net.NameResolution
Resource associated with Metric:
	service.name: NatureProtector.Simulator.Host
	service.instance.id: bb16b3c1-3cfb-4565-80d7-da89879d6c3b
	telemetry.sdk.name: opentelemetry
	telemetry.sdk.language: dotnet
	telemetry.sdk.version: 1.10.0

Metric Name: process.memory.usage, Description: The amount of physical memory in use., Unit: By
(2026-05-15T19:33:34.1204994Z, 2026-05-15T19:35:24.1293988Z] LongSumNonMonotonic
Value: 107286528
Instrumentation scope (Meter):
	Name: OpenTelemetry.Instrumentation.Process
	Version: 1.10.0-beta.1
Resource associated with Metric:
	service.name: NatureProtector.Simulator.Host
	service.instance.id: bb16b3c1-3cfb-4565-80d7-da89879d6c3b
	telemetry.sdk.name: opentelemetry
	telemetry.sdk.language: dotnet
	telemetry.sdk.version: 1.10.0

Metric Name: process.memory.virtual, Description: The amount of committed virtual memory., Unit: By
(2026-05-15T19:33:34.1214436Z, 2026-05-15T19:35:24.1294005Z] LongSumNonMonotonic
Value: 2481003020288
Instrumentation scope (Meter):
	Name: OpenTelemetry.Instrumentation.Process
	Version: 1.10.0-beta.1
Resource associated with Metric:
	service.name: NatureProtector.Simulator.Host
	service.instance.id: bb16b3c1-3cfb-4565-80d7-da89879d6c3b
	telemetry.sdk.name: opentelemetry
	telemetry.sdk.language: dotnet
	telemetry.sdk.version: 1.10.0

Metric Name: process.cpu.time, Description: Total CPU seconds broken down by different states., Unit: s
(2026-05-15T19:33:34.1216173Z, 2026-05-15T19:35:24.1294011Z] process.cpu.state: user DoubleSum
Value: 2.09375
Instrumentation scope (Meter):
	Name: OpenTelemetry.Instrumentation.Process
	Version: 1.10.0-beta.1
Resource associated with Metric:
	service.name: NatureProtector.Simulator.Host
	service.instance.id: bb16b3c1-3cfb-4565-80d7-da89879d6c3b
	telemetry.sdk.name: opentelemetry
	telemetry.sdk.language: dotnet
	telemetry.sdk.version: 1.10.0
(2026-05-15T19:33:34.1216173Z, 2026-05-15T19:35:24.1294011Z] process.cpu.state: system DoubleSum
Value: 0.5
Instrumentation scope (Meter):
	Name: OpenTelemetry.Instrumentation.Process
	Version: 1.10.0-beta.1
Resource associated with Metric:
	service.name: NatureProtector.Simulator.Host
	service.instance.id: bb16b3c1-3cfb-4565-80d7-da89879d6c3b
	telemetry.sdk.name: opentelemetry
	telemetry.sdk.language: dotnet
	telemetry.sdk.version: 1.10.0

Metric Name: process.cpu.count, Description: The number of processors (CPU cores) available to the current process., Unit: {processors}
(2026-05-15T19:33:34.1216365Z, 2026-05-15T19:35:24.1294020Z] LongSumNonMonotonic
Value: 16
Instrumentation scope (Meter):
	Name: OpenTelemetry.Instrumentation.Process
	Version: 1.10.0-beta.1
Resource associated with Metric:
	service.name: NatureProtector.Simulator.Host
	service.instance.id: bb16b3c1-3cfb-4565-80d7-da89879d6c3b
	telemetry.sdk.name: opentelemetry
	telemetry.sdk.language: dotnet
	telemetry.sdk.version: 1.10.0

Metric Name: process.thread.count, Description: Process threads count., Unit: {thread}
(2026-05-15T19:33:34.1216478Z, 2026-05-15T19:35:24.1294022Z] LongSumNonMonotonic
Value: 21
Instrumentation scope (Meter):
	Name: OpenTelemetry.Instrumentation.Process
	Version: 1.10.0-beta.1
Resource associated with Metric:
	service.name: NatureProtector.Simulator.Host
	service.instance.id: bb16b3c1-3cfb-4565-80d7-da89879d6c3b
	telemetry.sdk.name: opentelemetry
	telemetry.sdk.language: dotnet
	telemetry.sdk.version: 1.10.0

Metric Name: dotnet.gc.collections, Description: The number of garbage collections that have occurred since the process has started., Unit: {collection}
(2026-05-15T19:33:34.1216557Z, 2026-05-15T19:35:24.1294024Z] gc.heap.generation: gen2 LongSum
Value: 1
Instrumentation scope (Meter):
	Name: System.Runtime
Resource associated with Metric:
	service.name: NatureProtector.Simulator.Host
	service.instance.id: bb16b3c1-3cfb-4565-80d7-da89879d6c3b
	telemetry.sdk.name: opentelemetry
	telemetry.sdk.language: dotnet
	telemetry.sdk.version: 1.10.0
(2026-05-15T19:33:34.1216557Z, 2026-05-15T19:35:24.1294024Z] gc.heap.generation: gen1 LongSum
Value: 1
Instrumentation scope (Meter):
	Name: System.Runtime
Resource associated with Metric:
	service.name: NatureProtector.Simulator.Host
	service.instance.id: bb16b3c1-3cfb-4565-80d7-da89879d6c3b
	telemetry.sdk.name: opentelemetry
	telemetry.sdk.language: dotnet
	telemetry.sdk.version: 1.10.0
(2026-05-15T19:33:34.1216557Z, 2026-05-15T19:35:24.1294024Z] gc.heap.generation: gen0 LongSum
Value: 2
Instrumentation scope (Meter):
	Name: System.Runtime
Resource associated with Metric:
	service.name: NatureProtector.Simulator.Host
	service.instance.id: bb16b3c1-3cfb-4565-80d7-da89879d6c3b
	telemetry.sdk.name: opentelemetry
	telemetry.sdk.language: dotnet
	telemetry.sdk.version: 1.10.0

Metric Name: dotnet.process.memory.working_set, Description: The number of bytes of physical memory mapped to the process context., Unit: By
(2026-05-15T19:33:34.1216627Z, 2026-05-15T19:35:24.1294026Z] LongSumNonMonotonic
Value: 106692608
Instrumentation scope (Meter):
	Name: System.Runtime
Resource associated with Metric:
	service.name: NatureProtector.Simulator.Host
	service.instance.id: bb16b3c1-3cfb-4565-80d7-da89879d6c3b
	telemetry.sdk.name: opentelemetry
	telemetry.sdk.language: dotnet
	telemetry.sdk.version: 1.10.0

Metric Name: dotnet.gc.heap.total_allocated, Description: The approximate number of bytes allocated on the managed GC heap since the process has started. The returned value does not include any native allocations., Unit: By
(2026-05-15T19:33:34.1216715Z, 2026-05-15T19:35:24.1294030Z] LongSum
Value: 40796736
Instrumentation scope (Meter):
	Name: System.Runtime
Resource associated with Metric:
	service.name: NatureProtector.Simulator.Host
	service.instance.id: bb16b3c1-3cfb-4565-80d7-da89879d6c3b
	telemetry.sdk.name: opentelemetry
	telemetry.sdk.language: dotnet
	telemetry.sdk.version: 1.10.0

Metric Name: dotnet.gc.last_collection.memory.committed_size, Description: The amount of committed virtual memory in use by the .NET GC, as observed during the latest garbage collection., Unit: By
(2026-05-15T19:33:34.1216781Z, 2026-05-15T19:35:24.1294032Z] LongSumNonMonotonic
Value: 20717568
Instrumentation scope (Meter):
	Name: System.Runtime
Resource associated with Metric:
	service.name: NatureProtector.Simulator.Host
	service.instance.id: bb16b3c1-3cfb-4565-80d7-da89879d6c3b
	telemetry.sdk.name: opentelemetry
	telemetry.sdk.language: dotnet
	telemetry.sdk.version: 1.10.0

Metric Name: dotnet.gc.last_collection.heap.size, Description: The managed GC heap size (including fragmentation), as observed during the latest garbage collection., Unit: By
(2026-05-15T19:33:34.1216842Z, 2026-05-15T19:35:24.1294036Z] gc.heap.generation: gen0 LongSumNonMonotonic
Value: 156040
Instrumentation scope (Meter):
	Name: System.Runtime
Resource associated with Metric:
	service.name: NatureProtector.Simulator.Host
	service.instance.id: bb16b3c1-3cfb-4565-80d7-da89879d6c3b
	telemetry.sdk.name: opentelemetry
	telemetry.sdk.language: dotnet
	telemetry.sdk.version: 1.10.0
(2026-05-15T19:33:34.1216842Z, 2026-05-15T19:35:24.1294036Z] gc.heap.generation: gen1 LongSumNonMonotonic
Value: 4105768
Instrumentation scope (Meter):
	Name: System.Runtime
Resource associated with Metric:
	service.name: NatureProtector.Simulator.Host
	service.instance.id: bb16b3c1-3cfb-4565-80d7-da89879d6c3b
	telemetry.sdk.name: opentelemetry
	telemetry.sdk.language: dotnet
	telemetry.sdk.version: 1.10.0
(2026-05-15T19:33:34.1216842Z, 2026-05-15T19:35:24.1294036Z] gc.heap.generation: gen2 LongSumNonMonotonic
Value: 916296
Instrumentation scope (Meter):
	Name: System.Runtime
Resource associated with Metric:
	service.name: NatureProtector.Simulator.Host
	service.instance.id: bb16b3c1-3cfb-4565-80d7-da89879d6c3b
	telemetry.sdk.name: opentelemetry
	telemetry.sdk.language: dotnet
	telemetry.sdk.version: 1.10.0
(2026-05-15T19:33:34.1216842Z, 2026-05-15T19:35:24.1294036Z] gc.heap.generation: loh LongSumNonMonotonic
Value: 6986640
Instrumentation scope (Meter):
	Name: System.Runtime
Resource associated with Metric:
	service.name: NatureProtector.Simulator.Host
	service.instance.id: bb16b3c1-3cfb-4565-80d7-da89879d6c3b
	telemetry.sdk.name: opentelemetry
	telemetry.sdk.language: dotnet
	telemetry.sdk.version: 1.10.0
(2026-05-15T19:33:34.1216842Z, 2026-05-15T19:35:24.1294036Z] gc.heap.generation: poh LongSumNonMonotonic
Value: 58240
Instrumentation scope (Meter):
	Name: System.Runtime
Resource associated with Metric:
	service.name: NatureProtector.Simulator.Host
	service.instance.id: bb16b3c1-3cfb-4565-80d7-da89879d6c3b
	telemetry.sdk.name: opentelemetry
	telemetry.sdk.language: dotnet
	telemetry.sdk.version: 1.10.0

Metric Name: dotnet.gc.last_collection.heap.fragmentation.size, Description: The heap fragmentation, as observed during the latest garbage collection., Unit: By
(2026-05-15T19:33:34.1216929Z, 2026-05-15T19:35:24.1294037Z] gc.heap.generation: gen0 LongSumNonMonotonic
Value: 147656
Instrumentation scope (Meter):
	Name: System.Runtime
Resource associated with Metric:
	service.name: NatureProtector.Simulator.Host
	service.instance.id: bb16b3c1-3cfb-4565-80d7-da89879d6c3b
	telemetry.sdk.name: opentelemetry
	telemetry.sdk.language: dotnet
	telemetry.sdk.version: 1.10.0
(2026-05-15T19:33:34.1216929Z, 2026-05-15T19:35:24.1294037Z] gc.heap.generation: gen1 LongSumNonMonotonic
Value: 67944
Instrumentation scope (Meter):
	Name: System.Runtime
Resource associated with Metric:
	service.name: NatureProtector.Simulator.Host
	service.instance.id: bb16b3c1-3cfb-4565-80d7-da89879d6c3b
	telemetry.sdk.name: opentelemetry
	telemetry.sdk.language: dotnet
	telemetry.sdk.version: 1.10.0
(2026-05-15T19:33:34.1216929Z, 2026-05-15T19:35:24.1294037Z] gc.heap.generation: gen2 LongSumNonMonotonic
Value: 0
Instrumentation scope (Meter):
	Name: System.Runtime
Resource associated with Metric:
	service.name: NatureProtector.Simulator.Host
	service.instance.id: bb16b3c1-3cfb-4565-80d7-da89879d6c3b
	telemetry.sdk.name: opentelemetry
	telemetry.sdk.language: dotnet
	telemetry.sdk.version: 1.10.0
(2026-05-15T19:33:34.1216929Z, 2026-05-15T19:35:24.1294037Z] gc.heap.generation: loh LongSumNonMonotonic
Value: 1120
Instrumentation scope (Meter):
	Name: System.Runtime
Resource associated with Metric:
	service.name: NatureProtector.Simulator.Host
	service.instance.id: bb16b3c1-3cfb-4565-80d7-da89879d6c3b
	telemetry.sdk.name: opentelemetry
	telemetry.sdk.language: dotnet
	telemetry.sdk.version: 1.10.0
(2026-05-15T19:33:34.1216929Z, 2026-05-15T19:35:24.1294037Z] gc.heap.generation: poh LongSumNonMonotonic
Value: 0
Instrumentation scope (Meter):
	Name: System.Runtime
Resource associated with Metric:
	service.name: NatureProtector.Simulator.Host
	service.instance.id: bb16b3c1-3cfb-4565-80d7-da89879d6c3b
	telemetry.sdk.name: opentelemetry
	telemetry.sdk.language: dotnet
	telemetry.sdk.version: 1.10.0

Metric Name: dotnet.gc.pause.time, Description: The total amount of time paused in GC since the process has started., Unit: s
(2026-05-15T19:33:34.1223505Z, 2026-05-15T19:35:24.1294040Z] DoubleSum
Value: 0.021885
Instrumentation scope (Meter):
	Name: System.Runtime
Resource associated with Metric:
	service.name: NatureProtector.Simulator.Host
	service.instance.id: bb16b3c1-3cfb-4565-80d7-da89879d6c3b
	telemetry.sdk.name: opentelemetry
	telemetry.sdk.language: dotnet
	telemetry.sdk.version: 1.10.0

Metric Name: dotnet.jit.compiled_il.size, Description: Count of bytes of intermediate language that have been compiled since the process has started., Unit: By
(2026-05-15T19:33:34.1223612Z, 2026-05-15T19:35:24.1294043Z] LongSum
Value: 1153130
Instrumentation scope (Meter):
	Name: System.Runtime
Resource associated with Metric:
	service.name: NatureProtector.Simulator.Host
	service.instance.id: bb16b3c1-3cfb-4565-80d7-da89879d6c3b
	telemetry.sdk.name: opentelemetry
	telemetry.sdk.language: dotnet
	telemetry.sdk.version: 1.10.0

Metric Name: dotnet.jit.compiled_methods, Description: The number of times the JIT compiler (re)compiled methods since the process has started., Unit: {method}
(2026-05-15T19:33:34.1223677Z, 2026-05-15T19:35:24.1294046Z] LongSum
Value: 14910
Instrumentation scope (Meter):
	Name: System.Runtime
Resource associated with Metric:
	service.name: NatureProtector.Simulator.Host
	service.instance.id: bb16b3c1-3cfb-4565-80d7-da89879d6c3b
	telemetry.sdk.name: opentelemetry
	telemetry.sdk.language: dotnet
	telemetry.sdk.version: 1.10.0

Metric Name: dotnet.jit.compilation.time, Description: The number of times the JIT compiler (re)compiled methods since the process has started., Unit: s
(2026-05-15T19:33:34.1223770Z, 2026-05-15T19:35:24.1294053Z] DoubleSum
Value: 1.5746327
Instrumentation scope (Meter):
	Name: System.Runtime
Resource associated with Metric:
	service.name: NatureProtector.Simulator.Host
	service.instance.id: bb16b3c1-3cfb-4565-80d7-da89879d6c3b
	telemetry.sdk.name: opentelemetry
	telemetry.sdk.language: dotnet
	telemetry.sdk.version: 1.10.0

Metric Name: dotnet.monitor.lock_contentions, Description: The number of times there was contention when trying to acquire a monitor lock since the process has started., Unit: {contention}
(2026-05-15T19:33:34.1223859Z, 2026-05-15T19:35:24.1294055Z] LongSum
Value: 33
Instrumentation scope (Meter):
	Name: System.Runtime
Resource associated with Metric:
	service.name: NatureProtector.Simulator.Host
	service.instance.id: bb16b3c1-3cfb-4565-80d7-da89879d6c3b
	telemetry.sdk.name: opentelemetry
	telemetry.sdk.language: dotnet
	telemetry.sdk.version: 1.10.0

Metric Name: dotnet.thread_pool.thread.count, Description: The number of thread pool threads that currently exist., Unit: {thread}
(2026-05-15T19:33:34.1223933Z, 2026-05-15T19:35:24.1294056Z] LongSum
Value: 2
Instrumentation scope (Meter):
	Name: System.Runtime
Resource associated with Metric:
	service.name: NatureProtector.Simulator.Host
	service.instance.id: bb16b3c1-3cfb-4565-80d7-da89879d6c3b
	telemetry.sdk.name: opentelemetry
	telemetry.sdk.language: dotnet
	telemetry.sdk.version: 1.10.0

Metric Name: dotnet.thread_pool.work_item.count, Description: The number of work items that the thread pool has completed since the process has started., Unit: {work_item}
(2026-05-15T19:33:34.1223994Z, 2026-05-15T19:35:24.1294059Z] LongSum
Value: 136
Instrumentation scope (Meter):
	Name: System.Runtime
Resource associated with Metric:
	service.name: NatureProtector.Simulator.Host
	service.instance.id: bb16b3c1-3cfb-4565-80d7-da89879d6c3b
	telemetry.sdk.name: opentelemetry
	telemetry.sdk.language: dotnet
	telemetry.sdk.version: 1.10.0

Metric Name: dotnet.thread_pool.queue.length, Description: The number of work items that are currently queued to be processed by the thread pool., Unit: {work_item}
(2026-05-15T19:33:34.1224079Z, 2026-05-15T19:35:24.1294061Z] LongSum
Value: 0
Instrumentation scope (Meter):
	Name: System.Runtime
Resource associated with Metric:
	service.name: NatureProtector.Simulator.Host
	service.instance.id: bb16b3c1-3cfb-4565-80d7-da89879d6c3b
	telemetry.sdk.name: opentelemetry
	telemetry.sdk.language: dotnet
	telemetry.sdk.version: 1.10.0

Metric Name: dotnet.timer.count, Description: The number of timer instances that are currently active. An active timer is registered to tick at some point in the future and has not yet been canceled., Unit: {timer}
(2026-05-15T19:33:34.1224139Z, 2026-05-15T19:35:24.1294063Z] LongSumNonMonotonic
Value: 4
Instrumentation scope (Meter):
	Name: System.Runtime
Resource associated with Metric:
	service.name: NatureProtector.Simulator.Host
	service.instance.id: bb16b3c1-3cfb-4565-80d7-da89879d6c3b
	telemetry.sdk.name: opentelemetry
	telemetry.sdk.language: dotnet
	telemetry.sdk.version: 1.10.0

Metric Name: dotnet.assembly.count, Description: The number of .NET assemblies that are currently loaded., Unit: {assembly}
(2026-05-15T19:33:34.1224223Z, 2026-05-15T19:35:24.1294066Z] LongSumNonMonotonic
Value: 105
Instrumentation scope (Meter):
	Name: System.Runtime
Resource associated with Metric:
	service.name: NatureProtector.Simulator.Host
	service.instance.id: bb16b3c1-3cfb-4565-80d7-da89879d6c3b
	telemetry.sdk.name: opentelemetry
	telemetry.sdk.language: dotnet
	telemetry.sdk.version: 1.10.0

Metric Name: dotnet.process.cpu.count, Description: The number of processors available to the process., Unit: {cpu}
(2026-05-15T19:33:34.1259575Z, 2026-05-15T19:35:24.1294074Z] LongSumNonMonotonic
Value: 16
Instrumentation scope (Meter):
	Name: System.Runtime
Resource associated with Metric:
	service.name: NatureProtector.Simulator.Host
	service.instance.id: bb16b3c1-3cfb-4565-80d7-da89879d6c3b
	telemetry.sdk.name: opentelemetry
	telemetry.sdk.language: dotnet
	telemetry.sdk.version: 1.10.0

Metric Name: dotnet.process.cpu.time, Description: CPU time used by the process., Unit: s
(2026-05-15T19:33:34.1259807Z, 2026-05-15T19:35:24.1294077Z] cpu.mode: user DoubleSum
Value: 2.09375
Instrumentation scope (Meter):
	Name: System.Runtime
Resource associated with Metric:
	service.name: NatureProtector.Simulator.Host
	service.instance.id: bb16b3c1-3cfb-4565-80d7-da89879d6c3b
	telemetry.sdk.name: opentelemetry
	telemetry.sdk.language: dotnet
	telemetry.sdk.version: 1.10.0
(2026-05-15T19:33:34.1259807Z, 2026-05-15T19:35:24.1294077Z] cpu.mode: system DoubleSum
Value: 0.5
Instrumentation scope (Meter):
	Name: System.Runtime
Resource associated with Metric:
	service.name: NatureProtector.Simulator.Host
	service.instance.id: bb16b3c1-3cfb-4565-80d7-da89879d6c3b
	telemetry.sdk.name: opentelemetry
	telemetry.sdk.language: dotnet
	telemetry.sdk.version: 1.10.0

Metric Name: natureprotector.simulator.context.creations
(2026-05-15T19:33:34.1402472Z, 2026-05-15T19:35:24.1294083Z] LongSum
Value: 1
Instrumentation scope (Meter):
	Name: NatureProtector.Simulator.Host
Resource associated with Metric:
	service.name: NatureProtector.Simulator.Host
	service.instance.id: bb16b3c1-3cfb-4565-80d7-da89879d6c3b
	telemetry.sdk.name: opentelemetry
	telemetry.sdk.language: dotnet
	telemetry.sdk.version: 1.10.0

Metric Name: natureprotector.simulator.context.creation.duration, Unit: ms
(2026-05-15T19:33:34.1406933Z, 2026-05-15T19:35:24.1294089Z] Histogram
Value: Sum: 1237,8026 Count: 1 Min: 1237,8026 Max: 1237,8026 
(-Infinity,0]:0
(0,5]:0
(5,10]:0
(10,25]:0
(25,50]:0
(50,75]:0
(75,100]:0
(100,250]:0
(250,500]:0
(500,750]:0
(750,1000]:0
(1000,2500]:1
(2500,5000]:0
(5000,7500]:0
(7500,10000]:0
(10000,+Infinity]:0

Instrumentation scope (Meter):
	Name: NatureProtector.Simulator.Host
Resource associated with Metric:
	service.name: NatureProtector.Simulator.Host
	service.instance.id: bb16b3c1-3cfb-4565-80d7-da89879d6c3b
	telemetry.sdk.name: opentelemetry
	telemetry.sdk.language: dotnet
	telemetry.sdk.version: 1.10.0

Metric Name: natureprotector.simulator.runs
(2026-05-15T19:33:34.1407131Z, 2026-05-15T19:35:24.1294093Z] np.outcome: started LongSum
Value: 1
Instrumentation scope (Meter):
	Name: NatureProtector.Simulator.Host
Resource associated with Metric:
	service.name: NatureProtector.Simulator.Host
	service.instance.id: bb16b3c1-3cfb-4565-80d7-da89879d6c3b
	telemetry.sdk.name: opentelemetry
	telemetry.sdk.language: dotnet
	telemetry.sdk.version: 1.10.0
(2026-05-15T19:33:34.1407131Z, 2026-05-15T19:35:24.1294093Z] np.outcome: completed LongSum
Value: 1
Instrumentation scope (Meter):
	Name: NatureProtector.Simulator.Host
Resource associated with Metric:
	service.name: NatureProtector.Simulator.Host
	service.instance.id: bb16b3c1-3cfb-4565-80d7-da89879d6c3b
	telemetry.sdk.name: opentelemetry
	telemetry.sdk.language: dotnet
	telemetry.sdk.version: 1.10.0

Metric Name: natureprotector.simulator.run.duration, Unit: ms
(2026-05-15T19:33:34.1407231Z, 2026-05-15T19:35:24.1294102Z] np.outcome: completed Histogram
Value: Sum: 21764,3145 Count: 1 Min: 21764,3145 Max: 21764,3145 
(-Infinity,0]:0
(0,5]:0
(5,10]:0
(10,25]:0
(25,50]:0
(50,75]:0
(75,100]:0
(100,250]:0
(250,500]:0
(500,750]:0
(750,1000]:0
(1000,2500]:0
(2500,5000]:0
(5000,7500]:0
(7500,10000]:0
(10000,+Infinity]:1

Instrumentation scope (Meter):
	Name: NatureProtector.Simulator.Host
Resource associated with Metric:
	service.name: NatureProtector.Simulator.Host
	service.instance.id: bb16b3c1-3cfb-4565-80d7-da89879d6c3b
	telemetry.sdk.name: opentelemetry
	telemetry.sdk.language: dotnet
	telemetry.sdk.version: 1.10.0

Metric Name: natureprotector.simulator.publish.messages
(2026-05-15T19:33:34.1407299Z, 2026-05-15T19:35:24.1294105Z] LongSum
Value: 30
Instrumentation scope (Meter):
	Name: NatureProtector.Simulator.Host
Resource associated with Metric:
	service.name: NatureProtector.Simulator.Host
	service.instance.id: bb16b3c1-3cfb-4565-80d7-da89879d6c3b
	telemetry.sdk.name: opentelemetry
	telemetry.sdk.language: dotnet
	telemetry.sdk.version: 1.10.0

Metric Name: natureprotector.simulator.publish.batch.size
(2026-05-15T19:33:34.1411579Z, 2026-05-15T19:35:24.1294112Z] Histogram
Value: Sum: 30 Count: 5 Min: 6 Max: 6 
(-Infinity,0]:0
(0,5]:0
(5,10]:5
(10,25]:0
(25,50]:0
(50,75]:0
(75,100]:0
(100,250]:0
(250,500]:0
(500,750]:0
(750,1000]:0
(1000,2500]:0
(2500,5000]:0
(5000,7500]:0
(7500,10000]:0
(10000,+Infinity]:0

Instrumentation scope (Meter):
	Name: NatureProtector.Simulator.Host
Resource associated with Metric:
	service.name: NatureProtector.Simulator.Host
	service.instance.id: bb16b3c1-3cfb-4565-80d7-da89879d6c3b
	telemetry.sdk.name: opentelemetry
	telemetry.sdk.language: dotnet
	telemetry.sdk.version: 1.10.0

Metric Name: natureprotector.simulator.publish.duration, Unit: ms
(2026-05-15T19:33:34.1411747Z, 2026-05-15T19:35:24.1294118Z] Histogram
Value: Sum: 368,4914 Count: 35 Min: 0,0686 Max: 130,9608 
(-Infinity,0]:0
(0,5]:29
(5,10]:0
(10,25]:0
(25,50]:4
(50,75]:0
(75,100]:0
(100,250]:2
(250,500]:0
(500,750]:0
(750,1000]:0
(1000,2500]:0
(2500,5000]:0
(5000,7500]:0
(7500,10000]:0
(10000,+Infinity]:0

Instrumentation scope (Meter):
	Name: NatureProtector.Simulator.Host
Resource associated with Metric:
	service.name: NatureProtector.Simulator.Host
	service.instance.id: bb16b3c1-3cfb-4565-80d7-da89879d6c3b
	telemetry.sdk.name: opentelemetry
	telemetry.sdk.language: dotnet
	telemetry.sdk.version: 1.10.0

Metric Name: dns.lookup.duration, Description: Measures the time taken to perform a DNS lookup., Unit: s
(2026-05-15T19:33:35.0713776Z, 2026-05-15T19:35:24.1294139Z] dns.question.name: localhost Histogram
Value: Sum: 0,007422300000000001 Count: 2 Min: 0,0004333 Max: 0,006989 
(-Infinity,0,005]:1
(0,005,0,01]:1
(0,01,0,025]:0
(0,025,0,05]:0
(0,05,0,075]:0
(0,075,0,1]:0
(0,1,0,25]:0
(0,25,0,5]:0
(0,5,0,75]:0
(0,75,1]:0
(1,2,5]:0
(2,5,5]:0
(5,7,5]:0
(7,5,10]:0
(10,+Infinity]:0

Instrumentation scope (Meter):
	Name: System.Net.NameResolution
Resource associated with Metric:
	service.name: NatureProtector.Simulator.Host
	service.instance.id: bb16b3c1-3cfb-4565-80d7-da89879d6c3b
	telemetry.sdk.name: opentelemetry
	telemetry.sdk.language: dotnet
	telemetry.sdk.version: 1.10.0

Metric Name: process.memory.usage, Description: The amount of physical memory in use., Unit: By
(2026-05-15T19:33:34.1204994Z, 2026-05-15T19:35:34.1296679Z] LongSumNonMonotonic
Value: 107347968
Instrumentation scope (Meter):
	Name: OpenTelemetry.Instrumentation.Process
	Version: 1.10.0-beta.1
Resource associated with Metric:
	service.name: NatureProtector.Simulator.Host
	service.instance.id: bb16b3c1-3cfb-4565-80d7-da89879d6c3b
	telemetry.sdk.name: opentelemetry
	telemetry.sdk.language: dotnet
	telemetry.sdk.version: 1.10.0

Metric Name: process.memory.virtual, Description: The amount of committed virtual memory., Unit: By
(2026-05-15T19:33:34.1214436Z, 2026-05-15T19:35:34.1296687Z] LongSumNonMonotonic
Value: 2481003020288
Instrumentation scope (Meter):
	Name: OpenTelemetry.Instrumentation.Process
	Version: 1.10.0-beta.1
Resource associated with Metric:
	service.name: NatureProtector.Simulator.Host
	service.instance.id: bb16b3c1-3cfb-4565-80d7-da89879d6c3b
	telemetry.sdk.name: opentelemetry
	telemetry.sdk.language: dotnet
	telemetry.sdk.version: 1.10.0

Metric Name: process.cpu.time, Description: Total CPU seconds broken down by different states., Unit: s
(2026-05-15T19:33:34.1216173Z, 2026-05-15T19:35:34.1296692Z] process.cpu.state: user DoubleSum
Value: 2.109375
Instrumentation scope (Meter):
	Name: OpenTelemetry.Instrumentation.Process
	Version: 1.10.0-beta.1
Resource associated with Metric:
	service.name: NatureProtector.Simulator.Host
	service.instance.id: bb16b3c1-3cfb-4565-80d7-da89879d6c3b
	telemetry.sdk.name: opentelemetry
	telemetry.sdk.language: dotnet
	telemetry.sdk.version: 1.10.0
(2026-05-15T19:33:34.1216173Z, 2026-05-15T19:35:34.1296692Z] process.cpu.state: system DoubleSum
Value: 0.5
Instrumentation scope (Meter):
	Name: OpenTelemetry.Instrumentation.Process
	Version: 1.10.0-beta.1
Resource associated with Metric:
	service.name: NatureProtector.Simulator.Host
	service.instance.id: bb16b3c1-3cfb-4565-80d7-da89879d6c3b
	telemetry.sdk.name: opentelemetry
	telemetry.sdk.language: dotnet
	telemetry.sdk.version: 1.10.0

Metric Name: process.cpu.count, Description: The number of processors (CPU cores) available to the current process., Unit: {processors}
(2026-05-15T19:33:34.1216365Z, 2026-05-15T19:35:34.1296697Z] LongSumNonMonotonic
Value: 16
Instrumentation scope (Meter):
	Name: OpenTelemetry.Instrumentation.Process
	Version: 1.10.0-beta.1
Resource associated with Metric:
	service.name: NatureProtector.Simulator.Host
	service.instance.id: bb16b3c1-3cfb-4565-80d7-da89879d6c3b
	telemetry.sdk.name: opentelemetry
	telemetry.sdk.language: dotnet
	telemetry.sdk.version: 1.10.0

Metric Name: process.thread.count, Description: Process threads count., Unit: {thread}
(2026-05-15T19:33:34.1216478Z, 2026-05-15T19:35:34.1296699Z] LongSumNonMonotonic
Value: 21
Instrumentation scope (Meter):
	Name: OpenTelemetry.Instrumentation.Process
	Version: 1.10.0-beta.1
Resource associated with Metric:
	service.name: NatureProtector.Simulator.Host
	service.instance.id: bb16b3c1-3cfb-4565-80d7-da89879d6c3b
	telemetry.sdk.name: opentelemetry
	telemetry.sdk.language: dotnet
	telemetry.sdk.version: 1.10.0

Metric Name: dotnet.gc.collections, Description: The number of garbage collections that have occurred since the process has started., Unit: {collection}
(2026-05-15T19:33:34.1216557Z, 2026-05-15T19:35:34.1296701Z] gc.heap.generation: gen2 LongSum
Value: 1
Instrumentation scope (Meter):
	Name: System.Runtime
Resource associated with Metric:
	service.name: NatureProtector.Simulator.Host
	service.instance.id: bb16b3c1-3cfb-4565-80d7-da89879d6c3b
	telemetry.sdk.name: opentelemetry
	telemetry.sdk.language: dotnet
	telemetry.sdk.version: 1.10.0
(2026-05-15T19:33:34.1216557Z, 2026-05-15T19:35:34.1296701Z] gc.heap.generation: gen1 LongSum
Value: 1
Instrumentation scope (Meter):
	Name: System.Runtime
Resource associated with Metric:
	service.name: NatureProtector.Simulator.Host
	service.instance.id: bb16b3c1-3cfb-4565-80d7-da89879d6c3b
	telemetry.sdk.name: opentelemetry
	telemetry.sdk.language: dotnet
	telemetry.sdk.version: 1.10.0
(2026-05-15T19:33:34.1216557Z, 2026-05-15T19:35:34.1296701Z] gc.heap.generation: gen0 LongSum
Value: 2
Instrumentation scope (Meter):
	Name: System.Runtime
Resource associated with Metric:
	service.name: NatureProtector.Simulator.Host
	service.instance.id: bb16b3c1-3cfb-4565-80d7-da89879d6c3b
	telemetry.sdk.name: opentelemetry
	telemetry.sdk.language: dotnet
	telemetry.sdk.version: 1.10.0

Metric Name: dotnet.process.memory.working_set, Description: The number of bytes of physical memory mapped to the process context., Unit: By
(2026-05-15T19:33:34.1216627Z, 2026-05-15T19:35:34.1296702Z] LongSumNonMonotonic
Value: 107352064
Instrumentation scope (Meter):
	Name: System.Runtime
Resource associated with Metric:
	service.name: NatureProtector.Simulator.Host
	service.instance.id: bb16b3c1-3cfb-4565-80d7-da89879d6c3b
	telemetry.sdk.name: opentelemetry
	telemetry.sdk.language: dotnet
	telemetry.sdk.version: 1.10.0

Metric Name: dotnet.gc.heap.total_allocated, Description: The approximate number of bytes allocated on the managed GC heap since the process has started. The returned value does not include any native allocations., Unit: By
(2026-05-15T19:33:34.1216715Z, 2026-05-15T19:35:34.1296710Z] LongSum
Value: 40952536
Instrumentation scope (Meter):
	Name: System.Runtime
Resource associated with Metric:
	service.name: NatureProtector.Simulator.Host
	service.instance.id: bb16b3c1-3cfb-4565-80d7-da89879d6c3b
	telemetry.sdk.name: opentelemetry
	telemetry.sdk.language: dotnet
	telemetry.sdk.version: 1.10.0

Metric Name: dotnet.gc.last_collection.memory.committed_size, Description: The amount of committed virtual memory in use by the .NET GC, as observed during the latest garbage collection., Unit: By
(2026-05-15T19:33:34.1216781Z, 2026-05-15T19:35:34.1296713Z] LongSumNonMonotonic
Value: 20717568
Instrumentation scope (Meter):
	Name: System.Runtime
Resource associated with Metric:
	service.name: NatureProtector.Simulator.Host
	service.instance.id: bb16b3c1-3cfb-4565-80d7-da89879d6c3b
	telemetry.sdk.name: opentelemetry
	telemetry.sdk.language: dotnet
	telemetry.sdk.version: 1.10.0

Metric Name: dotnet.gc.last_collection.heap.size, Description: The managed GC heap size (including fragmentation), as observed during the latest garbage collection., Unit: By
(2026-05-15T19:33:34.1216842Z, 2026-05-15T19:35:34.1296714Z] gc.heap.generation: gen0 LongSumNonMonotonic
Value: 156040
Instrumentation scope (Meter):
	Name: System.Runtime
Resource associated with Metric:
	service.name: NatureProtector.Simulator.Host
	service.instance.id: bb16b3c1-3cfb-4565-80d7-da89879d6c3b
	telemetry.sdk.name: opentelemetry
	telemetry.sdk.language: dotnet
	telemetry.sdk.version: 1.10.0
(2026-05-15T19:33:34.1216842Z, 2026-05-15T19:35:34.1296714Z] gc.heap.generation: gen1 LongSumNonMonotonic
Value: 4105768
Instrumentation scope (Meter):
	Name: System.Runtime
Resource associated with Metric:
	service.name: NatureProtector.Simulator.Host
	service.instance.id: bb16b3c1-3cfb-4565-80d7-da89879d6c3b
	telemetry.sdk.name: opentelemetry
	telemetry.sdk.language: dotnet
	telemetry.sdk.version: 1.10.0
(2026-05-15T19:33:34.1216842Z, 2026-05-15T19:35:34.1296714Z] gc.heap.generation: gen2 LongSumNonMonotonic
Value: 916296
Instrumentation scope (Meter):
	Name: System.Runtime
Resource associated with Metric:
	service.name: NatureProtector.Simulator.Host
	service.instance.id: bb16b3c1-3cfb-4565-80d7-da89879d6c3b
	telemetry.sdk.name: opentelemetry
	telemetry.sdk.language: dotnet
	telemetry.sdk.version: 1.10.0
(2026-05-15T19:33:34.1216842Z, 2026-05-15T19:35:34.1296714Z] gc.heap.generation: loh LongSumNonMonotonic
Value: 6986640
Instrumentation scope (Meter):
	Name: System.Runtime
Resource associated with Metric:
	service.name: NatureProtector.Simulator.Host
	service.instance.id: bb16b3c1-3cfb-4565-80d7-da89879d6c3b
	telemetry.sdk.name: opentelemetry
	telemetry.sdk.language: dotnet
	telemetry.sdk.version: 1.10.0
(2026-05-15T19:33:34.1216842Z, 2026-05-15T19:35:34.1296714Z] gc.heap.generation: poh LongSumNonMonotonic
Value: 58240
Instrumentation scope (Meter):
	Name: System.Runtime
Resource associated with Metric:
	service.name: NatureProtector.Simulator.Host
	service.instance.id: bb16b3c1-3cfb-4565-80d7-da89879d6c3b
	telemetry.sdk.name: opentelemetry
	telemetry.sdk.language: dotnet
	telemetry.sdk.version: 1.10.0

Metric Name: dotnet.gc.last_collection.heap.fragmentation.size, Description: The heap fragmentation, as observed during the latest garbage collection., Unit: By
(2026-05-15T19:33:34.1216929Z, 2026-05-15T19:35:34.1296715Z] gc.heap.generation: gen0 LongSumNonMonotonic
Value: 147656
Instrumentation scope (Meter):
	Name: System.Runtime
Resource associated with Metric:
	service.name: NatureProtector.Simulator.Host
	service.instance.id: bb16b3c1-3cfb-4565-80d7-da89879d6c3b
	telemetry.sdk.name: opentelemetry
	telemetry.sdk.language: dotnet
	telemetry.sdk.version: 1.10.0
(2026-05-15T19:33:34.1216929Z, 2026-05-15T19:35:34.1296715Z] gc.heap.generation: gen1 LongSumNonMonotonic
Value: 67944
Instrumentation scope (Meter):
	Name: System.Runtime
Resource associated with Metric:
	service.name: NatureProtector.Simulator.Host
	service.instance.id: bb16b3c1-3cfb-4565-80d7-da89879d6c3b
	telemetry.sdk.name: opentelemetry
	telemetry.sdk.language: dotnet
	telemetry.sdk.version: 1.10.0
(2026-05-15T19:33:34.1216929Z, 2026-05-15T19:35:34.1296715Z] gc.heap.generation: gen2 LongSumNonMonotonic
Value: 0
Instrumentation scope (Meter):
	Name: System.Runtime
Resource associated with Metric:
	service.name: NatureProtector.Simulator.Host
	service.instance.id: bb16b3c1-3cfb-4565-80d7-da89879d6c3b
	telemetry.sdk.name: opentelemetry
	telemetry.sdk.language: dotnet
	telemetry.sdk.version: 1.10.0
(2026-05-15T19:33:34.1216929Z, 2026-05-15T19:35:34.1296715Z] gc.heap.generation: loh LongSumNonMonotonic
Value: 1120
Instrumentation scope (Meter):
	Name: System.Runtime
Resource associated with Metric:
	service.name: NatureProtector.Simulator.Host
	service.instance.id: bb16b3c1-3cfb-4565-80d7-da89879d6c3b
	telemetry.sdk.name: opentelemetry
	telemetry.sdk.language: dotnet
	telemetry.sdk.version: 1.10.0
(2026-05-15T19:33:34.1216929Z, 2026-05-15T19:35:34.1296715Z] gc.heap.generation: poh LongSumNonMonotonic
Value: 0
Instrumentation scope (Meter):
	Name: System.Runtime
Resource associated with Metric:
	service.name: NatureProtector.Simulator.Host
	service.instance.id: bb16b3c1-3cfb-4565-80d7-da89879d6c3b
	telemetry.sdk.name: opentelemetry
	telemetry.sdk.language: dotnet
	telemetry.sdk.version: 1.10.0

Metric Name: dotnet.gc.pause.time, Description: The total amount of time paused in GC since the process has started., Unit: s
(2026-05-15T19:33:34.1223505Z, 2026-05-15T19:35:34.1296717Z] DoubleSum
Value: 0.021885
Instrumentation scope (Meter):
	Name: System.Runtime
Resource associated with Metric:
	service.name: NatureProtector.Simulator.Host
	service.instance.id: bb16b3c1-3cfb-4565-80d7-da89879d6c3b
	telemetry.sdk.name: opentelemetry
	telemetry.sdk.language: dotnet
	telemetry.sdk.version: 1.10.0

Metric Name: dotnet.jit.compiled_il.size, Description: Count of bytes of intermediate language that have been compiled since the process has started., Unit: By
(2026-05-15T19:33:34.1223612Z, 2026-05-15T19:35:34.1296718Z] LongSum
Value: 1154982
Instrumentation scope (Meter):
	Name: System.Runtime
Resource associated with Metric:
	service.name: NatureProtector.Simulator.Host
	service.instance.id: bb16b3c1-3cfb-4565-80d7-da89879d6c3b
	telemetry.sdk.name: opentelemetry
	telemetry.sdk.language: dotnet
	telemetry.sdk.version: 1.10.0

Metric Name: dotnet.jit.compiled_methods, Description: The number of times the JIT compiler (re)compiled methods since the process has started., Unit: {method}
(2026-05-15T19:33:34.1223677Z, 2026-05-15T19:35:34.1296720Z] LongSum
Value: 14931
Instrumentation scope (Meter):
	Name: System.Runtime
Resource associated with Metric:
	service.name: NatureProtector.Simulator.Host
	service.instance.id: bb16b3c1-3cfb-4565-80d7-da89879d6c3b
	telemetry.sdk.name: opentelemetry
	telemetry.sdk.language: dotnet
	telemetry.sdk.version: 1.10.0

Metric Name: dotnet.jit.compilation.time, Description: The number of times the JIT compiler (re)compiled methods since the process has started., Unit: s
(2026-05-15T19:33:34.1223770Z, 2026-05-15T19:35:34.1296722Z] DoubleSum
Value: 1.581369
Instrumentation scope (Meter):
	Name: System.Runtime
Resource associated with Metric:
	service.name: NatureProtector.Simulator.Host
	service.instance.id: bb16b3c1-3cfb-4565-80d7-da89879d6c3b
	telemetry.sdk.name: opentelemetry
	telemetry.sdk.language: dotnet
	telemetry.sdk.version: 1.10.0

Metric Name: dotnet.monitor.lock_contentions, Description: The number of times there was contention when trying to acquire a monitor lock since the process has started., Unit: {contention}
(2026-05-15T19:33:34.1223859Z, 2026-05-15T19:35:34.1296722Z] LongSum
Value: 33
Instrumentation scope (Meter):
	Name: System.Runtime
Resource associated with Metric:
	service.name: NatureProtector.Simulator.Host
	service.instance.id: bb16b3c1-3cfb-4565-80d7-da89879d6c3b
	telemetry.sdk.name: opentelemetry
	telemetry.sdk.language: dotnet
	telemetry.sdk.version: 1.10.0

Metric Name: dotnet.thread_pool.thread.count, Description: The number of thread pool threads that currently exist., Unit: {thread}
(2026-05-15T19:33:34.1223933Z, 2026-05-15T19:35:34.1296723Z] LongSum
Value: 2
Instrumentation scope (Meter):
	Name: System.Runtime
Resource associated with Metric:
	service.name: NatureProtector.Simulator.Host
	service.instance.id: bb16b3c1-3cfb-4565-80d7-da89879d6c3b
	telemetry.sdk.name: opentelemetry
	telemetry.sdk.language: dotnet
	telemetry.sdk.version: 1.10.0

Metric Name: dotnet.thread_pool.work_item.count, Description: The number of work items that the thread pool has completed since the process has started., Unit: {work_item}
(2026-05-15T19:33:34.1223994Z, 2026-05-15T19:35:34.1296725Z] LongSum
Value: 138
Instrumentation scope (Meter):
	Name: System.Runtime
Resource associated with Metric:
	service.name: NatureProtector.Simulator.Host
	service.instance.id: bb16b3c1-3cfb-4565-80d7-da89879d6c3b
	telemetry.sdk.name: opentelemetry
	telemetry.sdk.language: dotnet
	telemetry.sdk.version: 1.10.0

Metric Name: dotnet.thread_pool.queue.length, Description: The number of work items that are currently queued to be processed by the thread pool., Unit: {work_item}
(2026-05-15T19:33:34.1224079Z, 2026-05-15T19:35:34.1296726Z] LongSum
Value: 0
Instrumentation scope (Meter):
	Name: System.Runtime
Resource associated with Metric:
	service.name: NatureProtector.Simulator.Host
	service.instance.id: bb16b3c1-3cfb-4565-80d7-da89879d6c3b
	telemetry.sdk.name: opentelemetry
	telemetry.sdk.language: dotnet
	telemetry.sdk.version: 1.10.0

Metric Name: dotnet.timer.count, Description: The number of timer instances that are currently active. An active timer is registered to tick at some point in the future and has not yet been canceled., Unit: {timer}
(2026-05-15T19:33:34.1224139Z, 2026-05-15T19:35:34.1296728Z] LongSumNonMonotonic
Value: 4
Instrumentation scope (Meter):
	Name: System.Runtime
Resource associated with Metric:
	service.name: NatureProtector.Simulator.Host
	service.instance.id: bb16b3c1-3cfb-4565-80d7-da89879d6c3b
	telemetry.sdk.name: opentelemetry
	telemetry.sdk.language: dotnet
	telemetry.sdk.version: 1.10.0

Metric Name: dotnet.assembly.count, Description: The number of .NET assemblies that are currently loaded., Unit: {assembly}
(2026-05-15T19:33:34.1224223Z, 2026-05-15T19:35:34.1296729Z] LongSumNonMonotonic
Value: 105
Instrumentation scope (Meter):
	Name: System.Runtime
Resource associated with Metric:
	service.name: NatureProtector.Simulator.Host
	service.instance.id: bb16b3c1-3cfb-4565-80d7-da89879d6c3b
	telemetry.sdk.name: opentelemetry
	telemetry.sdk.language: dotnet
	telemetry.sdk.version: 1.10.0

Metric Name: dotnet.process.cpu.count, Description: The number of processors available to the process., Unit: {cpu}
(2026-05-15T19:33:34.1259575Z, 2026-05-15T19:35:34.1296734Z] LongSumNonMonotonic
Value: 16
Instrumentation scope (Meter):
	Name: System.Runtime
Resource associated with Metric:
	service.name: NatureProtector.Simulator.Host
	service.instance.id: bb16b3c1-3cfb-4565-80d7-da89879d6c3b
	telemetry.sdk.name: opentelemetry
	telemetry.sdk.language: dotnet
	telemetry.sdk.version: 1.10.0

Metric Name: dotnet.process.cpu.time, Description: CPU time used by the process., Unit: s
(2026-05-15T19:33:34.1259807Z, 2026-05-15T19:35:34.1296735Z] cpu.mode: user DoubleSum
Value: 2.109375
Instrumentation scope (Meter):
	Name: System.Runtime
Resource associated with Metric:
	service.name: NatureProtector.Simulator.Host
	service.instance.id: bb16b3c1-3cfb-4565-80d7-da89879d6c3b
	telemetry.sdk.name: opentelemetry
	telemetry.sdk.language: dotnet
	telemetry.sdk.version: 1.10.0
(2026-05-15T19:33:34.1259807Z, 2026-05-15T19:35:34.1296735Z] cpu.mode: system DoubleSum
Value: 0.5
Instrumentation scope (Meter):
	Name: System.Runtime
Resource associated with Metric:
	service.name: NatureProtector.Simulator.Host
	service.instance.id: bb16b3c1-3cfb-4565-80d7-da89879d6c3b
	telemetry.sdk.name: opentelemetry
	telemetry.sdk.language: dotnet
	telemetry.sdk.version: 1.10.0

Metric Name: natureprotector.simulator.context.creations
(2026-05-15T19:33:34.1402472Z, 2026-05-15T19:35:34.1296738Z] LongSum
Value: 1
Instrumentation scope (Meter):
	Name: NatureProtector.Simulator.Host
Resource associated with Metric:
	service.name: NatureProtector.Simulator.Host
	service.instance.id: bb16b3c1-3cfb-4565-80d7-da89879d6c3b
	telemetry.sdk.name: opentelemetry
	telemetry.sdk.language: dotnet
	telemetry.sdk.version: 1.10.0

Metric Name: natureprotector.simulator.context.creation.duration, Unit: ms
(2026-05-15T19:33:34.1406933Z, 2026-05-15T19:35:34.1296744Z] Histogram
Value: Sum: 1237,8026 Count: 1 Min: 1237,8026 Max: 1237,8026 
(-Infinity,0]:0
(0,5]:0
(5,10]:0
(10,25]:0
(25,50]:0
(50,75]:0
(75,100]:0
(100,250]:0
(250,500]:0
(500,750]:0
(750,1000]:0
(1000,2500]:1
(2500,5000]:0
(5000,7500]:0
(7500,10000]:0
(10000,+Infinity]:0

Instrumentation scope (Meter):
	Name: NatureProtector.Simulator.Host
Resource associated with Metric:
	service.name: NatureProtector.Simulator.Host
	service.instance.id: bb16b3c1-3cfb-4565-80d7-da89879d6c3b
	telemetry.sdk.name: opentelemetry
	telemetry.sdk.language: dotnet
	telemetry.sdk.version: 1.10.0

Metric Name: natureprotector.simulator.runs
(2026-05-15T19:33:34.1407131Z, 2026-05-15T19:35:34.1296747Z] np.outcome: started LongSum
Value: 1
Instrumentation scope (Meter):
	Name: NatureProtector.Simulator.Host
Resource associated with Metric:
	service.name: NatureProtector.Simulator.Host
	service.instance.id: bb16b3c1-3cfb-4565-80d7-da89879d6c3b
	telemetry.sdk.name: opentelemetry
	telemetry.sdk.language: dotnet
	telemetry.sdk.version: 1.10.0
(2026-05-15T19:33:34.1407131Z, 2026-05-15T19:35:34.1296747Z] np.outcome: completed LongSum
Value: 1
Instrumentation scope (Meter):
	Name: NatureProtector.Simulator.Host
Resource associated with Metric:
	service.name: NatureProtector.Simulator.Host
	service.instance.id: bb16b3c1-3cfb-4565-80d7-da89879d6c3b
	telemetry.sdk.name: opentelemetry
	telemetry.sdk.language: dotnet
	telemetry.sdk.version: 1.10.0

Metric Name: natureprotector.simulator.run.duration, Unit: ms
(2026-05-15T19:33:34.1407231Z, 2026-05-15T19:35:34.1296753Z] np.outcome: completed Histogram
Value: Sum: 21764,3145 Count: 1 Min: 21764,3145 Max: 21764,3145 
(-Infinity,0]:0
(0,5]:0
(5,10]:0
(10,25]:0
(25,50]:0
(50,75]:0
(75,100]:0
(100,250]:0
(250,500]:0
(500,750]:0
(750,1000]:0
(1000,2500]:0
(2500,5000]:0
(5000,7500]:0
(7500,10000]:0
(10000,+Infinity]:1

Instrumentation scope (Meter):
	Name: NatureProtector.Simulator.Host
Resource associated with Metric:
	service.name: NatureProtector.Simulator.Host
	service.instance.id: bb16b3c1-3cfb-4565-80d7-da89879d6c3b
	telemetry.sdk.name: opentelemetry
	telemetry.sdk.language: dotnet
	telemetry.sdk.version: 1.10.0

Metric Name: natureprotector.simulator.publish.messages
(2026-05-15T19:33:34.1407299Z, 2026-05-15T19:35:34.1296756Z] LongSum
Value: 30
Instrumentation scope (Meter):
	Name: NatureProtector.Simulator.Host
Resource associated with Metric:
	service.name: NatureProtector.Simulator.Host
	service.instance.id: bb16b3c1-3cfb-4565-80d7-da89879d6c3b
	telemetry.sdk.name: opentelemetry
	telemetry.sdk.language: dotnet
	telemetry.sdk.version: 1.10.0

Metric Name: natureprotector.simulator.publish.batch.size
(2026-05-15T19:33:34.1411579Z, 2026-05-15T19:35:34.1296762Z] Histogram
Value: Sum: 30 Count: 5 Min: 6 Max: 6 
(-Infinity,0]:0
(0,5]:0
(5,10]:5
(10,25]:0
(25,50]:0
(50,75]:0
(75,100]:0
(100,250]:0
(250,500]:0
(500,750]:0
(750,1000]:0
(1000,2500]:0
(2500,5000]:0
(5000,7500]:0
(7500,10000]:0
(10000,+Infinity]:0

Instrumentation scope (Meter):
	Name: NatureProtector.Simulator.Host
Resource associated with Metric:
	service.name: NatureProtector.Simulator.Host
	service.instance.id: bb16b3c1-3cfb-4565-80d7-da89879d6c3b
	telemetry.sdk.name: opentelemetry
	telemetry.sdk.language: dotnet
	telemetry.sdk.version: 1.10.0

Metric Name: natureprotector.simulator.publish.duration, Unit: ms
(2026-05-15T19:33:34.1411747Z, 2026-05-15T19:35:34.1296767Z] Histogram
Value: Sum: 368,4914 Count: 35 Min: 0,0686 Max: 130,9608 
(-Infinity,0]:0
(0,5]:29
(5,10]:0
(10,25]:0
(25,50]:4
(50,75]:0
(75,100]:0
(100,250]:2
(250,500]:0
(500,750]:0
(750,1000]:0
(1000,2500]:0
(2500,5000]:0
(5000,7500]:0
(7500,10000]:0
(10000,+Infinity]:0

Instrumentation scope (Meter):
	Name: NatureProtector.Simulator.Host
Resource associated with Metric:
	service.name: NatureProtector.Simulator.Host
	service.instance.id: bb16b3c1-3cfb-4565-80d7-da89879d6c3b
	telemetry.sdk.name: opentelemetry
	telemetry.sdk.language: dotnet
	telemetry.sdk.version: 1.10.0

Metric Name: dns.lookup.duration, Description: Measures the time taken to perform a DNS lookup., Unit: s
(2026-05-15T19:33:35.0713776Z, 2026-05-15T19:35:34.1296775Z] dns.question.name: localhost Histogram
Value: Sum: 0,007422300000000001 Count: 2 Min: 0,0004333 Max: 0,006989 
(-Infinity,0,005]:1
(0,005,0,01]:1
(0,01,0,025]:0
(0,025,0,05]:0
(0,05,0,075]:0
(0,075,0,1]:0
(0,1,0,25]:0
(0,25,0,5]:0
(0,5,0,75]:0
(0,75,1]:0
(1,2,5]:0
(2,5,5]:0
(5,7,5]:0
(7,5,10]:0
(10,+Infinity]:0

Instrumentation scope (Meter):
	Name: System.Net.NameResolution
Resource associated with Metric:
	service.name: NatureProtector.Simulator.Host
	service.instance.id: bb16b3c1-3cfb-4565-80d7-da89879d6c3b
	telemetry.sdk.name: opentelemetry
	telemetry.sdk.language: dotnet
	telemetry.sdk.version: 1.10.0

Metric Name: process.memory.usage, Description: The amount of physical memory in use., Unit: By
(2026-05-15T19:33:34.1204994Z, 2026-05-15T19:35:44.1243772Z] LongSumNonMonotonic
Value: 107110400
Instrumentation scope (Meter):
	Name: OpenTelemetry.Instrumentation.Process
	Version: 1.10.0-beta.1
Resource associated with Metric:
	service.name: NatureProtector.Simulator.Host
	service.instance.id: bb16b3c1-3cfb-4565-80d7-da89879d6c3b
	telemetry.sdk.name: opentelemetry
	telemetry.sdk.language: dotnet
	telemetry.sdk.version: 1.10.0

Metric Name: process.memory.virtual, Description: The amount of committed virtual memory., Unit: By
(2026-05-15T19:33:34.1214436Z, 2026-05-15T19:35:44.1243778Z] LongSumNonMonotonic
Value: 2481003020288
Instrumentation scope (Meter):
	Name: OpenTelemetry.Instrumentation.Process
	Version: 1.10.0-beta.1
Resource associated with Metric:
	service.name: NatureProtector.Simulator.Host
	service.instance.id: bb16b3c1-3cfb-4565-80d7-da89879d6c3b
	telemetry.sdk.name: opentelemetry
	telemetry.sdk.language: dotnet
	telemetry.sdk.version: 1.10.0

Metric Name: process.cpu.time, Description: Total CPU seconds broken down by different states., Unit: s
(2026-05-15T19:33:34.1216173Z, 2026-05-15T19:35:44.1243782Z] process.cpu.state: user DoubleSum
Value: 2.109375
Instrumentation scope (Meter):
	Name: OpenTelemetry.Instrumentation.Process
	Version: 1.10.0-beta.1
Resource associated with Metric:
	service.name: NatureProtector.Simulator.Host
	service.instance.id: bb16b3c1-3cfb-4565-80d7-da89879d6c3b
	telemetry.sdk.name: opentelemetry
	telemetry.sdk.language: dotnet
	telemetry.sdk.version: 1.10.0
(2026-05-15T19:33:34.1216173Z, 2026-05-15T19:35:44.1243782Z] process.cpu.state: system DoubleSum
Value: 0.53125
Instrumentation scope (Meter):
	Name: OpenTelemetry.Instrumentation.Process
	Version: 1.10.0-beta.1
Resource associated with Metric:
	service.name: NatureProtector.Simulator.Host
	service.instance.id: bb16b3c1-3cfb-4565-80d7-da89879d6c3b
	telemetry.sdk.name: opentelemetry
	telemetry.sdk.language: dotnet
	telemetry.sdk.version: 1.10.0

Metric Name: process.cpu.count, Description: The number of processors (CPU cores) available to the current process., Unit: {processors}
(2026-05-15T19:33:34.1216365Z, 2026-05-15T19:35:44.1243785Z] LongSumNonMonotonic
Value: 16
Instrumentation scope (Meter):
	Name: OpenTelemetry.Instrumentation.Process
	Version: 1.10.0-beta.1
Resource associated with Metric:
	service.name: NatureProtector.Simulator.Host
	service.instance.id: bb16b3c1-3cfb-4565-80d7-da89879d6c3b
	telemetry.sdk.name: opentelemetry
	telemetry.sdk.language: dotnet
	telemetry.sdk.version: 1.10.0

Metric Name: process.thread.count, Description: Process threads count., Unit: {thread}
(2026-05-15T19:33:34.1216478Z, 2026-05-15T19:35:44.1243787Z] LongSumNonMonotonic
Value: 21
Instrumentation scope (Meter):
	Name: OpenTelemetry.Instrumentation.Process
	Version: 1.10.0-beta.1
Resource associated with Metric:
	service.name: NatureProtector.Simulator.Host
	service.instance.id: bb16b3c1-3cfb-4565-80d7-da89879d6c3b
	telemetry.sdk.name: opentelemetry
	telemetry.sdk.language: dotnet
	telemetry.sdk.version: 1.10.0

Metric Name: dotnet.gc.collections, Description: The number of garbage collections that have occurred since the process has started., Unit: {collection}
(2026-05-15T19:33:34.1216557Z, 2026-05-15T19:35:44.1243789Z] gc.heap.generation: gen2 LongSum
Value: 1
Instrumentation scope (Meter):
	Name: System.Runtime
Resource associated with Metric:
	service.name: NatureProtector.Simulator.Host
	service.instance.id: bb16b3c1-3cfb-4565-80d7-da89879d6c3b
	telemetry.sdk.name: opentelemetry
	telemetry.sdk.language: dotnet
	telemetry.sdk.version: 1.10.0
(2026-05-15T19:33:34.1216557Z, 2026-05-15T19:35:44.1243789Z] gc.heap.generation: gen1 LongSum
Value: 1
Instrumentation scope (Meter):
	Name: System.Runtime
Resource associated with Metric:
	service.name: NatureProtector.Simulator.Host
	service.instance.id: bb16b3c1-3cfb-4565-80d7-da89879d6c3b
	telemetry.sdk.name: opentelemetry
	telemetry.sdk.language: dotnet
	telemetry.sdk.version: 1.10.0
(2026-05-15T19:33:34.1216557Z, 2026-05-15T19:35:44.1243789Z] gc.heap.generation: gen0 LongSum
Value: 2
Instrumentation scope (Meter):
	Name: System.Runtime
Resource associated with Metric:
	service.name: NatureProtector.Simulator.Host
	service.instance.id: bb16b3c1-3cfb-4565-80d7-da89879d6c3b
	telemetry.sdk.name: opentelemetry
	telemetry.sdk.language: dotnet
	telemetry.sdk.version: 1.10.0

Metric Name: dotnet.process.memory.working_set, Description: The number of bytes of physical memory mapped to the process context., Unit: By
(2026-05-15T19:33:34.1216627Z, 2026-05-15T19:35:44.1243791Z] LongSumNonMonotonic
Value: 106479616
Instrumentation scope (Meter):
	Name: System.Runtime
Resource associated with Metric:
	service.name: NatureProtector.Simulator.Host
	service.instance.id: bb16b3c1-3cfb-4565-80d7-da89879d6c3b
	telemetry.sdk.name: opentelemetry
	telemetry.sdk.language: dotnet
	telemetry.sdk.version: 1.10.0

Metric Name: dotnet.gc.heap.total_allocated, Description: The approximate number of bytes allocated on the managed GC heap since the process has started. The returned value does not include any native allocations., Unit: By
(2026-05-15T19:33:34.1216715Z, 2026-05-15T19:35:44.1243793Z] LongSum
Value: 41116536
Instrumentation scope (Meter):
	Name: System.Runtime
Resource associated with Metric:
	service.name: NatureProtector.Simulator.Host
	service.instance.id: bb16b3c1-3cfb-4565-80d7-da89879d6c3b
	telemetry.sdk.name: opentelemetry
	telemetry.sdk.language: dotnet
	telemetry.sdk.version: 1.10.0

Metric Name: dotnet.gc.last_collection.memory.committed_size, Description: The amount of committed virtual memory in use by the .NET GC, as observed during the latest garbage collection., Unit: By
(2026-05-15T19:33:34.1216781Z, 2026-05-15T19:35:44.1243795Z] LongSumNonMonotonic
Value: 20717568
Instrumentation scope (Meter):
	Name: System.Runtime
Resource associated with Metric:
	service.name: NatureProtector.Simulator.Host
	service.instance.id: bb16b3c1-3cfb-4565-80d7-da89879d6c3b
	telemetry.sdk.name: opentelemetry
	telemetry.sdk.language: dotnet
	telemetry.sdk.version: 1.10.0

Metric Name: dotnet.gc.last_collection.heap.size, Description: The managed GC heap size (including fragmentation), as observed during the latest garbage collection., Unit: By
(2026-05-15T19:33:34.1216842Z, 2026-05-15T19:35:44.1243796Z] gc.heap.generation: gen0 LongSumNonMonotonic
Value: 156040
Instrumentation scope (Meter):
	Name: System.Runtime
Resource associated with Metric:
	service.name: NatureProtector.Simulator.Host
	service.instance.id: bb16b3c1-3cfb-4565-80d7-da89879d6c3b
	telemetry.sdk.name: opentelemetry
	telemetry.sdk.language: dotnet
	telemetry.sdk.version: 1.10.0
(2026-05-15T19:33:34.1216842Z, 2026-05-15T19:35:44.1243796Z] gc.heap.generation: gen1 LongSumNonMonotonic
Value: 4105768
Instrumentation scope (Meter):
	Name: System.Runtime
Resource associated with Metric:
	service.name: NatureProtector.Simulator.Host
	service.instance.id: bb16b3c1-3cfb-4565-80d7-da89879d6c3b
	telemetry.sdk.name: opentelemetry
	telemetry.sdk.language: dotnet
	telemetry.sdk.version: 1.10.0
(2026-05-15T19:33:34.1216842Z, 2026-05-15T19:35:44.1243796Z] gc.heap.generation: gen2 LongSumNonMonotonic
Value: 916296
Instrumentation scope (Meter):
	Name: System.Runtime
Resource associated with Metric:
	service.name: NatureProtector.Simulator.Host
	service.instance.id: bb16b3c1-3cfb-4565-80d7-da89879d6c3b
	telemetry.sdk.name: opentelemetry
	telemetry.sdk.language: dotnet
	telemetry.sdk.version: 1.10.0
(2026-05-15T19:33:34.1216842Z, 2026-05-15T19:35:44.1243796Z] gc.heap.generation: loh LongSumNonMonotonic
Value: 6986640
Instrumentation scope (Meter):
	Name: System.Runtime
Resource associated with Metric:
	service.name: NatureProtector.Simulator.Host
	service.instance.id: bb16b3c1-3cfb-4565-80d7-da89879d6c3b
	telemetry.sdk.name: opentelemetry
	telemetry.sdk.language: dotnet
	telemetry.sdk.version: 1.10.0
(2026-05-15T19:33:34.1216842Z, 2026-05-15T19:35:44.1243796Z] gc.heap.generation: poh LongSumNonMonotonic
Value: 58240
Instrumentation scope (Meter):
	Name: System.Runtime
Resource associated with Metric:
	service.name: NatureProtector.Simulator.Host
	service.instance.id: bb16b3c1-3cfb-4565-80d7-da89879d6c3b
	telemetry.sdk.name: opentelemetry
	telemetry.sdk.language: dotnet
	telemetry.sdk.version: 1.10.0

Metric Name: dotnet.gc.last_collection.heap.fragmentation.size, Description: The heap fragmentation, as observed during the latest garbage collection., Unit: By
(2026-05-15T19:33:34.1216929Z, 2026-05-15T19:35:44.1243797Z] gc.heap.generation: gen0 LongSumNonMonotonic
Value: 147656
Instrumentation scope (Meter):
	Name: System.Runtime
Resource associated with Metric:
	service.name: NatureProtector.Simulator.Host
	service.instance.id: bb16b3c1-3cfb-4565-80d7-da89879d6c3b
	telemetry.sdk.name: opentelemetry
	telemetry.sdk.language: dotnet
	telemetry.sdk.version: 1.10.0
(2026-05-15T19:33:34.1216929Z, 2026-05-15T19:35:44.1243797Z] gc.heap.generation: gen1 LongSumNonMonotonic
Value: 67944
Instrumentation scope (Meter):
	Name: System.Runtime
Resource associated with Metric:
	service.name: NatureProtector.Simulator.Host
	service.instance.id: bb16b3c1-3cfb-4565-80d7-da89879d6c3b
	telemetry.sdk.name: opentelemetry
	telemetry.sdk.language: dotnet
	telemetry.sdk.version: 1.10.0
(2026-05-15T19:33:34.1216929Z, 2026-05-15T19:35:44.1243797Z] gc.heap.generation: gen2 LongSumNonMonotonic
Value: 0
Instrumentation scope (Meter):
	Name: System.Runtime
Resource associated with Metric:
	service.name: NatureProtector.Simulator.Host
	service.instance.id: bb16b3c1-3cfb-4565-80d7-da89879d6c3b
	telemetry.sdk.name: opentelemetry
	telemetry.sdk.language: dotnet
	telemetry.sdk.version: 1.10.0
(2026-05-15T19:33:34.1216929Z, 2026-05-15T19:35:44.1243797Z] gc.heap.generation: loh LongSumNonMonotonic
Value: 1120
Instrumentation scope (Meter):
	Name: System.Runtime
Resource associated with Metric:
	service.name: NatureProtector.Simulator.Host
	service.instance.id: bb16b3c1-3cfb-4565-80d7-da89879d6c3b
	telemetry.sdk.name: opentelemetry
	telemetry.sdk.language: dotnet
	telemetry.sdk.version: 1.10.0
(2026-05-15T19:33:34.1216929Z, 2026-05-15T19:35:44.1243797Z] gc.heap.generation: poh LongSumNonMonotonic
Value: 0
Instrumentation scope (Meter):
	Name: System.Runtime
Resource associated with Metric:
	service.name: NatureProtector.Simulator.Host
	service.instance.id: bb16b3c1-3cfb-4565-80d7-da89879d6c3b
	telemetry.sdk.name: opentelemetry
	telemetry.sdk.language: dotnet
	telemetry.sdk.version: 1.10.0

Metric Name: dotnet.gc.pause.time, Description: The total amount of time paused in GC since the process has started., Unit: s
(2026-05-15T19:33:34.1223505Z, 2026-05-15T19:35:44.1243798Z] DoubleSum
Value: 0.021885
Instrumentation scope (Meter):
	Name: System.Runtime
Resource associated with Metric:
	service.name: NatureProtector.Simulator.Host
	service.instance.id: bb16b3c1-3cfb-4565-80d7-da89879d6c3b
	telemetry.sdk.name: opentelemetry
	telemetry.sdk.language: dotnet
	telemetry.sdk.version: 1.10.0

Metric Name: dotnet.jit.compiled_il.size, Description: Count of bytes of intermediate language that have been compiled since the process has started., Unit: By
(2026-05-15T19:33:34.1223612Z, 2026-05-15T19:35:44.1243800Z] LongSum
Value: 1155300
Instrumentation scope (Meter):
	Name: System.Runtime
Resource associated with Metric:
	service.name: NatureProtector.Simulator.Host
	service.instance.id: bb16b3c1-3cfb-4565-80d7-da89879d6c3b
	telemetry.sdk.name: opentelemetry
	telemetry.sdk.language: dotnet
	telemetry.sdk.version: 1.10.0

Metric Name: dotnet.jit.compiled_methods, Description: The number of times the JIT compiler (re)compiled methods since the process has started., Unit: {method}
(2026-05-15T19:33:34.1223677Z, 2026-05-15T19:35:44.1243801Z] LongSum
Value: 14935
Instrumentation scope (Meter):
	Name: System.Runtime
Resource associated with Metric:
	service.name: NatureProtector.Simulator.Host
	service.instance.id: bb16b3c1-3cfb-4565-80d7-da89879d6c3b
	telemetry.sdk.name: opentelemetry
	telemetry.sdk.language: dotnet
	telemetry.sdk.version: 1.10.0

Metric Name: dotnet.jit.compilation.time, Description: The number of times the JIT compiler (re)compiled methods since the process has started., Unit: s
(2026-05-15T19:33:34.1223770Z, 2026-05-15T19:35:44.1243804Z] DoubleSum
Value: 1.5833318
Instrumentation scope (Meter):
	Name: System.Runtime
Resource associated with Metric:
	service.name: NatureProtector.Simulator.Host
	service.instance.id: bb16b3c1-3cfb-4565-80d7-da89879d6c3b
	telemetry.sdk.name: opentelemetry
	telemetry.sdk.language: dotnet
	telemetry.sdk.version: 1.10.0

Metric Name: dotnet.monitor.lock_contentions, Description: The number of times there was contention when trying to acquire a monitor lock since the process has started., Unit: {contention}
(2026-05-15T19:33:34.1223859Z, 2026-05-15T19:35:44.1243804Z] LongSum
Value: 33
Instrumentation scope (Meter):
	Name: System.Runtime
Resource associated with Metric:
	service.name: NatureProtector.Simulator.Host
	service.instance.id: bb16b3c1-3cfb-4565-80d7-da89879d6c3b
	telemetry.sdk.name: opentelemetry
	telemetry.sdk.language: dotnet
	telemetry.sdk.version: 1.10.0

Metric Name: dotnet.thread_pool.thread.count, Description: The number of thread pool threads that currently exist., Unit: {thread}
(2026-05-15T19:33:34.1223933Z, 2026-05-15T19:35:44.1243805Z] LongSum
Value: 2
Instrumentation scope (Meter):
	Name: System.Runtime
Resource associated with Metric:
	service.name: NatureProtector.Simulator.Host
	service.instance.id: bb16b3c1-3cfb-4565-80d7-da89879d6c3b
	telemetry.sdk.name: opentelemetry
	telemetry.sdk.language: dotnet
	telemetry.sdk.version: 1.10.0

Metric Name: dotnet.thread_pool.work_item.count, Description: The number of work items that the thread pool has completed since the process has started., Unit: {work_item}
(2026-05-15T19:33:34.1223994Z, 2026-05-15T19:35:44.1243806Z] LongSum
Value: 144
Instrumentation scope (Meter):
	Name: System.Runtime
Resource associated with Metric:
	service.name: NatureProtector.Simulator.Host
	service.instance.id: bb16b3c1-3cfb-4565-80d7-da89879d6c3b
	telemetry.sdk.name: opentelemetry
	telemetry.sdk.language: dotnet
	telemetry.sdk.version: 1.10.0

Metric Name: dotnet.thread_pool.queue.length, Description: The number of work items that are currently queued to be processed by the thread pool., Unit: {work_item}
(2026-05-15T19:33:34.1224079Z, 2026-05-15T19:35:44.1243808Z] LongSum
Value: 0
Instrumentation scope (Meter):
	Name: System.Runtime
Resource associated with Metric:
	service.name: NatureProtector.Simulator.Host
	service.instance.id: bb16b3c1-3cfb-4565-80d7-da89879d6c3b
	telemetry.sdk.name: opentelemetry
	telemetry.sdk.language: dotnet
	telemetry.sdk.version: 1.10.0

Metric Name: dotnet.timer.count, Description: The number of timer instances that are currently active. An active timer is registered to tick at some point in the future and has not yet been canceled., Unit: {timer}
(2026-05-15T19:33:34.1224139Z, 2026-05-15T19:35:44.1243809Z] LongSumNonMonotonic
Value: 4
Instrumentation scope (Meter):
	Name: System.Runtime
Resource associated with Metric:
	service.name: NatureProtector.Simulator.Host
	service.instance.id: bb16b3c1-3cfb-4565-80d7-da89879d6c3b
	telemetry.sdk.name: opentelemetry
	telemetry.sdk.language: dotnet
	telemetry.sdk.version: 1.10.0

Metric Name: dotnet.assembly.count, Description: The number of .NET assemblies that are currently loaded., Unit: {assembly}
(2026-05-15T19:33:34.1224223Z, 2026-05-15T19:35:44.1243811Z] LongSumNonMonotonic
Value: 105
Instrumentation scope (Meter):
	Name: System.Runtime
Resource associated with Metric:
	service.name: NatureProtector.Simulator.Host
	service.instance.id: bb16b3c1-3cfb-4565-80d7-da89879d6c3b
	telemetry.sdk.name: opentelemetry
	telemetry.sdk.language: dotnet
	telemetry.sdk.version: 1.10.0

Metric Name: dotnet.process.cpu.count, Description: The number of processors available to the process., Unit: {cpu}
(2026-05-15T19:33:34.1259575Z, 2026-05-15T19:35:44.1243815Z] LongSumNonMonotonic
Value: 16
Instrumentation scope (Meter):
	Name: System.Runtime
Resource associated with Metric:
	service.name: NatureProtector.Simulator.Host
	service.instance.id: bb16b3c1-3cfb-4565-80d7-da89879d6c3b
	telemetry.sdk.name: opentelemetry
	telemetry.sdk.language: dotnet
	telemetry.sdk.version: 1.10.0

Metric Name: dotnet.process.cpu.time, Description: CPU time used by the process., Unit: s
(2026-05-15T19:33:34.1259807Z, 2026-05-15T19:35:44.1243816Z] cpu.mode: user DoubleSum
Value: 2.109375
Instrumentation scope (Meter):
	Name: System.Runtime
Resource associated with Metric:
	service.name: NatureProtector.Simulator.Host
	service.instance.id: bb16b3c1-3cfb-4565-80d7-da89879d6c3b
	telemetry.sdk.name: opentelemetry
	telemetry.sdk.language: dotnet
	telemetry.sdk.version: 1.10.0
(2026-05-15T19:33:34.1259807Z, 2026-05-15T19:35:44.1243816Z] cpu.mode: system DoubleSum
Value: 0.53125
Instrumentation scope (Meter):
	Name: System.Runtime
Resource associated with Metric:
	service.name: NatureProtector.Simulator.Host
	service.instance.id: bb16b3c1-3cfb-4565-80d7-da89879d6c3b
	telemetry.sdk.name: opentelemetry
	telemetry.sdk.language: dotnet
	telemetry.sdk.version: 1.10.0

Metric Name: natureprotector.simulator.context.creations
(2026-05-15T19:33:34.1402472Z, 2026-05-15T19:35:44.1243824Z] LongSum
Value: 1
Instrumentation scope (Meter):
	Name: NatureProtector.Simulator.Host
Resource associated with Metric:
	service.name: NatureProtector.Simulator.Host
	service.instance.id: bb16b3c1-3cfb-4565-80d7-da89879d6c3b
	telemetry.sdk.name: opentelemetry
	telemetry.sdk.language: dotnet
	telemetry.sdk.version: 1.10.0

Metric Name: natureprotector.simulator.context.creation.duration, Unit: ms
(2026-05-15T19:33:34.1406933Z, 2026-05-15T19:35:44.1243829Z] Histogram
Value: Sum: 1237,8026 Count: 1 Min: 1237,8026 Max: 1237,8026 
(-Infinity,0]:0
(0,5]:0
(5,10]:0
(10,25]:0
(25,50]:0
(50,75]:0
(75,100]:0
(100,250]:0
(250,500]:0
(500,750]:0
(750,1000]:0
(1000,2500]:1
(2500,5000]:0
(5000,7500]:0
(7500,10000]:0
(10000,+Infinity]:0

Instrumentation scope (Meter):
	Name: NatureProtector.Simulator.Host
Resource associated with Metric:
	service.name: NatureProtector.Simulator.Host
	service.instance.id: bb16b3c1-3cfb-4565-80d7-da89879d6c3b
	telemetry.sdk.name: opentelemetry
	telemetry.sdk.language: dotnet
	telemetry.sdk.version: 1.10.0

Metric Name: natureprotector.simulator.runs
(2026-05-15T19:33:34.1407131Z, 2026-05-15T19:35:44.1243831Z] np.outcome: started LongSum
Value: 1
Instrumentation scope (Meter):
	Name: NatureProtector.Simulator.Host
Resource associated with Metric:
	service.name: NatureProtector.Simulator.Host
	service.instance.id: bb16b3c1-3cfb-4565-80d7-da89879d6c3b
	telemetry.sdk.name: opentelemetry
	telemetry.sdk.language: dotnet
	telemetry.sdk.version: 1.10.0
(2026-05-15T19:33:34.1407131Z, 2026-05-15T19:35:44.1243831Z] np.outcome: completed LongSum
Value: 1
Instrumentation scope (Meter):
	Name: NatureProtector.Simulator.Host
Resource associated with Metric:
	service.name: NatureProtector.Simulator.Host
	service.instance.id: bb16b3c1-3cfb-4565-80d7-da89879d6c3b
	telemetry.sdk.name: opentelemetry
	telemetry.sdk.language: dotnet
	telemetry.sdk.version: 1.10.0

Metric Name: natureprotector.simulator.run.duration, Unit: ms
(2026-05-15T19:33:34.1407231Z, 2026-05-15T19:35:44.1243837Z] np.outcome: completed Histogram
Value: Sum: 21764,3145 Count: 1 Min: 21764,3145 Max: 21764,3145 
(-Infinity,0]:0
(0,5]:0
(5,10]:0
(10,25]:0
(25,50]:0
(50,75]:0
(75,100]:0
(100,250]:0
(250,500]:0
(500,750]:0
(750,1000]:0
(1000,2500]:0
(2500,5000]:0
(5000,7500]:0
(7500,10000]:0
(10000,+Infinity]:1

Instrumentation scope (Meter):
	Name: NatureProtector.Simulator.Host
Resource associated with Metric:
	service.name: NatureProtector.Simulator.Host
	service.instance.id: bb16b3c1-3cfb-4565-80d7-da89879d6c3b
	telemetry.sdk.name: opentelemetry
	telemetry.sdk.language: dotnet
	telemetry.sdk.version: 1.10.0

Metric Name: natureprotector.simulator.publish.messages
(2026-05-15T19:33:34.1407299Z, 2026-05-15T19:35:44.1243839Z] LongSum
Value: 30
Instrumentation scope (Meter):
	Name: NatureProtector.Simulator.Host
Resource associated with Metric:
	service.name: NatureProtector.Simulator.Host
	service.instance.id: bb16b3c1-3cfb-4565-80d7-da89879d6c3b
	telemetry.sdk.name: opentelemetry
	telemetry.sdk.language: dotnet
	telemetry.sdk.version: 1.10.0

Metric Name: natureprotector.simulator.publish.batch.size
(2026-05-15T19:33:34.1411579Z, 2026-05-15T19:35:44.1243844Z] Histogram
Value: Sum: 30 Count: 5 Min: 6 Max: 6 
(-Infinity,0]:0
(0,5]:0
(5,10]:5
(10,25]:0
(25,50]:0
(50,75]:0
(75,100]:0
(100,250]:0
(250,500]:0
(500,750]:0
(750,1000]:0
(1000,2500]:0
(2500,5000]:0
(5000,7500]:0
(7500,10000]:0
(10000,+Infinity]:0

Instrumentation scope (Meter):
	Name: NatureProtector.Simulator.Host
Resource associated with Metric:
	service.name: NatureProtector.Simulator.Host
	service.instance.id: bb16b3c1-3cfb-4565-80d7-da89879d6c3b
	telemetry.sdk.name: opentelemetry
	telemetry.sdk.language: dotnet
	telemetry.sdk.version: 1.10.0

Metric Name: natureprotector.simulator.publish.duration, Unit: ms
(2026-05-15T19:33:34.1411747Z, 2026-05-15T19:35:44.1243850Z] Histogram
Value: Sum: 368,4914 Count: 35 Min: 0,0686 Max: 130,9608 
(-Infinity,0]:0
(0,5]:29
(5,10]:0
(10,25]:0
(25,50]:4
(50,75]:0
(75,100]:0
(100,250]:2
(250,500]:0
(500,750]:0
(750,1000]:0
(1000,2500]:0
(2500,5000]:0
(5000,7500]:0
(7500,10000]:0
(10000,+Infinity]:0

Instrumentation scope (Meter):
	Name: NatureProtector.Simulator.Host
Resource associated with Metric:
	service.name: NatureProtector.Simulator.Host
	service.instance.id: bb16b3c1-3cfb-4565-80d7-da89879d6c3b
	telemetry.sdk.name: opentelemetry
	telemetry.sdk.language: dotnet
	telemetry.sdk.version: 1.10.0

Metric Name: dns.lookup.duration, Description: Measures the time taken to perform a DNS lookup., Unit: s
(2026-05-15T19:33:35.0713776Z, 2026-05-15T19:35:44.1243859Z] dns.question.name: localhost Histogram
Value: Sum: 0,007422300000000001 Count: 2 Min: 0,0004333 Max: 0,006989 
(-Infinity,0,005]:1
(0,005,0,01]:1
(0,01,0,025]:0
(0,025,0,05]:0
(0,05,0,075]:0
(0,075,0,1]:0
(0,1,0,25]:0
(0,25,0,5]:0
(0,5,0,75]:0
(0,75,1]:0
(1,2,5]:0
(2,5,5]:0
(5,7,5]:0
(7,5,10]:0
(10,+Infinity]:0

Instrumentation scope (Meter):
	Name: System.Net.NameResolution
Resource associated with Metric:
	service.name: NatureProtector.Simulator.Host
	service.instance.id: bb16b3c1-3cfb-4565-80d7-da89879d6c3b
	telemetry.sdk.name: opentelemetry
	telemetry.sdk.language: dotnet
	telemetry.sdk.version: 1.10.0

Metric Name: process.memory.usage, Description: The amount of physical memory in use., Unit: By
(2026-05-15T19:33:34.1204994Z, 2026-05-15T19:35:54.1184104Z] LongSumNonMonotonic
Value: 107016192
Instrumentation scope (Meter):
	Name: OpenTelemetry.Instrumentation.Process
	Version: 1.10.0-beta.1
Resource associated with Metric:
	service.name: NatureProtector.Simulator.Host
	service.instance.id: bb16b3c1-3cfb-4565-80d7-da89879d6c3b
	telemetry.sdk.name: opentelemetry
	telemetry.sdk.language: dotnet
	telemetry.sdk.version: 1.10.0

Metric Name: process.memory.virtual, Description: The amount of committed virtual memory., Unit: By
(2026-05-15T19:33:34.1214436Z, 2026-05-15T19:35:54.1184109Z] LongSumNonMonotonic
Value: 2480981000192
Instrumentation scope (Meter):
	Name: OpenTelemetry.Instrumentation.Process
	Version: 1.10.0-beta.1
Resource associated with Metric:
	service.name: NatureProtector.Simulator.Host
	service.instance.id: bb16b3c1-3cfb-4565-80d7-da89879d6c3b
	telemetry.sdk.name: opentelemetry
	telemetry.sdk.language: dotnet
	telemetry.sdk.version: 1.10.0

Metric Name: process.cpu.time, Description: Total CPU seconds broken down by different states., Unit: s
(2026-05-15T19:33:34.1216173Z, 2026-05-15T19:35:54.1184113Z] process.cpu.state: user DoubleSum
Value: 2.109375
Instrumentation scope (Meter):
	Name: OpenTelemetry.Instrumentation.Process
	Version: 1.10.0-beta.1
Resource associated with Metric:
	service.name: NatureProtector.Simulator.Host
	service.instance.id: bb16b3c1-3cfb-4565-80d7-da89879d6c3b
	telemetry.sdk.name: opentelemetry
	telemetry.sdk.language: dotnet
	telemetry.sdk.version: 1.10.0
(2026-05-15T19:33:34.1216173Z, 2026-05-15T19:35:54.1184113Z] process.cpu.state: system DoubleSum
Value: 0.546875
Instrumentation scope (Meter):
	Name: OpenTelemetry.Instrumentation.Process
	Version: 1.10.0-beta.1
Resource associated with Metric:
	service.name: NatureProtector.Simulator.Host
	service.instance.id: bb16b3c1-3cfb-4565-80d7-da89879d6c3b
	telemetry.sdk.name: opentelemetry
	telemetry.sdk.language: dotnet
	telemetry.sdk.version: 1.10.0

Metric Name: process.cpu.count, Description: The number of processors (CPU cores) available to the current process., Unit: {processors}
(2026-05-15T19:33:34.1216365Z, 2026-05-15T19:35:54.1184118Z] LongSumNonMonotonic
Value: 16
Instrumentation scope (Meter):
	Name: OpenTelemetry.Instrumentation.Process
	Version: 1.10.0-beta.1
Resource associated with Metric:
	service.name: NatureProtector.Simulator.Host
	service.instance.id: bb16b3c1-3cfb-4565-80d7-da89879d6c3b
	telemetry.sdk.name: opentelemetry
	telemetry.sdk.language: dotnet
	telemetry.sdk.version: 1.10.0

Metric Name: process.thread.count, Description: Process threads count., Unit: {thread}
(2026-05-15T19:33:34.1216478Z, 2026-05-15T19:35:54.1184120Z] LongSumNonMonotonic
Value: 14
Instrumentation scope (Meter):
	Name: OpenTelemetry.Instrumentation.Process
	Version: 1.10.0-beta.1
Resource associated with Metric:
	service.name: NatureProtector.Simulator.Host
	service.instance.id: bb16b3c1-3cfb-4565-80d7-da89879d6c3b
	telemetry.sdk.name: opentelemetry
	telemetry.sdk.language: dotnet
	telemetry.sdk.version: 1.10.0

Metric Name: dotnet.gc.collections, Description: The number of garbage collections that have occurred since the process has started., Unit: {collection}
(2026-05-15T19:33:34.1216557Z, 2026-05-15T19:35:54.1184123Z] gc.heap.generation: gen2 LongSum
Value: 1
Instrumentation scope (Meter):
	Name: System.Runtime
Resource associated with Metric:
	service.name: NatureProtector.Simulator.Host
	service.instance.id: bb16b3c1-3cfb-4565-80d7-da89879d6c3b
	telemetry.sdk.name: opentelemetry
	telemetry.sdk.language: dotnet
	telemetry.sdk.version: 1.10.0
(2026-05-15T19:33:34.1216557Z, 2026-05-15T19:35:54.1184123Z] gc.heap.generation: gen1 LongSum
Value: 1
Instrumentation scope (Meter):
	Name: System.Runtime
Resource associated with Metric:
	service.name: NatureProtector.Simulator.Host
	service.instance.id: bb16b3c1-3cfb-4565-80d7-da89879d6c3b
	telemetry.sdk.name: opentelemetry
	telemetry.sdk.language: dotnet
	telemetry.sdk.version: 1.10.0
(2026-05-15T19:33:34.1216557Z, 2026-05-15T19:35:54.1184123Z] gc.heap.generation: gen0 LongSum
Value: 2
Instrumentation scope (Meter):
	Name: System.Runtime
Resource associated with Metric:
	service.name: NatureProtector.Simulator.Host
	service.instance.id: bb16b3c1-3cfb-4565-80d7-da89879d6c3b
	telemetry.sdk.name: opentelemetry
	telemetry.sdk.language: dotnet
	telemetry.sdk.version: 1.10.0

Metric Name: dotnet.process.memory.working_set, Description: The number of bytes of physical memory mapped to the process context., Unit: By
(2026-05-15T19:33:34.1216627Z, 2026-05-15T19:35:54.1184124Z] LongSumNonMonotonic
Value: 107016192
Instrumentation scope (Meter):
	Name: System.Runtime
Resource associated with Metric:
	service.name: NatureProtector.Simulator.Host
	service.instance.id: bb16b3c1-3cfb-4565-80d7-da89879d6c3b
	telemetry.sdk.name: opentelemetry
	telemetry.sdk.language: dotnet
	telemetry.sdk.version: 1.10.0

Metric Name: dotnet.gc.heap.total_allocated, Description: The approximate number of bytes allocated on the managed GC heap since the process has started. The returned value does not include any native allocations., Unit: By
(2026-05-15T19:33:34.1216715Z, 2026-05-15T19:35:54.1184127Z] LongSum
Value: 41272496
Instrumentation scope (Meter):
	Name: System.Runtime
Resource associated with Metric:
	service.name: NatureProtector.Simulator.Host
	service.instance.id: bb16b3c1-3cfb-4565-80d7-da89879d6c3b
	telemetry.sdk.name: opentelemetry
	telemetry.sdk.language: dotnet
	telemetry.sdk.version: 1.10.0

Metric Name: dotnet.gc.last_collection.memory.committed_size, Description: The amount of committed virtual memory in use by the .NET GC, as observed during the latest garbage collection., Unit: By
(2026-05-15T19:33:34.1216781Z, 2026-05-15T19:35:54.1184129Z] LongSumNonMonotonic
Value: 20717568
Instrumentation scope (Meter):
	Name: System.Runtime
Resource associated with Metric:
	service.name: NatureProtector.Simulator.Host
	service.instance.id: bb16b3c1-3cfb-4565-80d7-da89879d6c3b
	telemetry.sdk.name: opentelemetry
	telemetry.sdk.language: dotnet
	telemetry.sdk.version: 1.10.0

Metric Name: dotnet.gc.last_collection.heap.size, Description: The managed GC heap size (including fragmentation), as observed during the latest garbage collection., Unit: By
(2026-05-15T19:33:34.1216842Z, 2026-05-15T19:35:54.1184130Z] gc.heap.generation: gen0 LongSumNonMonotonic
Value: 156040
Instrumentation scope (Meter):
	Name: System.Runtime
Resource associated with Metric:
	service.name: NatureProtector.Simulator.Host
	service.instance.id: bb16b3c1-3cfb-4565-80d7-da89879d6c3b
	telemetry.sdk.name: opentelemetry
	telemetry.sdk.language: dotnet
	telemetry.sdk.version: 1.10.0
(2026-05-15T19:33:34.1216842Z, 2026-05-15T19:35:54.1184130Z] gc.heap.generation: gen1 LongSumNonMonotonic
Value: 4105768
Instrumentation scope (Meter):
	Name: System.Runtime
Resource associated with Metric:
	service.name: NatureProtector.Simulator.Host
	service.instance.id: bb16b3c1-3cfb-4565-80d7-da89879d6c3b
	telemetry.sdk.name: opentelemetry
	telemetry.sdk.language: dotnet
	telemetry.sdk.version: 1.10.0
(2026-05-15T19:33:34.1216842Z, 2026-05-15T19:35:54.1184130Z] gc.heap.generation: gen2 LongSumNonMonotonic
Value: 916296
Instrumentation scope (Meter):
	Name: System.Runtime
Resource associated with Metric:
	service.name: NatureProtector.Simulator.Host
	service.instance.id: bb16b3c1-3cfb-4565-80d7-da89879d6c3b
	telemetry.sdk.name: opentelemetry
	telemetry.sdk.language: dotnet
	telemetry.sdk.version: 1.10.0
(2026-05-15T19:33:34.1216842Z, 2026-05-15T19:35:54.1184130Z] gc.heap.generation: loh LongSumNonMonotonic
Value: 6986640
Instrumentation scope (Meter):
	Name: System.Runtime
Resource associated with Metric:
	service.name: NatureProtector.Simulator.Host
	service.instance.id: bb16b3c1-3cfb-4565-80d7-da89879d6c3b
	telemetry.sdk.name: opentelemetry
	telemetry.sdk.language: dotnet
	telemetry.sdk.version: 1.10.0
(2026-05-15T19:33:34.1216842Z, 2026-05-15T19:35:54.1184130Z] gc.heap.generation: poh LongSumNonMonotonic
Value: 58240
Instrumentation scope (Meter):
	Name: System.Runtime
Resource associated with Metric:
	service.name: NatureProtector.Simulator.Host
	service.instance.id: bb16b3c1-3cfb-4565-80d7-da89879d6c3b
	telemetry.sdk.name: opentelemetry
	telemetry.sdk.language: dotnet
	telemetry.sdk.version: 1.10.0

Metric Name: dotnet.gc.last_collection.heap.fragmentation.size, Description: The heap fragmentation, as observed during the latest garbage collection., Unit: By
(2026-05-15T19:33:34.1216929Z, 2026-05-15T19:35:54.1184132Z] gc.heap.generation: gen0 LongSumNonMonotonic
Value: 147656
Instrumentation scope (Meter):
	Name: System.Runtime
Resource associated with Metric:
	service.name: NatureProtector.Simulator.Host
	service.instance.id: bb16b3c1-3cfb-4565-80d7-da89879d6c3b
	telemetry.sdk.name: opentelemetry
	telemetry.sdk.language: dotnet
	telemetry.sdk.version: 1.10.0
(2026-05-15T19:33:34.1216929Z, 2026-05-15T19:35:54.1184132Z] gc.heap.generation: gen1 LongSumNonMonotonic
Value: 67944
Instrumentation scope (Meter):
	Name: System.Runtime
Resource associated with Metric:
	service.name: NatureProtector.Simulator.Host
	service.instance.id: bb16b3c1-3cfb-4565-80d7-da89879d6c3b
	telemetry.sdk.name: opentelemetry
	telemetry.sdk.language: dotnet
	telemetry.sdk.version: 1.10.0
(2026-05-15T19:33:34.1216929Z, 2026-05-15T19:35:54.1184132Z] gc.heap.generation: gen2 LongSumNonMonotonic
Value: 0
Instrumentation scope (Meter):
	Name: System.Runtime
Resource associated with Metric:
	service.name: NatureProtector.Simulator.Host
	service.instance.id: bb16b3c1-3cfb-4565-80d7-da89879d6c3b
	telemetry.sdk.name: opentelemetry
	telemetry.sdk.language: dotnet
	telemetry.sdk.version: 1.10.0
(2026-05-15T19:33:34.1216929Z, 2026-05-15T19:35:54.1184132Z] gc.heap.generation: loh LongSumNonMonotonic
Value: 1120
Instrumentation scope (Meter):
	Name: System.Runtime
Resource associated with Metric:
	service.name: NatureProtector.Simulator.Host
	service.instance.id: bb16b3c1-3cfb-4565-80d7-da89879d6c3b
	telemetry.sdk.name: opentelemetry
	telemetry.sdk.language: dotnet
	telemetry.sdk.version: 1.10.0
(2026-05-15T19:33:34.1216929Z, 2026-05-15T19:35:54.1184132Z] gc.heap.generation: poh LongSumNonMonotonic
Value: 0
Instrumentation scope (Meter):
	Name: System.Runtime
Resource associated with Metric:
	service.name: NatureProtector.Simulator.Host
	service.instance.id: bb16b3c1-3cfb-4565-80d7-da89879d6c3b
	telemetry.sdk.name: opentelemetry
	telemetry.sdk.language: dotnet
	telemetry.sdk.version: 1.10.0

Metric Name: dotnet.gc.pause.time, Description: The total amount of time paused in GC since the process has started., Unit: s
(2026-05-15T19:33:34.1223505Z, 2026-05-15T19:35:54.1184133Z] DoubleSum
Value: 0.021885
Instrumentation scope (Meter):
	Name: System.Runtime
Resource associated with Metric:
	service.name: NatureProtector.Simulator.Host
	service.instance.id: bb16b3c1-3cfb-4565-80d7-da89879d6c3b
	telemetry.sdk.name: opentelemetry
	telemetry.sdk.language: dotnet
	telemetry.sdk.version: 1.10.0

Metric Name: dotnet.jit.compiled_il.size, Description: Count of bytes of intermediate language that have been compiled since the process has started., Unit: By
(2026-05-15T19:33:34.1223612Z, 2026-05-15T19:35:54.1184135Z] LongSum
Value: 1155794
Instrumentation scope (Meter):
	Name: System.Runtime
Resource associated with Metric:
	service.name: NatureProtector.Simulator.Host
	service.instance.id: bb16b3c1-3cfb-4565-80d7-da89879d6c3b
	telemetry.sdk.name: opentelemetry
	telemetry.sdk.language: dotnet
	telemetry.sdk.version: 1.10.0

Metric Name: dotnet.jit.compiled_methods, Description: The number of times the JIT compiler (re)compiled methods since the process has started., Unit: {method}
(2026-05-15T19:33:34.1223677Z, 2026-05-15T19:35:54.1184136Z] LongSum
Value: 14943
Instrumentation scope (Meter):
	Name: System.Runtime
Resource associated with Metric:
	service.name: NatureProtector.Simulator.Host
	service.instance.id: bb16b3c1-3cfb-4565-80d7-da89879d6c3b
	telemetry.sdk.name: opentelemetry
	telemetry.sdk.language: dotnet
	telemetry.sdk.version: 1.10.0

Metric Name: dotnet.jit.compilation.time, Description: The number of times the JIT compiler (re)compiled methods since the process has started., Unit: s
(2026-05-15T19:33:34.1223770Z, 2026-05-15T19:35:54.1184137Z] DoubleSum
Value: 1.5845936
Instrumentation scope (Meter):
	Name: System.Runtime
Resource associated with Metric:
	service.name: NatureProtector.Simulator.Host
	service.instance.id: bb16b3c1-3cfb-4565-80d7-da89879d6c3b
	telemetry.sdk.name: opentelemetry
	telemetry.sdk.language: dotnet
	telemetry.sdk.version: 1.10.0

Metric Name: dotnet.monitor.lock_contentions, Description: The number of times there was contention when trying to acquire a monitor lock since the process has started., Unit: {contention}
(2026-05-15T19:33:34.1223859Z, 2026-05-15T19:35:54.1184139Z] LongSum
Value: 33
Instrumentation scope (Meter):
	Name: System.Runtime
Resource associated with Metric:
	service.name: NatureProtector.Simulator.Host
	service.instance.id: bb16b3c1-3cfb-4565-80d7-da89879d6c3b
	telemetry.sdk.name: opentelemetry
	telemetry.sdk.language: dotnet
	telemetry.sdk.version: 1.10.0

Metric Name: dotnet.thread_pool.thread.count, Description: The number of thread pool threads that currently exist., Unit: {thread}
(2026-05-15T19:33:34.1223933Z, 2026-05-15T19:35:54.1184140Z] LongSum
Value: 2
Instrumentation scope (Meter):
	Name: System.Runtime
Resource associated with Metric:
	service.name: NatureProtector.Simulator.Host
	service.instance.id: bb16b3c1-3cfb-4565-80d7-da89879d6c3b
	telemetry.sdk.name: opentelemetry
	telemetry.sdk.language: dotnet
	telemetry.sdk.version: 1.10.0

Metric Name: dotnet.thread_pool.work_item.count, Description: The number of work items that the thread pool has completed since the process has started., Unit: {work_item}
(2026-05-15T19:33:34.1223994Z, 2026-05-15T19:35:54.1184141Z] LongSum
Value: 148
Instrumentation scope (Meter):
	Name: System.Runtime
Resource associated with Metric:
	service.name: NatureProtector.Simulator.Host
	service.instance.id: bb16b3c1-3cfb-4565-80d7-da89879d6c3b
	telemetry.sdk.name: opentelemetry
	telemetry.sdk.language: dotnet
	telemetry.sdk.version: 1.10.0

Metric Name: dotnet.thread_pool.queue.length, Description: The number of work items that are currently queued to be processed by the thread pool., Unit: {work_item}
(2026-05-15T19:33:34.1224079Z, 2026-05-15T19:35:54.1184143Z] LongSum
Value: 0
Instrumentation scope (Meter):
	Name: System.Runtime
Resource associated with Metric:
	service.name: NatureProtector.Simulator.Host
	service.instance.id: bb16b3c1-3cfb-4565-80d7-da89879d6c3b
	telemetry.sdk.name: opentelemetry
	telemetry.sdk.language: dotnet
	telemetry.sdk.version: 1.10.0

Metric Name: dotnet.timer.count, Description: The number of timer instances that are currently active. An active timer is registered to tick at some point in the future and has not yet been canceled., Unit: {timer}
(2026-05-15T19:33:34.1224139Z, 2026-05-15T19:35:54.1184145Z] LongSumNonMonotonic
Value: 4
Instrumentation scope (Meter):
	Name: System.Runtime
Resource associated with Metric:
	service.name: NatureProtector.Simulator.Host
	service.instance.id: bb16b3c1-3cfb-4565-80d7-da89879d6c3b
	telemetry.sdk.name: opentelemetry
	telemetry.sdk.language: dotnet
	telemetry.sdk.version: 1.10.0

Metric Name: dotnet.assembly.count, Description: The number of .NET assemblies that are currently loaded., Unit: {assembly}
(2026-05-15T19:33:34.1224223Z, 2026-05-15T19:35:54.1184146Z] LongSumNonMonotonic
Value: 105
Instrumentation scope (Meter):
	Name: System.Runtime
Resource associated with Metric:
	service.name: NatureProtector.Simulator.Host
	service.instance.id: bb16b3c1-3cfb-4565-80d7-da89879d6c3b
	telemetry.sdk.name: opentelemetry
	telemetry.sdk.language: dotnet
	telemetry.sdk.version: 1.10.0

Metric Name: dotnet.process.cpu.count, Description: The number of processors available to the process., Unit: {cpu}
(2026-05-15T19:33:34.1259575Z, 2026-05-15T19:35:54.1184151Z] LongSumNonMonotonic
Value: 16
Instrumentation scope (Meter):
	Name: System.Runtime
Resource associated with Metric:
	service.name: NatureProtector.Simulator.Host
	service.instance.id: bb16b3c1-3cfb-4565-80d7-da89879d6c3b
	telemetry.sdk.name: opentelemetry
	telemetry.sdk.language: dotnet
	telemetry.sdk.version: 1.10.0

Metric Name: dotnet.process.cpu.time, Description: CPU time used by the process., Unit: s
(2026-05-15T19:33:34.1259807Z, 2026-05-15T19:35:54.1184152Z] cpu.mode: user DoubleSum
Value: 2.109375
Instrumentation scope (Meter):
	Name: System.Runtime
Resource associated with Metric:
	service.name: NatureProtector.Simulator.Host
	service.instance.id: bb16b3c1-3cfb-4565-80d7-da89879d6c3b
	telemetry.sdk.name: opentelemetry
	telemetry.sdk.language: dotnet
	telemetry.sdk.version: 1.10.0
(2026-05-15T19:33:34.1259807Z, 2026-05-15T19:35:54.1184152Z] cpu.mode: system DoubleSum
Value: 0.5625
Instrumentation scope (Meter):
	Name: System.Runtime
Resource associated with Metric:
	service.name: NatureProtector.Simulator.Host
	service.instance.id: bb16b3c1-3cfb-4565-80d7-da89879d6c3b
	telemetry.sdk.name: opentelemetry
	telemetry.sdk.language: dotnet
	telemetry.sdk.version: 1.10.0

Metric Name: natureprotector.simulator.context.creations
(2026-05-15T19:33:34.1402472Z, 2026-05-15T19:35:54.1184155Z] LongSum
Value: 1
Instrumentation scope (Meter):
	Name: NatureProtector.Simulator.Host
Resource associated with Metric:
	service.name: NatureProtector.Simulator.Host
	service.instance.id: bb16b3c1-3cfb-4565-80d7-da89879d6c3b
	telemetry.sdk.name: opentelemetry
	telemetry.sdk.language: dotnet
	telemetry.sdk.version: 1.10.0

Metric Name: natureprotector.simulator.context.creation.duration, Unit: ms
(2026-05-15T19:33:34.1406933Z, 2026-05-15T19:35:54.1184165Z] Histogram
Value: Sum: 1237,8026 Count: 1 Min: 1237,8026 Max: 1237,8026 
(-Infinity,0]:0
(0,5]:0
(5,10]:0
(10,25]:0
(25,50]:0
(50,75]:0
(75,100]:0
(100,250]:0
(250,500]:0
(500,750]:0
(750,1000]:0
(1000,2500]:1
(2500,5000]:0
(5000,7500]:0
(7500,10000]:0
(10000,+Infinity]:0

Instrumentation scope (Meter):
	Name: NatureProtector.Simulator.Host
Resource associated with Metric:
	service.name: NatureProtector.Simulator.Host
	service.instance.id: bb16b3c1-3cfb-4565-80d7-da89879d6c3b
	telemetry.sdk.name: opentelemetry
	telemetry.sdk.language: dotnet
	telemetry.sdk.version: 1.10.0

Metric Name: natureprotector.simulator.runs
(2026-05-15T19:33:34.1407131Z, 2026-05-15T19:35:54.1184168Z] np.outcome: started LongSum
Value: 1
Instrumentation scope (Meter):
	Name: NatureProtector.Simulator.Host
Resource associated with Metric:
	service.name: NatureProtector.Simulator.Host
	service.instance.id: bb16b3c1-3cfb-4565-80d7-da89879d6c3b
	telemetry.sdk.name: opentelemetry
	telemetry.sdk.language: dotnet
	telemetry.sdk.version: 1.10.0
(2026-05-15T19:33:34.1407131Z, 2026-05-15T19:35:54.1184168Z] np.outcome: completed LongSum
Value: 1
Instrumentation scope (Meter):
	Name: NatureProtector.Simulator.Host
Resource associated with Metric:
	service.name: NatureProtector.Simulator.Host
	service.instance.id: bb16b3c1-3cfb-4565-80d7-da89879d6c3b
	telemetry.sdk.name: opentelemetry
	telemetry.sdk.language: dotnet
	telemetry.sdk.version: 1.10.0

Metric Name: natureprotector.simulator.run.duration, Unit: ms
(2026-05-15T19:33:34.1407231Z, 2026-05-15T19:35:54.1184174Z] np.outcome: completed Histogram
Value: Sum: 21764,3145 Count: 1 Min: 21764,3145 Max: 21764,3145 
(-Infinity,0]:0
(0,5]:0
(5,10]:0
(10,25]:0
(25,50]:0
(50,75]:0
(75,100]:0
(100,250]:0
(250,500]:0
(500,750]:0
(750,1000]:0
(1000,2500]:0
(2500,5000]:0
(5000,7500]:0
(7500,10000]:0
(10000,+Infinity]:1

Instrumentation scope (Meter):
	Name: NatureProtector.Simulator.Host
Resource associated with Metric:
	service.name: NatureProtector.Simulator.Host
	service.instance.id: bb16b3c1-3cfb-4565-80d7-da89879d6c3b
	telemetry.sdk.name: opentelemetry
	telemetry.sdk.language: dotnet
	telemetry.sdk.version: 1.10.0

Metric Name: natureprotector.simulator.publish.messages
(2026-05-15T19:33:34.1407299Z, 2026-05-15T19:35:54.1184178Z] LongSum
Value: 30
Instrumentation scope (Meter):
	Name: NatureProtector.Simulator.Host
Resource associated with Metric:
	service.name: NatureProtector.Simulator.Host
	service.instance.id: bb16b3c1-3cfb-4565-80d7-da89879d6c3b
	telemetry.sdk.name: opentelemetry
	telemetry.sdk.language: dotnet
	telemetry.sdk.version: 1.10.0

Metric Name: natureprotector.simulator.publish.batch.size
(2026-05-15T19:33:34.1411579Z, 2026-05-15T19:35:54.1184183Z] Histogram
Value: Sum: 30 Count: 5 Min: 6 Max: 6 
(-Infinity,0]:0
(0,5]:0
(5,10]:5
(10,25]:0
(25,50]:0
(50,75]:0
(75,100]:0
(100,250]:0
(250,500]:0
(500,750]:0
(750,1000]:0
(1000,2500]:0
(2500,5000]:0
(5000,7500]:0
(7500,10000]:0
(10000,+Infinity]:0

Instrumentation scope (Meter):
	Name: NatureProtector.Simulator.Host
Resource associated with Metric:
	service.name: NatureProtector.Simulator.Host
	service.instance.id: bb16b3c1-3cfb-4565-80d7-da89879d6c3b
	telemetry.sdk.name: opentelemetry
	telemetry.sdk.language: dotnet
	telemetry.sdk.version: 1.10.0

Metric Name: natureprotector.simulator.publish.duration, Unit: ms
(2026-05-15T19:33:34.1411747Z, 2026-05-15T19:35:54.1184188Z] Histogram
Value: Sum: 368,4914 Count: 35 Min: 0,0686 Max: 130,9608 
(-Infinity,0]:0
(0,5]:29
(5,10]:0
(10,25]:0
(25,50]:4
(50,75]:0
(75,100]:0
(100,250]:2
(250,500]:0
(500,750]:0
(750,1000]:0
(1000,2500]:0
(2500,5000]:0
(5000,7500]:0
(7500,10000]:0
(10000,+Infinity]:0

Instrumentation scope (Meter):
	Name: NatureProtector.Simulator.Host
Resource associated with Metric:
	service.name: NatureProtector.Simulator.Host
	service.instance.id: bb16b3c1-3cfb-4565-80d7-da89879d6c3b
	telemetry.sdk.name: opentelemetry
	telemetry.sdk.language: dotnet
	telemetry.sdk.version: 1.10.0

Metric Name: dns.lookup.duration, Description: Measures the time taken to perform a DNS lookup., Unit: s
(2026-05-15T19:33:35.0713776Z, 2026-05-15T19:35:54.1184195Z] dns.question.name: localhost Histogram
Value: Sum: 0,007422300000000001 Count: 2 Min: 0,0004333 Max: 0,006989 
(-Infinity,0,005]:1
(0,005,0,01]:1
(0,01,0,025]:0
(0,025,0,05]:0
(0,05,0,075]:0
(0,075,0,1]:0
(0,1,0,25]:0
(0,25,0,5]:0
(0,5,0,75]:0
(0,75,1]:0
(1,2,5]:0
(2,5,5]:0
(5,7,5]:0
(7,5,10]:0
(10,+Infinity]:0

Instrumentation scope (Meter):
	Name: System.Net.NameResolution
Resource associated with Metric:
	service.name: NatureProtector.Simulator.Host
	service.instance.id: bb16b3c1-3cfb-4565-80d7-da89879d6c3b
	telemetry.sdk.name: opentelemetry
	telemetry.sdk.language: dotnet
	telemetry.sdk.version: 1.10.0

Metric Name: process.memory.usage, Description: The amount of physical memory in use., Unit: By
(2026-05-15T19:33:34.1204994Z, 2026-05-15T19:36:04.1172230Z] LongSumNonMonotonic
Value: 107343872
Instrumentation scope (Meter):
	Name: OpenTelemetry.Instrumentation.Process
	Version: 1.10.0-beta.1
Resource associated with Metric:
	service.name: NatureProtector.Simulator.Host
	service.instance.id: bb16b3c1-3cfb-4565-80d7-da89879d6c3b
	telemetry.sdk.name: opentelemetry
	telemetry.sdk.language: dotnet
	telemetry.sdk.version: 1.10.0

Metric Name: process.memory.virtual, Description: The amount of committed virtual memory., Unit: By
(2026-05-15T19:33:34.1214436Z, 2026-05-15T19:36:04.1172236Z] LongSumNonMonotonic
Value: 2480981065728
Instrumentation scope (Meter):
	Name: OpenTelemetry.Instrumentation.Process
	Version: 1.10.0-beta.1
Resource associated with Metric:
	service.name: NatureProtector.Simulator.Host
	service.instance.id: bb16b3c1-3cfb-4565-80d7-da89879d6c3b
	telemetry.sdk.name: opentelemetry
	telemetry.sdk.language: dotnet
	telemetry.sdk.version: 1.10.0

Metric Name: process.cpu.time, Description: Total CPU seconds broken down by different states., Unit: s
(2026-05-15T19:33:34.1216173Z, 2026-05-15T19:36:04.1172240Z] process.cpu.state: user DoubleSum
Value: 2.109375
Instrumentation scope (Meter):
	Name: OpenTelemetry.Instrumentation.Process
	Version: 1.10.0-beta.1
Resource associated with Metric:
	service.name: NatureProtector.Simulator.Host
	service.instance.id: bb16b3c1-3cfb-4565-80d7-da89879d6c3b
	telemetry.sdk.name: opentelemetry
	telemetry.sdk.language: dotnet
	telemetry.sdk.version: 1.10.0
(2026-05-15T19:33:34.1216173Z, 2026-05-15T19:36:04.1172240Z] process.cpu.state: system DoubleSum
Value: 0.59375
Instrumentation scope (Meter):
	Name: OpenTelemetry.Instrumentation.Process
	Version: 1.10.0-beta.1
Resource associated with Metric:
	service.name: NatureProtector.Simulator.Host
	service.instance.id: bb16b3c1-3cfb-4565-80d7-da89879d6c3b
	telemetry.sdk.name: opentelemetry
	telemetry.sdk.language: dotnet
	telemetry.sdk.version: 1.10.0

Metric Name: process.cpu.count, Description: The number of processors (CPU cores) available to the current process., Unit: {processors}
(2026-05-15T19:33:34.1216365Z, 2026-05-15T19:36:04.1172246Z] LongSumNonMonotonic
Value: 16
Instrumentation scope (Meter):
	Name: OpenTelemetry.Instrumentation.Process
	Version: 1.10.0-beta.1
Resource associated with Metric:
	service.name: NatureProtector.Simulator.Host
	service.instance.id: bb16b3c1-3cfb-4565-80d7-da89879d6c3b
	telemetry.sdk.name: opentelemetry
	telemetry.sdk.language: dotnet
	telemetry.sdk.version: 1.10.0

Metric Name: process.thread.count, Description: Process threads count., Unit: {thread}
(2026-05-15T19:33:34.1216478Z, 2026-05-15T19:36:04.1172248Z] LongSumNonMonotonic
Value: 14
Instrumentation scope (Meter):
	Name: OpenTelemetry.Instrumentation.Process
	Version: 1.10.0-beta.1
Resource associated with Metric:
	service.name: NatureProtector.Simulator.Host
	service.instance.id: bb16b3c1-3cfb-4565-80d7-da89879d6c3b
	telemetry.sdk.name: opentelemetry
	telemetry.sdk.language: dotnet
	telemetry.sdk.version: 1.10.0

Metric Name: dotnet.gc.collections, Description: The number of garbage collections that have occurred since the process has started., Unit: {collection}
(2026-05-15T19:33:34.1216557Z, 2026-05-15T19:36:04.1172249Z] gc.heap.generation: gen2 LongSum
Value: 1
Instrumentation scope (Meter):
	Name: System.Runtime
Resource associated with Metric:
	service.name: NatureProtector.Simulator.Host
	service.instance.id: bb16b3c1-3cfb-4565-80d7-da89879d6c3b
	telemetry.sdk.name: opentelemetry
	telemetry.sdk.language: dotnet
	telemetry.sdk.version: 1.10.0
(2026-05-15T19:33:34.1216557Z, 2026-05-15T19:36:04.1172249Z] gc.heap.generation: gen1 LongSum
Value: 1
Instrumentation scope (Meter):
	Name: System.Runtime
Resource associated with Metric:
	service.name: NatureProtector.Simulator.Host
	service.instance.id: bb16b3c1-3cfb-4565-80d7-da89879d6c3b
	telemetry.sdk.name: opentelemetry
	telemetry.sdk.language: dotnet
	telemetry.sdk.version: 1.10.0
(2026-05-15T19:33:34.1216557Z, 2026-05-15T19:36:04.1172249Z] gc.heap.generation: gen0 LongSum
Value: 2
Instrumentation scope (Meter):
	Name: System.Runtime
Resource associated with Metric:
	service.name: NatureProtector.Simulator.Host
	service.instance.id: bb16b3c1-3cfb-4565-80d7-da89879d6c3b
	telemetry.sdk.name: opentelemetry
	telemetry.sdk.language: dotnet
	telemetry.sdk.version: 1.10.0

Metric Name: dotnet.process.memory.working_set, Description: The number of bytes of physical memory mapped to the process context., Unit: By
(2026-05-15T19:33:34.1216627Z, 2026-05-15T19:36:04.1172256Z] LongSumNonMonotonic
Value: 107343872
Instrumentation scope (Meter):
	Name: System.Runtime
Resource associated with Metric:
	service.name: NatureProtector.Simulator.Host
	service.instance.id: bb16b3c1-3cfb-4565-80d7-da89879d6c3b
	telemetry.sdk.name: opentelemetry
	telemetry.sdk.language: dotnet
	telemetry.sdk.version: 1.10.0

Metric Name: dotnet.gc.heap.total_allocated, Description: The approximate number of bytes allocated on the managed GC heap since the process has started. The returned value does not include any native allocations., Unit: By
(2026-05-15T19:33:34.1216715Z, 2026-05-15T19:36:04.1172257Z] LongSum
Value: 41428296
Instrumentation scope (Meter):
	Name: System.Runtime
Resource associated with Metric:
	service.name: NatureProtector.Simulator.Host
	service.instance.id: bb16b3c1-3cfb-4565-80d7-da89879d6c3b
	telemetry.sdk.name: opentelemetry
	telemetry.sdk.language: dotnet
	telemetry.sdk.version: 1.10.0

Metric Name: dotnet.gc.last_collection.memory.committed_size, Description: The amount of committed virtual memory in use by the .NET GC, as observed during the latest garbage collection., Unit: By
(2026-05-15T19:33:34.1216781Z, 2026-05-15T19:36:04.1172259Z] LongSumNonMonotonic
Value: 20717568
Instrumentation scope (Meter):
	Name: System.Runtime
Resource associated with Metric:
	service.name: NatureProtector.Simulator.Host
	service.instance.id: bb16b3c1-3cfb-4565-80d7-da89879d6c3b
	telemetry.sdk.name: opentelemetry
	telemetry.sdk.language: dotnet
	telemetry.sdk.version: 1.10.0

Metric Name: dotnet.gc.last_collection.heap.size, Description: The managed GC heap size (including fragmentation), as observed during the latest garbage collection., Unit: By
(2026-05-15T19:33:34.1216842Z, 2026-05-15T19:36:04.1172261Z] gc.heap.generation: gen0 LongSumNonMonotonic
Value: 156040
Instrumentation scope (Meter):
	Name: System.Runtime
Resource associated with Metric:
	service.name: NatureProtector.Simulator.Host
	service.instance.id: bb16b3c1-3cfb-4565-80d7-da89879d6c3b
	telemetry.sdk.name: opentelemetry
	telemetry.sdk.language: dotnet
	telemetry.sdk.version: 1.10.0
(2026-05-15T19:33:34.1216842Z, 2026-05-15T19:36:04.1172261Z] gc.heap.generation: gen1 LongSumNonMonotonic
Value: 4105768
Instrumentation scope (Meter):
	Name: System.Runtime
Resource associated with Metric:
	service.name: NatureProtector.Simulator.Host
	service.instance.id: bb16b3c1-3cfb-4565-80d7-da89879d6c3b
	telemetry.sdk.name: opentelemetry
	telemetry.sdk.language: dotnet
	telemetry.sdk.version: 1.10.0
(2026-05-15T19:33:34.1216842Z, 2026-05-15T19:36:04.1172261Z] gc.heap.generation: gen2 LongSumNonMonotonic
Value: 916296
Instrumentation scope (Meter):
	Name: System.Runtime
Resource associated with Metric:
	service.name: NatureProtector.Simulator.Host
	service.instance.id: bb16b3c1-3cfb-4565-80d7-da89879d6c3b
	telemetry.sdk.name: opentelemetry
	telemetry.sdk.language: dotnet
	telemetry.sdk.version: 1.10.0
(2026-05-15T19:33:34.1216842Z, 2026-05-15T19:36:04.1172261Z] gc.heap.generation: loh LongSumNonMonotonic
Value: 6986640
Instrumentation scope (Meter):
	Name: System.Runtime
Resource associated with Metric:
	service.name: NatureProtector.Simulator.Host
	service.instance.id: bb16b3c1-3cfb-4565-80d7-da89879d6c3b
	telemetry.sdk.name: opentelemetry
	telemetry.sdk.language: dotnet
	telemetry.sdk.version: 1.10.0
(2026-05-15T19:33:34.1216842Z, 2026-05-15T19:36:04.1172261Z] gc.heap.generation: poh LongSumNonMonotonic
Value: 58240
Instrumentation scope (Meter):
	Name: System.Runtime
Resource associated with Metric:
	service.name: NatureProtector.Simulator.Host
	service.instance.id: bb16b3c1-3cfb-4565-80d7-da89879d6c3b
	telemetry.sdk.name: opentelemetry
	telemetry.sdk.language: dotnet
	telemetry.sdk.version: 1.10.0

Metric Name: dotnet.gc.last_collection.heap.fragmentation.size, Description: The heap fragmentation, as observed during the latest garbage collection., Unit: By
(2026-05-15T19:33:34.1216929Z, 2026-05-15T19:36:04.1172262Z] gc.heap.generation: gen0 LongSumNonMonotonic
Value: 147656
Instrumentation scope (Meter):
	Name: System.Runtime
Resource associated with Metric:
	service.name: NatureProtector.Simulator.Host
	service.instance.id: bb16b3c1-3cfb-4565-80d7-da89879d6c3b
	telemetry.sdk.name: opentelemetry
	telemetry.sdk.language: dotnet
	telemetry.sdk.version: 1.10.0
(2026-05-15T19:33:34.1216929Z, 2026-05-15T19:36:04.1172262Z] gc.heap.generation: gen1 LongSumNonMonotonic
Value: 67944
Instrumentation scope (Meter):
	Name: System.Runtime
Resource associated with Metric:
	service.name: NatureProtector.Simulator.Host
	service.instance.id: bb16b3c1-3cfb-4565-80d7-da89879d6c3b
	telemetry.sdk.name: opentelemetry
	telemetry.sdk.language: dotnet
	telemetry.sdk.version: 1.10.0
(2026-05-15T19:33:34.1216929Z, 2026-05-15T19:36:04.1172262Z] gc.heap.generation: gen2 LongSumNonMonotonic
Value: 0
Instrumentation scope (Meter):
	Name: System.Runtime
Resource associated with Metric:
	service.name: NatureProtector.Simulator.Host
	service.instance.id: bb16b3c1-3cfb-4565-80d7-da89879d6c3b
	telemetry.sdk.name: opentelemetry
	telemetry.sdk.language: dotnet
	telemetry.sdk.version: 1.10.0
(2026-05-15T19:33:34.1216929Z, 2026-05-15T19:36:04.1172262Z] gc.heap.generation: loh LongSumNonMonotonic
Value: 1120
Instrumentation scope (Meter):
	Name: System.Runtime
Resource associated with Metric:
	service.name: NatureProtector.Simulator.Host
	service.instance.id: bb16b3c1-3cfb-4565-80d7-da89879d6c3b
	telemetry.sdk.name: opentelemetry
	telemetry.sdk.language: dotnet
	telemetry.sdk.version: 1.10.0
(2026-05-15T19:33:34.1216929Z, 2026-05-15T19:36:04.1172262Z] gc.heap.generation: poh LongSumNonMonotonic
Value: 0
Instrumentation scope (Meter):
	Name: System.Runtime
Resource associated with Metric:
	service.name: NatureProtector.Simulator.Host
	service.instance.id: bb16b3c1-3cfb-4565-80d7-da89879d6c3b
	telemetry.sdk.name: opentelemetry
	telemetry.sdk.language: dotnet
	telemetry.sdk.version: 1.10.0

Metric Name: dotnet.gc.pause.time, Description: The total amount of time paused in GC since the process has started., Unit: s
(2026-05-15T19:33:34.1223505Z, 2026-05-15T19:36:04.1172264Z] DoubleSum
Value: 0.021885
Instrumentation scope (Meter):
	Name: System.Runtime
Resource associated with Metric:
	service.name: NatureProtector.Simulator.Host
	service.instance.id: bb16b3c1-3cfb-4565-80d7-da89879d6c3b
	telemetry.sdk.name: opentelemetry
	telemetry.sdk.language: dotnet
	telemetry.sdk.version: 1.10.0

Metric Name: dotnet.jit.compiled_il.size, Description: Count of bytes of intermediate language that have been compiled since the process has started., Unit: By
(2026-05-15T19:33:34.1223612Z, 2026-05-15T19:36:04.1172265Z] LongSum
Value: 1158507
Instrumentation scope (Meter):
	Name: System.Runtime
Resource associated with Metric:
	service.name: NatureProtector.Simulator.Host
	service.instance.id: bb16b3c1-3cfb-4565-80d7-da89879d6c3b
	telemetry.sdk.name: opentelemetry
	telemetry.sdk.language: dotnet
	telemetry.sdk.version: 1.10.0

Metric Name: dotnet.jit.compiled_methods, Description: The number of times the JIT compiler (re)compiled methods since the process has started., Unit: {method}
(2026-05-15T19:33:34.1223677Z, 2026-05-15T19:36:04.1172266Z] LongSum
Value: 14971
Instrumentation scope (Meter):
	Name: System.Runtime
Resource associated with Metric:
	service.name: NatureProtector.Simulator.Host
	service.instance.id: bb16b3c1-3cfb-4565-80d7-da89879d6c3b
	telemetry.sdk.name: opentelemetry
	telemetry.sdk.language: dotnet
	telemetry.sdk.version: 1.10.0

Metric Name: dotnet.jit.compilation.time, Description: The number of times the JIT compiler (re)compiled methods since the process has started., Unit: s
(2026-05-15T19:33:34.1223770Z, 2026-05-15T19:36:04.1172268Z] DoubleSum
Value: 1.5965196
Instrumentation scope (Meter):
	Name: System.Runtime
Resource associated with Metric:
	service.name: NatureProtector.Simulator.Host
	service.instance.id: bb16b3c1-3cfb-4565-80d7-da89879d6c3b
	telemetry.sdk.name: opentelemetry
	telemetry.sdk.language: dotnet
	telemetry.sdk.version: 1.10.0

Metric Name: dotnet.monitor.lock_contentions, Description: The number of times there was contention when trying to acquire a monitor lock since the process has started., Unit: {contention}
(2026-05-15T19:33:34.1223859Z, 2026-05-15T19:36:04.1172268Z] LongSum
Value: 33
Instrumentation scope (Meter):
	Name: System.Runtime
Resource associated with Metric:
	service.name: NatureProtector.Simulator.Host
	service.instance.id: bb16b3c1-3cfb-4565-80d7-da89879d6c3b
	telemetry.sdk.name: opentelemetry
	telemetry.sdk.language: dotnet
	telemetry.sdk.version: 1.10.0

Metric Name: dotnet.thread_pool.thread.count, Description: The number of thread pool threads that currently exist., Unit: {thread}
(2026-05-15T19:33:34.1223933Z, 2026-05-15T19:36:04.1172269Z] LongSum
Value: 2
Instrumentation scope (Meter):
	Name: System.Runtime
Resource associated with Metric:
	service.name: NatureProtector.Simulator.Host
	service.instance.id: bb16b3c1-3cfb-4565-80d7-da89879d6c3b
	telemetry.sdk.name: opentelemetry
	telemetry.sdk.language: dotnet
	telemetry.sdk.version: 1.10.0

Metric Name: dotnet.thread_pool.work_item.count, Description: The number of work items that the thread pool has completed since the process has started., Unit: {work_item}
(2026-05-15T19:33:34.1223994Z, 2026-05-15T19:36:04.1172270Z] LongSum
Value: 150
Instrumentation scope (Meter):
	Name: System.Runtime
Resource associated with Metric:
	service.name: NatureProtector.Simulator.Host
	service.instance.id: bb16b3c1-3cfb-4565-80d7-da89879d6c3b
	telemetry.sdk.name: opentelemetry
	telemetry.sdk.language: dotnet
	telemetry.sdk.version: 1.10.0

Metric Name: dotnet.thread_pool.queue.length, Description: The number of work items that are currently queued to be processed by the thread pool., Unit: {work_item}
(2026-05-15T19:33:34.1224079Z, 2026-05-15T19:36:04.1172272Z] LongSum
Value: 0
Instrumentation scope (Meter):
	Name: System.Runtime
Resource associated with Metric:
	service.name: NatureProtector.Simulator.Host
	service.instance.id: bb16b3c1-3cfb-4565-80d7-da89879d6c3b
	telemetry.sdk.name: opentelemetry
	telemetry.sdk.language: dotnet
	telemetry.sdk.version: 1.10.0

Metric Name: dotnet.timer.count, Description: The number of timer instances that are currently active. An active timer is registered to tick at some point in the future and has not yet been canceled., Unit: {timer}
(2026-05-15T19:33:34.1224139Z, 2026-05-15T19:36:04.1172274Z] LongSumNonMonotonic
Value: 4
Instrumentation scope (Meter):
	Name: System.Runtime
Resource associated with Metric:
	service.name: NatureProtector.Simulator.Host
	service.instance.id: bb16b3c1-3cfb-4565-80d7-da89879d6c3b
	telemetry.sdk.name: opentelemetry
	telemetry.sdk.language: dotnet
	telemetry.sdk.version: 1.10.0

Metric Name: dotnet.assembly.count, Description: The number of .NET assemblies that are currently loaded., Unit: {assembly}
(2026-05-15T19:33:34.1224223Z, 2026-05-15T19:36:04.1172275Z] LongSumNonMonotonic
Value: 105
Instrumentation scope (Meter):
	Name: System.Runtime
Resource associated with Metric:
	service.name: NatureProtector.Simulator.Host
	service.instance.id: bb16b3c1-3cfb-4565-80d7-da89879d6c3b
	telemetry.sdk.name: opentelemetry
	telemetry.sdk.language: dotnet
	telemetry.sdk.version: 1.10.0

Metric Name: dotnet.process.cpu.count, Description: The number of processors available to the process., Unit: {cpu}
(2026-05-15T19:33:34.1259575Z, 2026-05-15T19:36:04.1172279Z] LongSumNonMonotonic
Value: 16
Instrumentation scope (Meter):
	Name: System.Runtime
Resource associated with Metric:
	service.name: NatureProtector.Simulator.Host
	service.instance.id: bb16b3c1-3cfb-4565-80d7-da89879d6c3b
	telemetry.sdk.name: opentelemetry
	telemetry.sdk.language: dotnet
	telemetry.sdk.version: 1.10.0

Metric Name: dotnet.process.cpu.time, Description: CPU time used by the process., Unit: s
(2026-05-15T19:33:34.1259807Z, 2026-05-15T19:36:04.1172280Z] cpu.mode: user DoubleSum
Value: 2.109375
Instrumentation scope (Meter):
	Name: System.Runtime
Resource associated with Metric:
	service.name: NatureProtector.Simulator.Host
	service.instance.id: bb16b3c1-3cfb-4565-80d7-da89879d6c3b
	telemetry.sdk.name: opentelemetry
	telemetry.sdk.language: dotnet
	telemetry.sdk.version: 1.10.0
(2026-05-15T19:33:34.1259807Z, 2026-05-15T19:36:04.1172280Z] cpu.mode: system DoubleSum
Value: 0.59375
Instrumentation scope (Meter):
	Name: System.Runtime
Resource associated with Metric:
	service.name: NatureProtector.Simulator.Host
	service.instance.id: bb16b3c1-3cfb-4565-80d7-da89879d6c3b
	telemetry.sdk.name: opentelemetry
	telemetry.sdk.language: dotnet
	telemetry.sdk.version: 1.10.0

Metric Name: natureprotector.simulator.context.creations
(2026-05-15T19:33:34.1402472Z, 2026-05-15T19:36:04.1172283Z] LongSum
Value: 1
Instrumentation scope (Meter):
	Name: NatureProtector.Simulator.Host
Resource associated with Metric:
	service.name: NatureProtector.Simulator.Host
	service.instance.id: bb16b3c1-3cfb-4565-80d7-da89879d6c3b
	telemetry.sdk.name: opentelemetry
	telemetry.sdk.language: dotnet
	telemetry.sdk.version: 1.10.0

Metric Name: natureprotector.simulator.context.creation.duration, Unit: ms
(2026-05-15T19:33:34.1406933Z, 2026-05-15T19:36:04.1172288Z] Histogram
Value: Sum: 1237,8026 Count: 1 Min: 1237,8026 Max: 1237,8026 
(-Infinity,0]:0
(0,5]:0
(5,10]:0
(10,25]:0
(25,50]:0
(50,75]:0
(75,100]:0
(100,250]:0
(250,500]:0
(500,750]:0
(750,1000]:0
(1000,2500]:1
(2500,5000]:0
(5000,7500]:0
(7500,10000]:0
(10000,+Infinity]:0

Instrumentation scope (Meter):
	Name: NatureProtector.Simulator.Host
Resource associated with Metric:
	service.name: NatureProtector.Simulator.Host
	service.instance.id: bb16b3c1-3cfb-4565-80d7-da89879d6c3b
	telemetry.sdk.name: opentelemetry
	telemetry.sdk.language: dotnet
	telemetry.sdk.version: 1.10.0

Metric Name: natureprotector.simulator.runs
(2026-05-15T19:33:34.1407131Z, 2026-05-15T19:36:04.1172290Z] np.outcome: started LongSum
Value: 1
Instrumentation scope (Meter):
	Name: NatureProtector.Simulator.Host
Resource associated with Metric:
	service.name: NatureProtector.Simulator.Host
	service.instance.id: bb16b3c1-3cfb-4565-80d7-da89879d6c3b
	telemetry.sdk.name: opentelemetry
	telemetry.sdk.language: dotnet
	telemetry.sdk.version: 1.10.0
(2026-05-15T19:33:34.1407131Z, 2026-05-15T19:36:04.1172290Z] np.outcome: completed LongSum
Value: 1
Instrumentation scope (Meter):
	Name: NatureProtector.Simulator.Host
Resource associated with Metric:
	service.name: NatureProtector.Simulator.Host
	service.instance.id: bb16b3c1-3cfb-4565-80d7-da89879d6c3b
	telemetry.sdk.name: opentelemetry
	telemetry.sdk.language: dotnet
	telemetry.sdk.version: 1.10.0

Metric Name: natureprotector.simulator.run.duration, Unit: ms
(2026-05-15T19:33:34.1407231Z, 2026-05-15T19:36:04.1172297Z] np.outcome: completed Histogram
Value: Sum: 21764,3145 Count: 1 Min: 21764,3145 Max: 21764,3145 
(-Infinity,0]:0
(0,5]:0
(5,10]:0
(10,25]:0
(25,50]:0
(50,75]:0
(75,100]:0
(100,250]:0
(250,500]:0
(500,750]:0
(750,1000]:0
(1000,2500]:0
(2500,5000]:0
(5000,7500]:0
(7500,10000]:0
(10000,+Infinity]:1

Instrumentation scope (Meter):
	Name: NatureProtector.Simulator.Host
Resource associated with Metric:
	service.name: NatureProtector.Simulator.Host
	service.instance.id: bb16b3c1-3cfb-4565-80d7-da89879d6c3b
	telemetry.sdk.name: opentelemetry
	telemetry.sdk.language: dotnet
	telemetry.sdk.version: 1.10.0

Metric Name: natureprotector.simulator.publish.messages
(2026-05-15T19:33:34.1407299Z, 2026-05-15T19:36:04.1172299Z] LongSum
Value: 30
Instrumentation scope (Meter):
	Name: NatureProtector.Simulator.Host
Resource associated with Metric:
	service.name: NatureProtector.Simulator.Host
	service.instance.id: bb16b3c1-3cfb-4565-80d7-da89879d6c3b
	telemetry.sdk.name: opentelemetry
	telemetry.sdk.language: dotnet
	telemetry.sdk.version: 1.10.0

Metric Name: natureprotector.simulator.publish.batch.size
(2026-05-15T19:33:34.1411579Z, 2026-05-15T19:36:04.1172304Z] Histogram
Value: Sum: 30 Count: 5 Min: 6 Max: 6 
(-Infinity,0]:0
(0,5]:0
(5,10]:5
(10,25]:0
(25,50]:0
(50,75]:0
(75,100]:0
(100,250]:0
(250,500]:0
(500,750]:0
(750,1000]:0
(1000,2500]:0
(2500,5000]:0
(5000,7500]:0
(7500,10000]:0
(10000,+Infinity]:0

Instrumentation scope (Meter):
	Name: NatureProtector.Simulator.Host
Resource associated with Metric:
	service.name: NatureProtector.Simulator.Host
	service.instance.id: bb16b3c1-3cfb-4565-80d7-da89879d6c3b
	telemetry.sdk.name: opentelemetry
	telemetry.sdk.language: dotnet
	telemetry.sdk.version: 1.10.0

Metric Name: natureprotector.simulator.publish.duration, Unit: ms
(2026-05-15T19:33:34.1411747Z, 2026-05-15T19:36:04.1172310Z] Histogram
Value: Sum: 368,4914 Count: 35 Min: 0,0686 Max: 130,9608 
(-Infinity,0]:0
(0,5]:29
(5,10]:0
(10,25]:0
(25,50]:4
(50,75]:0
(75,100]:0
(100,250]:2
(250,500]:0
(500,750]:0
(750,1000]:0
(1000,2500]:0
(2500,5000]:0
(5000,7500]:0
(7500,10000]:0
(10000,+Infinity]:0

Instrumentation scope (Meter):
	Name: NatureProtector.Simulator.Host
Resource associated with Metric:
	service.name: NatureProtector.Simulator.Host
	service.instance.id: bb16b3c1-3cfb-4565-80d7-da89879d6c3b
	telemetry.sdk.name: opentelemetry
	telemetry.sdk.language: dotnet
	telemetry.sdk.version: 1.10.0

Metric Name: dns.lookup.duration, Description: Measures the time taken to perform a DNS lookup., Unit: s
(2026-05-15T19:33:35.0713776Z, 2026-05-15T19:36:04.1172316Z] dns.question.name: localhost Histogram
Value: Sum: 0,007422300000000001 Count: 2 Min: 0,0004333 Max: 0,006989 
(-Infinity,0,005]:1
(0,005,0,01]:1
(0,01,0,025]:0
(0,025,0,05]:0
(0,05,0,075]:0
(0,075,0,1]:0
(0,1,0,25]:0
(0,25,0,5]:0
(0,5,0,75]:0
(0,75,1]:0
(1,2,5]:0
(2,5,5]:0
(5,7,5]:0
(7,5,10]:0
(10,+Infinity]:0

Instrumentation scope (Meter):
	Name: System.Net.NameResolution
Resource associated with Metric:
	service.name: NatureProtector.Simulator.Host
	service.instance.id: bb16b3c1-3cfb-4565-80d7-da89879d6c3b
	telemetry.sdk.name: opentelemetry
	telemetry.sdk.language: dotnet
	telemetry.sdk.version: 1.10.0

Metric Name: process.memory.usage, Description: The amount of physical memory in use., Unit: By
(2026-05-15T19:33:34.1204994Z, 2026-05-15T19:36:14.1174422Z] LongSumNonMonotonic
Value: 107692032
Instrumentation scope (Meter):
	Name: OpenTelemetry.Instrumentation.Process
	Version: 1.10.0-beta.1
Resource associated with Metric:
	service.name: NatureProtector.Simulator.Host
	service.instance.id: bb16b3c1-3cfb-4565-80d7-da89879d6c3b
	telemetry.sdk.name: opentelemetry
	telemetry.sdk.language: dotnet
	telemetry.sdk.version: 1.10.0

Metric Name: process.memory.virtual, Description: The amount of committed virtual memory., Unit: By
(2026-05-15T19:33:34.1214436Z, 2026-05-15T19:36:14.1174428Z] LongSumNonMonotonic
Value: 2480977920000
Instrumentation scope (Meter):
	Name: OpenTelemetry.Instrumentation.Process
	Version: 1.10.0-beta.1
Resource associated with Metric:
	service.name: NatureProtector.Simulator.Host
	service.instance.id: bb16b3c1-3cfb-4565-80d7-da89879d6c3b
	telemetry.sdk.name: opentelemetry
	telemetry.sdk.language: dotnet
	telemetry.sdk.version: 1.10.0

Metric Name: process.cpu.time, Description: Total CPU seconds broken down by different states., Unit: s
(2026-05-15T19:33:34.1216173Z, 2026-05-15T19:36:14.1174432Z] process.cpu.state: user DoubleSum
Value: 2.140625
Instrumentation scope (Meter):
	Name: OpenTelemetry.Instrumentation.Process
	Version: 1.10.0-beta.1
Resource associated with Metric:
	service.name: NatureProtector.Simulator.Host
	service.instance.id: bb16b3c1-3cfb-4565-80d7-da89879d6c3b
	telemetry.sdk.name: opentelemetry
	telemetry.sdk.language: dotnet
	telemetry.sdk.version: 1.10.0
(2026-05-15T19:33:34.1216173Z, 2026-05-15T19:36:14.1174432Z] process.cpu.state: system DoubleSum
Value: 0.625
Instrumentation scope (Meter):
	Name: OpenTelemetry.Instrumentation.Process
	Version: 1.10.0-beta.1
Resource associated with Metric:
	service.name: NatureProtector.Simulator.Host
	service.instance.id: bb16b3c1-3cfb-4565-80d7-da89879d6c3b
	telemetry.sdk.name: opentelemetry
	telemetry.sdk.language: dotnet
	telemetry.sdk.version: 1.10.0

Metric Name: process.cpu.count, Description: The number of processors (CPU cores) available to the current process., Unit: {processors}
(2026-05-15T19:33:34.1216365Z, 2026-05-15T19:36:14.1174437Z] LongSumNonMonotonic
Value: 16
Instrumentation scope (Meter):
	Name: OpenTelemetry.Instrumentation.Process
	Version: 1.10.0-beta.1
Resource associated with Metric:
	service.name: NatureProtector.Simulator.Host
	service.instance.id: bb16b3c1-3cfb-4565-80d7-da89879d6c3b
	telemetry.sdk.name: opentelemetry
	telemetry.sdk.language: dotnet
	telemetry.sdk.version: 1.10.0

Metric Name: process.thread.count, Description: Process threads count., Unit: {thread}
(2026-05-15T19:33:34.1216478Z, 2026-05-15T19:36:14.1174439Z] LongSumNonMonotonic
Value: 14
Instrumentation scope (Meter):
	Name: OpenTelemetry.Instrumentation.Process
	Version: 1.10.0-beta.1
Resource associated with Metric:
	service.name: NatureProtector.Simulator.Host
	service.instance.id: bb16b3c1-3cfb-4565-80d7-da89879d6c3b
	telemetry.sdk.name: opentelemetry
	telemetry.sdk.language: dotnet
	telemetry.sdk.version: 1.10.0

Metric Name: dotnet.gc.collections, Description: The number of garbage collections that have occurred since the process has started., Unit: {collection}
(2026-05-15T19:33:34.1216557Z, 2026-05-15T19:36:14.1174441Z] gc.heap.generation: gen2 LongSum
Value: 1
Instrumentation scope (Meter):
	Name: System.Runtime
Resource associated with Metric:
	service.name: NatureProtector.Simulator.Host
	service.instance.id: bb16b3c1-3cfb-4565-80d7-da89879d6c3b
	telemetry.sdk.name: opentelemetry
	telemetry.sdk.language: dotnet
	telemetry.sdk.version: 1.10.0
(2026-05-15T19:33:34.1216557Z, 2026-05-15T19:36:14.1174441Z] gc.heap.generation: gen1 LongSum
Value: 1
Instrumentation scope (Meter):
	Name: System.Runtime
Resource associated with Metric:
	service.name: NatureProtector.Simulator.Host
	service.instance.id: bb16b3c1-3cfb-4565-80d7-da89879d6c3b
	telemetry.sdk.name: opentelemetry
	telemetry.sdk.language: dotnet
	telemetry.sdk.version: 1.10.0
(2026-05-15T19:33:34.1216557Z, 2026-05-15T19:36:14.1174441Z] gc.heap.generation: gen0 LongSum
Value: 2
Instrumentation scope (Meter):
	Name: System.Runtime
Resource associated with Metric:
	service.name: NatureProtector.Simulator.Host
	service.instance.id: bb16b3c1-3cfb-4565-80d7-da89879d6c3b
	telemetry.sdk.name: opentelemetry
	telemetry.sdk.language: dotnet
	telemetry.sdk.version: 1.10.0

Metric Name: dotnet.process.memory.working_set, Description: The number of bytes of physical memory mapped to the process context., Unit: By
(2026-05-15T19:33:34.1216627Z, 2026-05-15T19:36:14.1174443Z] LongSumNonMonotonic
Value: 107061248
Instrumentation scope (Meter):
	Name: System.Runtime
Resource associated with Metric:
	service.name: NatureProtector.Simulator.Host
	service.instance.id: bb16b3c1-3cfb-4565-80d7-da89879d6c3b
	telemetry.sdk.name: opentelemetry
	telemetry.sdk.language: dotnet
	telemetry.sdk.version: 1.10.0

Metric Name: dotnet.gc.heap.total_allocated, Description: The approximate number of bytes allocated on the managed GC heap since the process has started. The returned value does not include any native allocations., Unit: By
(2026-05-15T19:33:34.1216715Z, 2026-05-15T19:36:14.1174445Z] LongSum
Value: 41592296
Instrumentation scope (Meter):
	Name: System.Runtime
Resource associated with Metric:
	service.name: NatureProtector.Simulator.Host
	service.instance.id: bb16b3c1-3cfb-4565-80d7-da89879d6c3b
	telemetry.sdk.name: opentelemetry
	telemetry.sdk.language: dotnet
	telemetry.sdk.version: 1.10.0

Metric Name: dotnet.gc.last_collection.memory.committed_size, Description: The amount of committed virtual memory in use by the .NET GC, as observed during the latest garbage collection., Unit: By
(2026-05-15T19:33:34.1216781Z, 2026-05-15T19:36:14.1174446Z] LongSumNonMonotonic
Value: 20717568
Instrumentation scope (Meter):
	Name: System.Runtime
Resource associated with Metric:
	service.name: NatureProtector.Simulator.Host
	service.instance.id: bb16b3c1-3cfb-4565-80d7-da89879d6c3b
	telemetry.sdk.name: opentelemetry
	telemetry.sdk.language: dotnet
	telemetry.sdk.version: 1.10.0

Metric Name: dotnet.gc.last_collection.heap.size, Description: The managed GC heap size (including fragmentation), as observed during the latest garbage collection., Unit: By
(2026-05-15T19:33:34.1216842Z, 2026-05-15T19:36:14.1174448Z] gc.heap.generation: gen0 LongSumNonMonotonic
Value: 156040
Instrumentation scope (Meter):
	Name: System.Runtime
Resource associated with Metric:
	service.name: NatureProtector.Simulator.Host
	service.instance.id: bb16b3c1-3cfb-4565-80d7-da89879d6c3b
	telemetry.sdk.name: opentelemetry
	telemetry.sdk.language: dotnet
	telemetry.sdk.version: 1.10.0
(2026-05-15T19:33:34.1216842Z, 2026-05-15T19:36:14.1174448Z] gc.heap.generation: gen1 LongSumNonMonotonic
Value: 4105768
Instrumentation scope (Meter):
	Name: System.Runtime
Resource associated with Metric:
	service.name: NatureProtector.Simulator.Host
	service.instance.id: bb16b3c1-3cfb-4565-80d7-da89879d6c3b
	telemetry.sdk.name: opentelemetry
	telemetry.sdk.language: dotnet
	telemetry.sdk.version: 1.10.0
(2026-05-15T19:33:34.1216842Z, 2026-05-15T19:36:14.1174448Z] gc.heap.generation: gen2 LongSumNonMonotonic
Value: 916296
Instrumentation scope (Meter):
	Name: System.Runtime
Resource associated with Metric:
	service.name: NatureProtector.Simulator.Host
	service.instance.id: bb16b3c1-3cfb-4565-80d7-da89879d6c3b
	telemetry.sdk.name: opentelemetry
	telemetry.sdk.language: dotnet
	telemetry.sdk.version: 1.10.0
(2026-05-15T19:33:34.1216842Z, 2026-05-15T19:36:14.1174448Z] gc.heap.generation: loh LongSumNonMonotonic
Value: 6986640
Instrumentation scope (Meter):
	Name: System.Runtime
Resource associated with Metric:
	service.name: NatureProtector.Simulator.Host
	service.instance.id: bb16b3c1-3cfb-4565-80d7-da89879d6c3b
	telemetry.sdk.name: opentelemetry
	telemetry.sdk.language: dotnet
	telemetry.sdk.version: 1.10.0
(2026-05-15T19:33:34.1216842Z, 2026-05-15T19:36:14.1174448Z] gc.heap.generation: poh LongSumNonMonotonic
Value: 58240
Instrumentation scope (Meter):
	Name: System.Runtime
Resource associated with Metric:
	service.name: NatureProtector.Simulator.Host
	service.instance.id: bb16b3c1-3cfb-4565-80d7-da89879d6c3b
	telemetry.sdk.name: opentelemetry
	telemetry.sdk.language: dotnet
	telemetry.sdk.version: 1.10.0

Metric Name: dotnet.gc.last_collection.heap.fragmentation.size, Description: The heap fragmentation, as observed during the latest garbage collection., Unit: By
(2026-05-15T19:33:34.1216929Z, 2026-05-15T19:36:14.1174449Z] gc.heap.generation: gen0 LongSumNonMonotonic
Value: 147656
Instrumentation scope (Meter):
	Name: System.Runtime
Resource associated with Metric:
	service.name: NatureProtector.Simulator.Host
	service.instance.id: bb16b3c1-3cfb-4565-80d7-da89879d6c3b
	telemetry.sdk.name: opentelemetry
	telemetry.sdk.language: dotnet
	telemetry.sdk.version: 1.10.0
(2026-05-15T19:33:34.1216929Z, 2026-05-15T19:36:14.1174449Z] gc.heap.generation: gen1 LongSumNonMonotonic
Value: 67944
Instrumentation scope (Meter):
	Name: System.Runtime
Resource associated with Metric:
	service.name: NatureProtector.Simulator.Host
	service.instance.id: bb16b3c1-3cfb-4565-80d7-da89879d6c3b
	telemetry.sdk.name: opentelemetry
	telemetry.sdk.language: dotnet
	telemetry.sdk.version: 1.10.0
(2026-05-15T19:33:34.1216929Z, 2026-05-15T19:36:14.1174449Z] gc.heap.generation: gen2 LongSumNonMonotonic
Value: 0
Instrumentation scope (Meter):
	Name: System.Runtime
Resource associated with Metric:
	service.name: NatureProtector.Simulator.Host
	service.instance.id: bb16b3c1-3cfb-4565-80d7-da89879d6c3b
	telemetry.sdk.name: opentelemetry
	telemetry.sdk.language: dotnet
	telemetry.sdk.version: 1.10.0
(2026-05-15T19:33:34.1216929Z, 2026-05-15T19:36:14.1174449Z] gc.heap.generation: loh LongSumNonMonotonic
Value: 1120
Instrumentation scope (Meter):
	Name: System.Runtime
Resource associated with Metric:
	service.name: NatureProtector.Simulator.Host
	service.instance.id: bb16b3c1-3cfb-4565-80d7-da89879d6c3b
	telemetry.sdk.name: opentelemetry
	telemetry.sdk.language: dotnet
	telemetry.sdk.version: 1.10.0
(2026-05-15T19:33:34.1216929Z, 2026-05-15T19:36:14.1174449Z] gc.heap.generation: poh LongSumNonMonotonic
Value: 0
Instrumentation scope (Meter):
	Name: System.Runtime
Resource associated with Metric:
	service.name: NatureProtector.Simulator.Host
	service.instance.id: bb16b3c1-3cfb-4565-80d7-da89879d6c3b
	telemetry.sdk.name: opentelemetry
	telemetry.sdk.language: dotnet
	telemetry.sdk.version: 1.10.0

Metric Name: dotnet.gc.pause.time, Description: The total amount of time paused in GC since the process has started., Unit: s
(2026-05-15T19:33:34.1223505Z, 2026-05-15T19:36:14.1174451Z] DoubleSum
Value: 0.021885
Instrumentation scope (Meter):
	Name: System.Runtime
Resource associated with Metric:
	service.name: NatureProtector.Simulator.Host
	service.instance.id: bb16b3c1-3cfb-4565-80d7-da89879d6c3b
	telemetry.sdk.name: opentelemetry
	telemetry.sdk.language: dotnet
	telemetry.sdk.version: 1.10.0

Metric Name: dotnet.jit.compiled_il.size, Description: Count of bytes of intermediate language that have been compiled since the process has started., Unit: By
(2026-05-15T19:33:34.1223612Z, 2026-05-15T19:36:14.1174452Z] LongSum
Value: 1161476
Instrumentation scope (Meter):
	Name: System.Runtime
Resource associated with Metric:
	service.name: NatureProtector.Simulator.Host
	service.instance.id: bb16b3c1-3cfb-4565-80d7-da89879d6c3b
	telemetry.sdk.name: opentelemetry
	telemetry.sdk.language: dotnet
	telemetry.sdk.version: 1.10.0

Metric Name: dotnet.jit.compiled_methods, Description: The number of times the JIT compiler (re)compiled methods since the process has started., Unit: {method}
(2026-05-15T19:33:34.1223677Z, 2026-05-15T19:36:14.1174453Z] LongSum
Value: 14991
Instrumentation scope (Meter):
	Name: System.Runtime
Resource associated with Metric:
	service.name: NatureProtector.Simulator.Host
	service.instance.id: bb16b3c1-3cfb-4565-80d7-da89879d6c3b
	telemetry.sdk.name: opentelemetry
	telemetry.sdk.language: dotnet
	telemetry.sdk.version: 1.10.0

Metric Name: dotnet.jit.compilation.time, Description: The number of times the JIT compiler (re)compiled methods since the process has started., Unit: s
(2026-05-15T19:33:34.1223770Z, 2026-05-15T19:36:14.1174455Z] DoubleSum
Value: 1.6034675
Instrumentation scope (Meter):
	Name: System.Runtime
Resource associated with Metric:
	service.name: NatureProtector.Simulator.Host
	service.instance.id: bb16b3c1-3cfb-4565-80d7-da89879d6c3b
	telemetry.sdk.name: opentelemetry
	telemetry.sdk.language: dotnet
	telemetry.sdk.version: 1.10.0

Metric Name: dotnet.monitor.lock_contentions, Description: The number of times there was contention when trying to acquire a monitor lock since the process has started., Unit: {contention}
(2026-05-15T19:33:34.1223859Z, 2026-05-15T19:36:14.1174456Z] LongSum
Value: 33
Instrumentation scope (Meter):
	Name: System.Runtime
Resource associated with Metric:
	service.name: NatureProtector.Simulator.Host
	service.instance.id: bb16b3c1-3cfb-4565-80d7-da89879d6c3b
	telemetry.sdk.name: opentelemetry
	telemetry.sdk.language: dotnet
	telemetry.sdk.version: 1.10.0

Metric Name: dotnet.thread_pool.thread.count, Description: The number of thread pool threads that currently exist., Unit: {thread}
(2026-05-15T19:33:34.1223933Z, 2026-05-15T19:36:14.1174457Z] LongSum
Value: 2
Instrumentation scope (Meter):
	Name: System.Runtime
Resource associated with Metric:
	service.name: NatureProtector.Simulator.Host
	service.instance.id: bb16b3c1-3cfb-4565-80d7-da89879d6c3b
	telemetry.sdk.name: opentelemetry
	telemetry.sdk.language: dotnet
	telemetry.sdk.version: 1.10.0

Metric Name: dotnet.thread_pool.work_item.count, Description: The number of work items that the thread pool has completed since the process has started., Unit: {work_item}
(2026-05-15T19:33:34.1223994Z, 2026-05-15T19:36:14.1174458Z] LongSum
Value: 154
Instrumentation scope (Meter):
	Name: System.Runtime
Resource associated with Metric:
	service.name: NatureProtector.Simulator.Host
	service.instance.id: bb16b3c1-3cfb-4565-80d7-da89879d6c3b
	telemetry.sdk.name: opentelemetry
	telemetry.sdk.language: dotnet
	telemetry.sdk.version: 1.10.0

Metric Name: dotnet.thread_pool.queue.length, Description: The number of work items that are currently queued to be processed by the thread pool., Unit: {work_item}
(2026-05-15T19:33:34.1224079Z, 2026-05-15T19:36:14.1174460Z] LongSum
Value: 0
Instrumentation scope (Meter):
	Name: System.Runtime
Resource associated with Metric:
	service.name: NatureProtector.Simulator.Host
	service.instance.id: bb16b3c1-3cfb-4565-80d7-da89879d6c3b
	telemetry.sdk.name: opentelemetry
	telemetry.sdk.language: dotnet
	telemetry.sdk.version: 1.10.0

Metric Name: dotnet.timer.count, Description: The number of timer instances that are currently active. An active timer is registered to tick at some point in the future and has not yet been canceled., Unit: {timer}
(2026-05-15T19:33:34.1224139Z, 2026-05-15T19:36:14.1174462Z] LongSumNonMonotonic
Value: 4
Instrumentation scope (Meter):
	Name: System.Runtime
Resource associated with Metric:
	service.name: NatureProtector.Simulator.Host
	service.instance.id: bb16b3c1-3cfb-4565-80d7-da89879d6c3b
	telemetry.sdk.name: opentelemetry
	telemetry.sdk.language: dotnet
	telemetry.sdk.version: 1.10.0

Metric Name: dotnet.assembly.count, Description: The number of .NET assemblies that are currently loaded., Unit: {assembly}
(2026-05-15T19:33:34.1224223Z, 2026-05-15T19:36:14.1174463Z] LongSumNonMonotonic
Value: 105
Instrumentation scope (Meter):
	Name: System.Runtime
Resource associated with Metric:
	service.name: NatureProtector.Simulator.Host
	service.instance.id: bb16b3c1-3cfb-4565-80d7-da89879d6c3b
	telemetry.sdk.name: opentelemetry
	telemetry.sdk.language: dotnet
	telemetry.sdk.version: 1.10.0

Metric Name: dotnet.process.cpu.count, Description: The number of processors available to the process., Unit: {cpu}
(2026-05-15T19:33:34.1259575Z, 2026-05-15T19:36:14.1174467Z] LongSumNonMonotonic
Value: 16
Instrumentation scope (Meter):
	Name: System.Runtime
Resource associated with Metric:
	service.name: NatureProtector.Simulator.Host
	service.instance.id: bb16b3c1-3cfb-4565-80d7-da89879d6c3b
	telemetry.sdk.name: opentelemetry
	telemetry.sdk.language: dotnet
	telemetry.sdk.version: 1.10.0

Metric Name: dotnet.process.cpu.time, Description: CPU time used by the process., Unit: s
(2026-05-15T19:33:34.1259807Z, 2026-05-15T19:36:14.1174468Z] cpu.mode: user DoubleSum
Value: 2.140625
Instrumentation scope (Meter):
	Name: System.Runtime
Resource associated with Metric:
	service.name: NatureProtector.Simulator.Host
	service.instance.id: bb16b3c1-3cfb-4565-80d7-da89879d6c3b
	telemetry.sdk.name: opentelemetry
	telemetry.sdk.language: dotnet
	telemetry.sdk.version: 1.10.0
(2026-05-15T19:33:34.1259807Z, 2026-05-15T19:36:14.1174468Z] cpu.mode: system DoubleSum
Value: 0.625
Instrumentation scope (Meter):
	Name: System.Runtime
Resource associated with Metric:
	service.name: NatureProtector.Simulator.Host
	service.instance.id: bb16b3c1-3cfb-4565-80d7-da89879d6c3b
	telemetry.sdk.name: opentelemetry
	telemetry.sdk.language: dotnet
	telemetry.sdk.version: 1.10.0

Metric Name: natureprotector.simulator.context.creations
(2026-05-15T19:33:34.1402472Z, 2026-05-15T19:36:14.1174476Z] LongSum
Value: 1
Instrumentation scope (Meter):
	Name: NatureProtector.Simulator.Host
Resource associated with Metric:
	service.name: NatureProtector.Simulator.Host
	service.instance.id: bb16b3c1-3cfb-4565-80d7-da89879d6c3b
	telemetry.sdk.name: opentelemetry
	telemetry.sdk.language: dotnet
	telemetry.sdk.version: 1.10.0

Metric Name: natureprotector.simulator.context.creation.duration, Unit: ms
(2026-05-15T19:33:34.1406933Z, 2026-05-15T19:36:14.1174481Z] Histogram
Value: Sum: 1237,8026 Count: 1 Min: 1237,8026 Max: 1237,8026 
(-Infinity,0]:0
(0,5]:0
(5,10]:0
(10,25]:0
(25,50]:0
(50,75]:0
(75,100]:0
(100,250]:0
(250,500]:0
(500,750]:0
(750,1000]:0
(1000,2500]:1
(2500,5000]:0
(5000,7500]:0
(7500,10000]:0
(10000,+Infinity]:0

Instrumentation scope (Meter):
	Name: NatureProtector.Simulator.Host
Resource associated with Metric:
	service.name: NatureProtector.Simulator.Host
	service.instance.id: bb16b3c1-3cfb-4565-80d7-da89879d6c3b
	telemetry.sdk.name: opentelemetry
	telemetry.sdk.language: dotnet
	telemetry.sdk.version: 1.10.0

Metric Name: natureprotector.simulator.runs
(2026-05-15T19:33:34.1407131Z, 2026-05-15T19:36:14.1174483Z] np.outcome: started LongSum
Value: 1
Instrumentation scope (Meter):
	Name: NatureProtector.Simulator.Host
Resource associated with Metric:
	service.name: NatureProtector.Simulator.Host
	service.instance.id: bb16b3c1-3cfb-4565-80d7-da89879d6c3b
	telemetry.sdk.name: opentelemetry
	telemetry.sdk.language: dotnet
	telemetry.sdk.version: 1.10.0
(2026-05-15T19:33:34.1407131Z, 2026-05-15T19:36:14.1174483Z] np.outcome: completed LongSum
Value: 1
Instrumentation scope (Meter):
	Name: NatureProtector.Simulator.Host
Resource associated with Metric:
	service.name: NatureProtector.Simulator.Host
	service.instance.id: bb16b3c1-3cfb-4565-80d7-da89879d6c3b
	telemetry.sdk.name: opentelemetry
	telemetry.sdk.language: dotnet
	telemetry.sdk.version: 1.10.0

Metric Name: natureprotector.simulator.run.duration, Unit: ms
(2026-05-15T19:33:34.1407231Z, 2026-05-15T19:36:14.1174489Z] np.outcome: completed Histogram
Value: Sum: 21764,3145 Count: 1 Min: 21764,3145 Max: 21764,3145 
(-Infinity,0]:0
(0,5]:0
(5,10]:0
(10,25]:0
(25,50]:0
(50,75]:0
(75,100]:0
(100,250]:0
(250,500]:0
(500,750]:0
(750,1000]:0
(1000,2500]:0
(2500,5000]:0
(5000,7500]:0
(7500,10000]:0
(10000,+Infinity]:1

Instrumentation scope (Meter):
	Name: NatureProtector.Simulator.Host
Resource associated with Metric:
	service.name: NatureProtector.Simulator.Host
	service.instance.id: bb16b3c1-3cfb-4565-80d7-da89879d6c3b
	telemetry.sdk.name: opentelemetry
	telemetry.sdk.language: dotnet
	telemetry.sdk.version: 1.10.0

Metric Name: natureprotector.simulator.publish.messages
(2026-05-15T19:33:34.1407299Z, 2026-05-15T19:36:14.1174492Z] LongSum
Value: 30
Instrumentation scope (Meter):
	Name: NatureProtector.Simulator.Host
Resource associated with Metric:
	service.name: NatureProtector.Simulator.Host
	service.instance.id: bb16b3c1-3cfb-4565-80d7-da89879d6c3b
	telemetry.sdk.name: opentelemetry
	telemetry.sdk.language: dotnet
	telemetry.sdk.version: 1.10.0

Metric Name: natureprotector.simulator.publish.batch.size
(2026-05-15T19:33:34.1411579Z, 2026-05-15T19:36:14.1174496Z] Histogram
Value: Sum: 30 Count: 5 Min: 6 Max: 6 
(-Infinity,0]:0
(0,5]:0
(5,10]:5
(10,25]:0
(25,50]:0
(50,75]:0
(75,100]:0
(100,250]:0
(250,500]:0
(500,750]:0
(750,1000]:0
(1000,2500]:0
(2500,5000]:0
(5000,7500]:0
(7500,10000]:0
(10000,+Infinity]:0

Instrumentation scope (Meter):
	Name: NatureProtector.Simulator.Host
Resource associated with Metric:
	service.name: NatureProtector.Simulator.Host
	service.instance.id: bb16b3c1-3cfb-4565-80d7-da89879d6c3b
	telemetry.sdk.name: opentelemetry
	telemetry.sdk.language: dotnet
	telemetry.sdk.version: 1.10.0

Metric Name: natureprotector.simulator.publish.duration, Unit: ms
(2026-05-15T19:33:34.1411747Z, 2026-05-15T19:36:14.1174501Z] Histogram
Value: Sum: 368,4914 Count: 35 Min: 0,0686 Max: 130,9608 
(-Infinity,0]:0
(0,5]:29
(5,10]:0
(10,25]:0
(25,50]:4
(50,75]:0
(75,100]:0
(100,250]:2
(250,500]:0
(500,750]:0
(750,1000]:0
(1000,2500]:0
(2500,5000]:0
(5000,7500]:0
(7500,10000]:0
(10000,+Infinity]:0

Instrumentation scope (Meter):
	Name: NatureProtector.Simulator.Host
Resource associated with Metric:
	service.name: NatureProtector.Simulator.Host
	service.instance.id: bb16b3c1-3cfb-4565-80d7-da89879d6c3b
	telemetry.sdk.name: opentelemetry
	telemetry.sdk.language: dotnet
	telemetry.sdk.version: 1.10.0

Metric Name: dns.lookup.duration, Description: Measures the time taken to perform a DNS lookup., Unit: s
(2026-05-15T19:33:35.0713776Z, 2026-05-15T19:36:14.1174508Z] dns.question.name: localhost Histogram
Value: Sum: 0,007422300000000001 Count: 2 Min: 0,0004333 Max: 0,006989 
(-Infinity,0,005]:1
(0,005,0,01]:1
(0,01,0,025]:0
(0,025,0,05]:0
(0,05,0,075]:0
(0,075,0,1]:0
(0,1,0,25]:0
(0,25,0,5]:0
(0,5,0,75]:0
(0,75,1]:0
(1,2,5]:0
(2,5,5]:0
(5,7,5]:0
(7,5,10]:0
(10,+Infinity]:0

Instrumentation scope (Meter):
	Name: System.Net.NameResolution
Resource associated with Metric:
	service.name: NatureProtector.Simulator.Host
	service.instance.id: bb16b3c1-3cfb-4565-80d7-da89879d6c3b
	telemetry.sdk.name: opentelemetry
	telemetry.sdk.language: dotnet
	telemetry.sdk.version: 1.10.0

Metric Name: process.memory.usage, Description: The amount of physical memory in use., Unit: By
(2026-05-15T19:33:34.1204994Z, 2026-05-15T19:36:24.1170734Z] LongSumNonMonotonic
Value: 107196416
Instrumentation scope (Meter):
	Name: OpenTelemetry.Instrumentation.Process
	Version: 1.10.0-beta.1
Resource associated with Metric:
	service.name: NatureProtector.Simulator.Host
	service.instance.id: bb16b3c1-3cfb-4565-80d7-da89879d6c3b
	telemetry.sdk.name: opentelemetry
	telemetry.sdk.language: dotnet
	telemetry.sdk.version: 1.10.0

Metric Name: process.memory.virtual, Description: The amount of committed virtual memory., Unit: By
(2026-05-15T19:33:34.1214436Z, 2026-05-15T19:36:24.1170741Z] LongSumNonMonotonic
Value: 2480981131264
Instrumentation scope (Meter):
	Name: OpenTelemetry.Instrumentation.Process
	Version: 1.10.0-beta.1
Resource associated with Metric:
	service.name: NatureProtector.Simulator.Host
	service.instance.id: bb16b3c1-3cfb-4565-80d7-da89879d6c3b
	telemetry.sdk.name: opentelemetry
	telemetry.sdk.language: dotnet
	telemetry.sdk.version: 1.10.0

Metric Name: process.cpu.time, Description: Total CPU seconds broken down by different states., Unit: s
(2026-05-15T19:33:34.1216173Z, 2026-05-15T19:36:24.1170746Z] process.cpu.state: user DoubleSum
Value: 2.15625
Instrumentation scope (Meter):
	Name: OpenTelemetry.Instrumentation.Process
	Version: 1.10.0-beta.1
Resource associated with Metric:
	service.name: NatureProtector.Simulator.Host
	service.instance.id: bb16b3c1-3cfb-4565-80d7-da89879d6c3b
	telemetry.sdk.name: opentelemetry
	telemetry.sdk.language: dotnet
	telemetry.sdk.version: 1.10.0
(2026-05-15T19:33:34.1216173Z, 2026-05-15T19:36:24.1170746Z] process.cpu.state: system DoubleSum
Value: 0.6875
Instrumentation scope (Meter):
	Name: OpenTelemetry.Instrumentation.Process
	Version: 1.10.0-beta.1
Resource associated with Metric:
	service.name: NatureProtector.Simulator.Host
	service.instance.id: bb16b3c1-3cfb-4565-80d7-da89879d6c3b
	telemetry.sdk.name: opentelemetry
	telemetry.sdk.language: dotnet
	telemetry.sdk.version: 1.10.0

Metric Name: process.cpu.count, Description: The number of processors (CPU cores) available to the current process., Unit: {processors}
(2026-05-15T19:33:34.1216365Z, 2026-05-15T19:36:24.1170751Z] LongSumNonMonotonic
Value: 16
Instrumentation scope (Meter):
	Name: OpenTelemetry.Instrumentation.Process
	Version: 1.10.0-beta.1
Resource associated with Metric:
	service.name: NatureProtector.Simulator.Host
	service.instance.id: bb16b3c1-3cfb-4565-80d7-da89879d6c3b
	telemetry.sdk.name: opentelemetry
	telemetry.sdk.language: dotnet
	telemetry.sdk.version: 1.10.0

Metric Name: process.thread.count, Description: Process threads count., Unit: {thread}
(2026-05-15T19:33:34.1216478Z, 2026-05-15T19:36:24.1170753Z] LongSumNonMonotonic
Value: 14
Instrumentation scope (Meter):
	Name: OpenTelemetry.Instrumentation.Process
	Version: 1.10.0-beta.1
Resource associated with Metric:
	service.name: NatureProtector.Simulator.Host
	service.instance.id: bb16b3c1-3cfb-4565-80d7-da89879d6c3b
	telemetry.sdk.name: opentelemetry
	telemetry.sdk.language: dotnet
	telemetry.sdk.version: 1.10.0

Metric Name: dotnet.gc.collections, Description: The number of garbage collections that have occurred since the process has started., Unit: {collection}
(2026-05-15T19:33:34.1216557Z, 2026-05-15T19:36:24.1170755Z] gc.heap.generation: gen2 LongSum
Value: 1
Instrumentation scope (Meter):
	Name: System.Runtime
Resource associated with Metric:
	service.name: NatureProtector.Simulator.Host
	service.instance.id: bb16b3c1-3cfb-4565-80d7-da89879d6c3b
	telemetry.sdk.name: opentelemetry
	telemetry.sdk.language: dotnet
	telemetry.sdk.version: 1.10.0
(2026-05-15T19:33:34.1216557Z, 2026-05-15T19:36:24.1170755Z] gc.heap.generation: gen1 LongSum
Value: 1
Instrumentation scope (Meter):
	Name: System.Runtime
Resource associated with Metric:
	service.name: NatureProtector.Simulator.Host
	service.instance.id: bb16b3c1-3cfb-4565-80d7-da89879d6c3b
	telemetry.sdk.name: opentelemetry
	telemetry.sdk.language: dotnet
	telemetry.sdk.version: 1.10.0
(2026-05-15T19:33:34.1216557Z, 2026-05-15T19:36:24.1170755Z] gc.heap.generation: gen0 LongSum
Value: 2
Instrumentation scope (Meter):
	Name: System.Runtime
Resource associated with Metric:
	service.name: NatureProtector.Simulator.Host
	service.instance.id: bb16b3c1-3cfb-4565-80d7-da89879d6c3b
	telemetry.sdk.name: opentelemetry
	telemetry.sdk.language: dotnet
	telemetry.sdk.version: 1.10.0

Metric Name: dotnet.process.memory.working_set, Description: The number of bytes of physical memory mapped to the process context., Unit: By
(2026-05-15T19:33:34.1216627Z, 2026-05-15T19:36:24.1170757Z] LongSumNonMonotonic
Value: 107188224
Instrumentation scope (Meter):
	Name: System.Runtime
Resource associated with Metric:
	service.name: NatureProtector.Simulator.Host
	service.instance.id: bb16b3c1-3cfb-4565-80d7-da89879d6c3b
	telemetry.sdk.name: opentelemetry
	telemetry.sdk.language: dotnet
	telemetry.sdk.version: 1.10.0

Metric Name: dotnet.gc.heap.total_allocated, Description: The approximate number of bytes allocated on the managed GC heap since the process has started. The returned value does not include any native allocations., Unit: By
(2026-05-15T19:33:34.1216715Z, 2026-05-15T19:36:24.1170758Z] LongSum
Value: 41756296
Instrumentation scope (Meter):
	Name: System.Runtime
Resource associated with Metric:
	service.name: NatureProtector.Simulator.Host
	service.instance.id: bb16b3c1-3cfb-4565-80d7-da89879d6c3b
	telemetry.sdk.name: opentelemetry
	telemetry.sdk.language: dotnet
	telemetry.sdk.version: 1.10.0

Metric Name: dotnet.gc.last_collection.memory.committed_size, Description: The amount of committed virtual memory in use by the .NET GC, as observed during the latest garbage collection., Unit: By
(2026-05-15T19:33:34.1216781Z, 2026-05-15T19:36:24.1170760Z] LongSumNonMonotonic
Value: 20717568
Instrumentation scope (Meter):
	Name: System.Runtime
Resource associated with Metric:
	service.name: NatureProtector.Simulator.Host
	service.instance.id: bb16b3c1-3cfb-4565-80d7-da89879d6c3b
	telemetry.sdk.name: opentelemetry
	telemetry.sdk.language: dotnet
	telemetry.sdk.version: 1.10.0

Metric Name: dotnet.gc.last_collection.heap.size, Description: The managed GC heap size (including fragmentation), as observed during the latest garbage collection., Unit: By
(2026-05-15T19:33:34.1216842Z, 2026-05-15T19:36:24.1170762Z] gc.heap.generation: gen0 LongSumNonMonotonic
Value: 156040
Instrumentation scope (Meter):
	Name: System.Runtime
Resource associated with Metric:
	service.name: NatureProtector.Simulator.Host
	service.instance.id: bb16b3c1-3cfb-4565-80d7-da89879d6c3b
	telemetry.sdk.name: opentelemetry
	telemetry.sdk.language: dotnet
	telemetry.sdk.version: 1.10.0
(2026-05-15T19:33:34.1216842Z, 2026-05-15T19:36:24.1170762Z] gc.heap.generation: gen1 LongSumNonMonotonic
Value: 4105768
Instrumentation scope (Meter):
	Name: System.Runtime
Resource associated with Metric:
	service.name: NatureProtector.Simulator.Host
	service.instance.id: bb16b3c1-3cfb-4565-80d7-da89879d6c3b
	telemetry.sdk.name: opentelemetry
	telemetry.sdk.language: dotnet
	telemetry.sdk.version: 1.10.0
(2026-05-15T19:33:34.1216842Z, 2026-05-15T19:36:24.1170762Z] gc.heap.generation: gen2 LongSumNonMonotonic
Value: 916296
Instrumentation scope (Meter):
	Name: System.Runtime
Resource associated with Metric:
	service.name: NatureProtector.Simulator.Host
	service.instance.id: bb16b3c1-3cfb-4565-80d7-da89879d6c3b
	telemetry.sdk.name: opentelemetry
	telemetry.sdk.language: dotnet
	telemetry.sdk.version: 1.10.0
(2026-05-15T19:33:34.1216842Z, 2026-05-15T19:36:24.1170762Z] gc.heap.generation: loh LongSumNonMonotonic
Value: 6986640
Instrumentation scope (Meter):
	Name: System.Runtime
Resource associated with Metric:
	service.name: NatureProtector.Simulator.Host
	service.instance.id: bb16b3c1-3cfb-4565-80d7-da89879d6c3b
	telemetry.sdk.name: opentelemetry
	telemetry.sdk.language: dotnet
	telemetry.sdk.version: 1.10.0
(2026-05-15T19:33:34.1216842Z, 2026-05-15T19:36:24.1170762Z] gc.heap.generation: poh LongSumNonMonotonic
Value: 58240
Instrumentation scope (Meter):
	Name: System.Runtime
Resource associated with Metric:
	service.name: NatureProtector.Simulator.Host
	service.instance.id: bb16b3c1-3cfb-4565-80d7-da89879d6c3b
	telemetry.sdk.name: opentelemetry
	telemetry.sdk.language: dotnet
	telemetry.sdk.version: 1.10.0

Metric Name: dotnet.gc.last_collection.heap.fragmentation.size, Description: The heap fragmentation, as observed during the latest garbage collection., Unit: By
(2026-05-15T19:33:34.1216929Z, 2026-05-15T19:36:24.1170763Z] gc.heap.generation: gen0 LongSumNonMonotonic
Value: 147656
Instrumentation scope (Meter):
	Name: System.Runtime
Resource associated with Metric:
	service.name: NatureProtector.Simulator.Host
	service.instance.id: bb16b3c1-3cfb-4565-80d7-da89879d6c3b
	telemetry.sdk.name: opentelemetry
	telemetry.sdk.language: dotnet
	telemetry.sdk.version: 1.10.0
(2026-05-15T19:33:34.1216929Z, 2026-05-15T19:36:24.1170763Z] gc.heap.generation: gen1 LongSumNonMonotonic
Value: 67944
Instrumentation scope (Meter):
	Name: System.Runtime
Resource associated with Metric:
	service.name: NatureProtector.Simulator.Host
	service.instance.id: bb16b3c1-3cfb-4565-80d7-da89879d6c3b
	telemetry.sdk.name: opentelemetry
	telemetry.sdk.language: dotnet
	telemetry.sdk.version: 1.10.0
(2026-05-15T19:33:34.1216929Z, 2026-05-15T19:36:24.1170763Z] gc.heap.generation: gen2 LongSumNonMonotonic
Value: 0
Instrumentation scope (Meter):
	Name: System.Runtime
Resource associated with Metric:
	service.name: NatureProtector.Simulator.Host
	service.instance.id: bb16b3c1-3cfb-4565-80d7-da89879d6c3b
	telemetry.sdk.name: opentelemetry
	telemetry.sdk.language: dotnet
	telemetry.sdk.version: 1.10.0
(2026-05-15T19:33:34.1216929Z, 2026-05-15T19:36:24.1170763Z] gc.heap.generation: loh LongSumNonMonotonic
Value: 1120
Instrumentation scope (Meter):
	Name: System.Runtime
Resource associated with Metric:
	service.name: NatureProtector.Simulator.Host
	service.instance.id: bb16b3c1-3cfb-4565-80d7-da89879d6c3b
	telemetry.sdk.name: opentelemetry
	telemetry.sdk.language: dotnet
	telemetry.sdk.version: 1.10.0
(2026-05-15T19:33:34.1216929Z, 2026-05-15T19:36:24.1170763Z] gc.heap.generation: poh LongSumNonMonotonic
Value: 0
Instrumentation scope (Meter):
	Name: System.Runtime
Resource associated with Metric:
	service.name: NatureProtector.Simulator.Host
	service.instance.id: bb16b3c1-3cfb-4565-80d7-da89879d6c3b
	telemetry.sdk.name: opentelemetry
	telemetry.sdk.language: dotnet
	telemetry.sdk.version: 1.10.0

Metric Name: dotnet.gc.pause.time, Description: The total amount of time paused in GC since the process has started., Unit: s
(2026-05-15T19:33:34.1223505Z, 2026-05-15T19:36:24.1170768Z] DoubleSum
Value: 0.021885
Instrumentation scope (Meter):
	Name: System.Runtime
Resource associated with Metric:
	service.name: NatureProtector.Simulator.Host
	service.instance.id: bb16b3c1-3cfb-4565-80d7-da89879d6c3b
	telemetry.sdk.name: opentelemetry
	telemetry.sdk.language: dotnet
	telemetry.sdk.version: 1.10.0

Metric Name: dotnet.jit.compiled_il.size, Description: Count of bytes of intermediate language that have been compiled since the process has started., Unit: By
(2026-05-15T19:33:34.1223612Z, 2026-05-15T19:36:24.1170770Z] LongSum
Value: 1164391
Instrumentation scope (Meter):
	Name: System.Runtime
Resource associated with Metric:
	service.name: NatureProtector.Simulator.Host
	service.instance.id: bb16b3c1-3cfb-4565-80d7-da89879d6c3b
	telemetry.sdk.name: opentelemetry
	telemetry.sdk.language: dotnet
	telemetry.sdk.version: 1.10.0

Metric Name: dotnet.jit.compiled_methods, Description: The number of times the JIT compiler (re)compiled methods since the process has started., Unit: {method}
(2026-05-15T19:33:34.1223677Z, 2026-05-15T19:36:24.1170772Z] LongSum
Value: 15016
Instrumentation scope (Meter):
	Name: System.Runtime
Resource associated with Metric:
	service.name: NatureProtector.Simulator.Host
	service.instance.id: bb16b3c1-3cfb-4565-80d7-da89879d6c3b
	telemetry.sdk.name: opentelemetry
	telemetry.sdk.language: dotnet
	telemetry.sdk.version: 1.10.0

Metric Name: dotnet.jit.compilation.time, Description: The number of times the JIT compiler (re)compiled methods since the process has started., Unit: s
(2026-05-15T19:33:34.1223770Z, 2026-05-15T19:36:24.1170773Z] DoubleSum
Value: 1.6098409
Instrumentation scope (Meter):
	Name: System.Runtime
Resource associated with Metric:
	service.name: NatureProtector.Simulator.Host
	service.instance.id: bb16b3c1-3cfb-4565-80d7-da89879d6c3b
	telemetry.sdk.name: opentelemetry
	telemetry.sdk.language: dotnet
	telemetry.sdk.version: 1.10.0

Metric Name: dotnet.monitor.lock_contentions, Description: The number of times there was contention when trying to acquire a monitor lock since the process has started., Unit: {contention}
(2026-05-15T19:33:34.1223859Z, 2026-05-15T19:36:24.1170775Z] LongSum
Value: 33
Instrumentation scope (Meter):
	Name: System.Runtime
Resource associated with Metric:
	service.name: NatureProtector.Simulator.Host
	service.instance.id: bb16b3c1-3cfb-4565-80d7-da89879d6c3b
	telemetry.sdk.name: opentelemetry
	telemetry.sdk.language: dotnet
	telemetry.sdk.version: 1.10.0

Metric Name: dotnet.thread_pool.thread.count, Description: The number of thread pool threads that currently exist., Unit: {thread}
(2026-05-15T19:33:34.1223933Z, 2026-05-15T19:36:24.1170776Z] LongSum
Value: 2
Instrumentation scope (Meter):
	Name: System.Runtime
Resource associated with Metric:
	service.name: NatureProtector.Simulator.Host
	service.instance.id: bb16b3c1-3cfb-4565-80d7-da89879d6c3b
	telemetry.sdk.name: opentelemetry
	telemetry.sdk.language: dotnet
	telemetry.sdk.version: 1.10.0

Metric Name: dotnet.thread_pool.work_item.count, Description: The number of work items that the thread pool has completed since the process has started., Unit: {work_item}
(2026-05-15T19:33:34.1223994Z, 2026-05-15T19:36:24.1170778Z] LongSum
Value: 158
Instrumentation scope (Meter):
	Name: System.Runtime
Resource associated with Metric:
	service.name: NatureProtector.Simulator.Host
	service.instance.id: bb16b3c1-3cfb-4565-80d7-da89879d6c3b
	telemetry.sdk.name: opentelemetry
	telemetry.sdk.language: dotnet
	telemetry.sdk.version: 1.10.0

Metric Name: dotnet.thread_pool.queue.length, Description: The number of work items that are currently queued to be processed by the thread pool., Unit: {work_item}
(2026-05-15T19:33:34.1224079Z, 2026-05-15T19:36:24.1170780Z] LongSum
Value: 0
Instrumentation scope (Meter):
	Name: System.Runtime
Resource associated with Metric:
	service.name: NatureProtector.Simulator.Host
	service.instance.id: bb16b3c1-3cfb-4565-80d7-da89879d6c3b
	telemetry.sdk.name: opentelemetry
	telemetry.sdk.language: dotnet
	telemetry.sdk.version: 1.10.0

Metric Name: dotnet.timer.count, Description: The number of timer instances that are currently active. An active timer is registered to tick at some point in the future and has not yet been canceled., Unit: {timer}
(2026-05-15T19:33:34.1224139Z, 2026-05-15T19:36:24.1170782Z] LongSumNonMonotonic
Value: 4
Instrumentation scope (Meter):
	Name: System.Runtime
Resource associated with Metric:
	service.name: NatureProtector.Simulator.Host
	service.instance.id: bb16b3c1-3cfb-4565-80d7-da89879d6c3b
	telemetry.sdk.name: opentelemetry
	telemetry.sdk.language: dotnet
	telemetry.sdk.version: 1.10.0

Metric Name: dotnet.assembly.count, Description: The number of .NET assemblies that are currently loaded., Unit: {assembly}
(2026-05-15T19:33:34.1224223Z, 2026-05-15T19:36:24.1170784Z] LongSumNonMonotonic
Value: 105
Instrumentation scope (Meter):
	Name: System.Runtime
Resource associated with Metric:
	service.name: NatureProtector.Simulator.Host
	service.instance.id: bb16b3c1-3cfb-4565-80d7-da89879d6c3b
	telemetry.sdk.name: opentelemetry
	telemetry.sdk.language: dotnet
	telemetry.sdk.version: 1.10.0

Metric Name: dotnet.process.cpu.count, Description: The number of processors available to the process., Unit: {cpu}
(2026-05-15T19:33:34.1259575Z, 2026-05-15T19:36:24.1170788Z] LongSumNonMonotonic
Value: 16
Instrumentation scope (Meter):
	Name: System.Runtime
Resource associated with Metric:
	service.name: NatureProtector.Simulator.Host
	service.instance.id: bb16b3c1-3cfb-4565-80d7-da89879d6c3b
	telemetry.sdk.name: opentelemetry
	telemetry.sdk.language: dotnet
	telemetry.sdk.version: 1.10.0

Metric Name: dotnet.process.cpu.time, Description: CPU time used by the process., Unit: s
(2026-05-15T19:33:34.1259807Z, 2026-05-15T19:36:24.1170790Z] cpu.mode: user DoubleSum
Value: 2.171875
Instrumentation scope (Meter):
	Name: System.Runtime
Resource associated with Metric:
	service.name: NatureProtector.Simulator.Host
	service.instance.id: bb16b3c1-3cfb-4565-80d7-da89879d6c3b
	telemetry.sdk.name: opentelemetry
	telemetry.sdk.language: dotnet
	telemetry.sdk.version: 1.10.0
(2026-05-15T19:33:34.1259807Z, 2026-05-15T19:36:24.1170790Z] cpu.mode: system DoubleSum
Value: 0.703125
Instrumentation scope (Meter):
	Name: System.Runtime
Resource associated with Metric:
	service.name: NatureProtector.Simulator.Host
	service.instance.id: bb16b3c1-3cfb-4565-80d7-da89879d6c3b
	telemetry.sdk.name: opentelemetry
	telemetry.sdk.language: dotnet
	telemetry.sdk.version: 1.10.0

Metric Name: natureprotector.simulator.context.creations
(2026-05-15T19:33:34.1402472Z, 2026-05-15T19:36:24.1170792Z] LongSum
Value: 1
Instrumentation scope (Meter):
	Name: NatureProtector.Simulator.Host
Resource associated with Metric:
	service.name: NatureProtector.Simulator.Host
	service.instance.id: bb16b3c1-3cfb-4565-80d7-da89879d6c3b
	telemetry.sdk.name: opentelemetry
	telemetry.sdk.language: dotnet
	telemetry.sdk.version: 1.10.0

Metric Name: natureprotector.simulator.context.creation.duration, Unit: ms
(2026-05-15T19:33:34.1406933Z, 2026-05-15T19:36:24.1170798Z] Histogram
Value: Sum: 1237,8026 Count: 1 Min: 1237,8026 Max: 1237,8026 
(-Infinity,0]:0
(0,5]:0
(5,10]:0
(10,25]:0
(25,50]:0
(50,75]:0
(75,100]:0
(100,250]:0
(250,500]:0
(500,750]:0
(750,1000]:0
(1000,2500]:1
(2500,5000]:0
(5000,7500]:0
(7500,10000]:0
(10000,+Infinity]:0

Instrumentation scope (Meter):
	Name: NatureProtector.Simulator.Host
Resource associated with Metric:
	service.name: NatureProtector.Simulator.Host
	service.instance.id: bb16b3c1-3cfb-4565-80d7-da89879d6c3b
	telemetry.sdk.name: opentelemetry
	telemetry.sdk.language: dotnet
	telemetry.sdk.version: 1.10.0

Metric Name: natureprotector.simulator.runs
(2026-05-15T19:33:34.1407131Z, 2026-05-15T19:36:24.1170802Z] np.outcome: started LongSum
Value: 1
Instrumentation scope (Meter):
	Name: NatureProtector.Simulator.Host
Resource associated with Metric:
	service.name: NatureProtector.Simulator.Host
	service.instance.id: bb16b3c1-3cfb-4565-80d7-da89879d6c3b
	telemetry.sdk.name: opentelemetry
	telemetry.sdk.language: dotnet
	telemetry.sdk.version: 1.10.0
(2026-05-15T19:33:34.1407131Z, 2026-05-15T19:36:24.1170802Z] np.outcome: completed LongSum
Value: 1
Instrumentation scope (Meter):
	Name: NatureProtector.Simulator.Host
Resource associated with Metric:
	service.name: NatureProtector.Simulator.Host
	service.instance.id: bb16b3c1-3cfb-4565-80d7-da89879d6c3b
	telemetry.sdk.name: opentelemetry
	telemetry.sdk.language: dotnet
	telemetry.sdk.version: 1.10.0

Metric Name: natureprotector.simulator.run.duration, Unit: ms
(2026-05-15T19:33:34.1407231Z, 2026-05-15T19:36:24.1170808Z] np.outcome: completed Histogram
Value: Sum: 21764,3145 Count: 1 Min: 21764,3145 Max: 21764,3145 
(-Infinity,0]:0
(0,5]:0
(5,10]:0
(10,25]:0
(25,50]:0
(50,75]:0
(75,100]:0
(100,250]:0
(250,500]:0
(500,750]:0
(750,1000]:0
(1000,2500]:0
(2500,5000]:0
(5000,7500]:0
(7500,10000]:0
(10000,+Infinity]:1

Instrumentation scope (Meter):
	Name: NatureProtector.Simulator.Host
Resource associated with Metric:
	service.name: NatureProtector.Simulator.Host
	service.instance.id: bb16b3c1-3cfb-4565-80d7-da89879d6c3b
	telemetry.sdk.name: opentelemetry
	telemetry.sdk.language: dotnet
	telemetry.sdk.version: 1.10.0

Metric Name: natureprotector.simulator.publish.messages
(2026-05-15T19:33:34.1407299Z, 2026-05-15T19:36:24.1170811Z] LongSum
Value: 30
Instrumentation scope (Meter):
	Name: NatureProtector.Simulator.Host
Resource associated with Metric:
	service.name: NatureProtector.Simulator.Host
	service.instance.id: bb16b3c1-3cfb-4565-80d7-da89879d6c3b
	telemetry.sdk.name: opentelemetry
	telemetry.sdk.language: dotnet
	telemetry.sdk.version: 1.10.0

Metric Name: natureprotector.simulator.publish.batch.size
(2026-05-15T19:33:34.1411579Z, 2026-05-15T19:36:24.1170817Z] Histogram
Value: Sum: 30 Count: 5 Min: 6 Max: 6 
(-Infinity,0]:0
(0,5]:0
(5,10]:5
(10,25]:0
(25,50]:0
(50,75]:0
(75,100]:0
(100,250]:0
(250,500]:0
(500,750]:0
(750,1000]:0
(1000,2500]:0
(2500,5000]:0
(5000,7500]:0
(7500,10000]:0
(10000,+Infinity]:0

Instrumentation scope (Meter):
	Name: NatureProtector.Simulator.Host
Resource associated with Metric:
	service.name: NatureProtector.Simulator.Host
	service.instance.id: bb16b3c1-3cfb-4565-80d7-da89879d6c3b
	telemetry.sdk.name: opentelemetry
	telemetry.sdk.language: dotnet
	telemetry.sdk.version: 1.10.0

Metric Name: natureprotector.simulator.publish.duration, Unit: ms
(2026-05-15T19:33:34.1411747Z, 2026-05-15T19:36:24.1170823Z] Histogram
Value: Sum: 368,4914 Count: 35 Min: 0,0686 Max: 130,9608 
(-Infinity,0]:0
(0,5]:29
(5,10]:0
(10,25]:0
(25,50]:4
(50,75]:0
(75,100]:0
(100,250]:2
(250,500]:0
(500,750]:0
(750,1000]:0
(1000,2500]:0
(2500,5000]:0
(5000,7500]:0
(7500,10000]:0
(10000,+Infinity]:0

Instrumentation scope (Meter):
	Name: NatureProtector.Simulator.Host
Resource associated with Metric:
	service.name: NatureProtector.Simulator.Host
	service.instance.id: bb16b3c1-3cfb-4565-80d7-da89879d6c3b
	telemetry.sdk.name: opentelemetry
	telemetry.sdk.language: dotnet
	telemetry.sdk.version: 1.10.0

Metric Name: dns.lookup.duration, Description: Measures the time taken to perform a DNS lookup., Unit: s
(2026-05-15T19:33:35.0713776Z, 2026-05-15T19:36:24.1170830Z] dns.question.name: localhost Histogram
Value: Sum: 0,007422300000000001 Count: 2 Min: 0,0004333 Max: 0,006989 
(-Infinity,0,005]:1
(0,005,0,01]:1
(0,01,0,025]:0
(0,025,0,05]:0
(0,05,0,075]:0
(0,075,0,1]:0
(0,1,0,25]:0
(0,25,0,5]:0
(0,5,0,75]:0
(0,75,1]:0
(1,2,5]:0
(2,5,5]:0
(5,7,5]:0
(7,5,10]:0
(10,+Infinity]:0

Instrumentation scope (Meter):
	Name: System.Net.NameResolution
Resource associated with Metric:
	service.name: NatureProtector.Simulator.Host
	service.instance.id: bb16b3c1-3cfb-4565-80d7-da89879d6c3b
	telemetry.sdk.name: opentelemetry
	telemetry.sdk.language: dotnet
	telemetry.sdk.version: 1.10.0


=== STDERR ===
