=== STDOUT ===
Using launch settings from src\NatureProtector.Simulator.Host\Properties\launchSettings.json...
Building...
C:\Users\Miguel\UNI\6sem\PS\IMP\D\NatureProtector\src\NatureProtector.Shared\NatureProtector.Shared.csproj : warning NU1902: Package 'OpenTelemetry.Exporter.OpenTelemetryProtocol' 1.10.0 has a known moderate severity vulnerability, https://github.com/advisories/GHSA-4625-4j76-fww9 [C:\Users\Miguel\UNI\6sem\PS\IMP\D\NatureProtector\src\NatureProtector.Simulator.Host\NatureProtector.Simulator.Host.csproj]
C:\Users\Miguel\UNI\6sem\PS\IMP\D\NatureProtector\src\NatureProtector.Shared\NatureProtector.Shared.csproj : warning NU1902: Package 'OpenTelemetry.Exporter.OpenTelemetryProtocol' 1.10.0 has a known moderate severity vulnerability, https://github.com/advisories/GHSA-4625-4j76-fww9
info: NatureProtector.Simulator.Host.Services.SimulationRunner[0]
      Simulation runner starting at 05/18/2026 23:15:17 +00:00.
info: Microsoft.Hosting.Lifetime[0]
      Application started. Press Ctrl+C to shut down.
info: Microsoft.Hosting.Lifetime[0]
      Hosting environment: Development
info: Microsoft.Hosting.Lifetime[0]
      Content root path: C:\Users\Miguel\UNI\6sem\PS\IMP\D\NatureProtector\src\NatureProtector.Simulator.Host
info: Microsoft.EntityFrameworkCore.Database.Command[20101]
      Executed DbCommand (32ms) [Parameters=[@___options_AreaId_0='?' (DbType = Guid)], CommandType='Text', CommandTimeout='30']
      SELECT a."Id", a."Code", a."ConfigurationVersionId", a."CountryCode", a."GeometryGeoJson", a."MetadataJson", a."Name"
      FROM control.areas AS a
      WHERE a."Id" = @___options_AreaId_0
      LIMIT 2
info: Microsoft.EntityFrameworkCore.Database.Command[20101]
      Executed DbCommand (27ms) [Parameters=[@___options_ControlPlaneAreaCode_0='?'], CommandType='Text', CommandTimeout='30']
      SELECT a."Id", a."Code", a."ConfigurationVersionId", a."CountryCode", a."GeometryGeoJson", a."MetadataJson", a."Name"
      FROM control.areas AS a
      WHERE a."Code" = @___options_ControlPlaneAreaCode_0
      LIMIT 2
info: Microsoft.EntityFrameworkCore.Database.Command[20101]
      Executed DbCommand (3ms) [Parameters=[@__areaId_0='?' (DbType = Guid), @___options_ControlPlaneScenarioCode_1='?'], CommandType='Text', CommandTimeout='30']
      SELECT s."Id", s."AreaId", s."BaseScenarioId", s."Code", s."ConfigurationVersionId", s."Description", s."Name", s."ParametersJson", s."ScenarioKind"
      FROM control.scenario_definitions AS s
      WHERE s."AreaId" = @__areaId_0 AND s."Code" = @___options_ControlPlaneScenarioCode_1
      LIMIT 2
info: Microsoft.EntityFrameworkCore.Database.Command[20101]
      Executed DbCommand (4ms) [Parameters=[@__area_Id_0='?' (DbType = Guid)], CommandType='Text', CommandTimeout='30']
      SELECT s."Id", s."AltitudeMeters", s."AreaId", s."ConfigurationVersionId", s."GridCellId", s."InstallationProfile", s."IsActive", s."Latitude", s."Longitude", s."Name", s."NetworkId", s."ProfileId", s."Type", s0."Id", s0."AccuracyProfileJson", s0."ConfigurationVersionId", s0."FaultProfileJson", s0."Name", s0."NoiseProfileJson", s0."PublicationPolicyJson", s0."SensorFamily"
      FROM control.sensor_nodes AS s
      INNER JOIN control.sensor_profiles AS s0 ON s."ProfileId" = s0."Id"
      WHERE s."AreaId" = @__area_Id_0 AND s."IsActive"
      ORDER BY s."Name"
Activity.TraceId:            8379de0d4742844cacacafe275999324
Activity.SpanId:             23f5da2a5b8da2cd
Activity.TraceFlags:         Recorded
Activity.ParentSpanId:       b2def54c5e1d909e
Activity.DisplayName:        natureprotector.simulator.context.create_from_postgres
Activity.Kind:               Internal
Activity.StartTime:          2026-05-18T23:15:17.7451782Z
Activity.Duration:           00:00:01.2905210
Activity.Tags:
    np.area_id: b3f4fb84-bf17-5522-a5f3-70fd1212f381
    np.scenario_id: 6034251c-b502-5f7b-a557-7187178cfb04
    np.scenario_code: scenario_b
    np.configuration_version: c03be3d5-1f70-15cb-2fc0-3c86a204a644
    np.outcome: completed
Instrumentation scope (ActivitySource):
    Name: NatureProtector.Simulator.Host
Resource associated with Activity:
    service.name: NatureProtector.Simulator.Host
    service.instance.id: 99000195-66f3-4e33-a516-0db73e038598
    telemetry.sdk.name: opentelemetry
    telemetry.sdk.language: dotnet
    telemetry.sdk.version: 1.10.0

info: NatureProtector.Simulator.Host.Services.SimulationRunner[0]
      Simulation context created | AreaId=b3f4fb84-bf17-5522-a5f3-70fd1212f381 | ScenarioId=6034251c-b502-5f7b-a557-7187178cfb04 | ScenarioCode=scenario_b | ScenarioName=Scenario B - High Risk Proenca-a-Nova | Seed=12345 | Cycles=5 | Interval=5s | DegradationProfile=none
info: Microsoft.EntityFrameworkCore.Database.Command[20101]
      Executed DbCommand (37ms) [Parameters=[@__run_Id_0='?' (DbType = Guid)], CommandType='Text', CommandTimeout='30']
      SELECT s."Id", s."AreaId", s."ConfigurationVersionId", s."CreatedAt", s."EndedAt", s."ExecutionSeed", s."IntervalSeconds", s."LogicalStartTimestamp", s."MetadataJson", s."NumberOfCycles", s."ScenarioCode", s."ScenarioId", s."ScenarioName", s."StartedAt", s."Status"
      FROM control.simulation_runs AS s
      WHERE s."Id" = @__run_Id_0
      LIMIT 2
info: Microsoft.EntityFrameworkCore.Database.Command[20101]
      Executed DbCommand (14ms) [Parameters=[@p0='?' (DbType = Guid), @p1='?' (DbType = Guid), @p2='?' (DbType = Guid), @p3='?' (DbType = DateTime), @p4='?' (DbType = DateTime), @p5='?' (DbType = Int32), @p6='?' (DbType = Int32), @p7='?' (DbType = DateTime), @p8='?', @p9='?' (DbType = Int32), @p10='?', @p11='?' (DbType = Guid), @p12='?', @p13='?' (DbType = DateTime), @p14='?' (DbType = Int32)], CommandType='Text', CommandTimeout='30']
      INSERT INTO control.simulation_runs ("Id", "AreaId", "ConfigurationVersionId", "CreatedAt", "EndedAt", "ExecutionSeed", "IntervalSeconds", "LogicalStartTimestamp", "MetadataJson", "NumberOfCycles", "ScenarioCode", "ScenarioId", "ScenarioName", "StartedAt", "Status")
      VALUES (@p0, @p1, @p2, @p3, @p4, @p5, @p6, @p7, @p8, @p9, @p10, @p11, @p12, @p13, @p14);
info: Microsoft.EntityFrameworkCore.Database.Command[20101]
      Executed DbCommand (1ms) [Parameters=[@__run_Id_0='?' (DbType = Guid)], CommandType='Text', CommandTimeout='30']
      SELECT s."Id", s."AreaId", s."ConfigurationVersionId", s."CreatedAt", s."EndedAt", s."ExecutionSeed", s."IntervalSeconds", s."LogicalStartTimestamp", s."MetadataJson", s."NumberOfCycles", s."ScenarioCode", s."ScenarioId", s."ScenarioName", s."StartedAt", s."Status"
      FROM control.simulation_runs AS s
      WHERE s."Id" = @__run_Id_0
      LIMIT 2
info: Microsoft.EntityFrameworkCore.Database.Command[20101]
      Executed DbCommand (4ms) [Parameters=[@p2='?' (DbType = Guid), @p0='?' (DbType = DateTime), @p1='?' (DbType = Int32)], CommandType='Text', CommandTimeout='30']
      UPDATE control.simulation_runs SET "StartedAt" = @p0, "Status" = @p1
      WHERE "Id" = @p2;
info: NatureProtector.Simulator.Host.Services.SimulationRunner[0]
      Simulation run started | SimulationRunId=d8203d4b-1839-4908-87ef-05633c1f1ae5 | ScenarioId=6034251c-b502-5f7b-a557-7187178cfb04 | ScenarioCode=scenario_b | ScenarioName=Scenario B - High Risk Proenca-a-Nova | DegradationProfile=none | FailureRate=0.05 | NoiseLevel=0.1 | SensorLimit=6 | StartedAt=05/18/2026 23:15:19 +00:00 | LogicalStartTimestamp=09/13/2020 12:00:00 +02:00
info: NatureProtector.Simulator.Host.Services.SimulationRunner[0]
      Starting simulation cycle 1/5 at logical time 09/13/2020 12:00:00 +02:00.
info: NatureProtector.Simulator.Host.Publishing.RabbitMqReadingPublisher[0]
      RabbitMQ publisher connected | Host=localhost | Port=5672 | Exchange=np.events
info: NatureProtector.Simulator.Host.Publishing.RabbitMqReadingPublisher[0]
      Published SensorReadingProduced to RabbitMQ | EventId=557d65b8-f465-4ff9-8eed-3315ff9b02a4 | CorrelationId=d8203d4b1839490887ef05633c1f1ae5-0000-22702eee75aa3cf431abb689bfb9a8bc | SensorId=22702eee-75aa-3cf4-31ab-b689bfb9a8bc | SensorName=pilot-humidity-0001 | Value=24.81403555644864
Activity.TraceId:            8379de0d4742844cacacafe275999324
Activity.SpanId:             1664b39a610d5033
Activity.TraceFlags:         Recorded
Activity.ParentSpanId:       7a623cc8305d8957
Activity.DisplayName:        natureprotector.simulator.publish
Activity.Kind:               Internal
Activity.StartTime:          2026-05-18T23:15:19.4124890Z
Activity.Duration:           00:00:00.1843963
Activity.Tags:
    np.event_id: 557d65b8-f465-4ff9-8eed-3315ff9b02a4
    np.correlation_id: d8203d4b1839490887ef05633c1f1ae5-0000-22702eee75aa3cf431abb689bfb9a8bc
    np.area_id: b3f4fb84-bf17-5522-a5f3-70fd1212f381
    np.simulation_run_id: d8203d4b-1839-4908-87ef-05633c1f1ae5
    np.sensor_id: 22702eee-75aa-3cf4-31ab-b689bfb9a8bc
    np.sensor_name: pilot-humidity-0001
    np.metric_type: Humidity
Instrumentation scope (ActivitySource):
    Name: NatureProtector.Simulator.Host
Resource associated with Activity:
    service.name: NatureProtector.Simulator.Host
    service.instance.id: 99000195-66f3-4e33-a516-0db73e038598
    telemetry.sdk.name: opentelemetry
    telemetry.sdk.language: dotnet
    telemetry.sdk.version: 1.10.0

info: NatureProtector.Simulator.Host.Publishing.RabbitMqReadingPublisher[0]
      Published SensorReadingProduced to RabbitMQ | EventId=68bcef91-4cdb-4ebc-ae7b-a3b6db1df0de | CorrelationId=d8203d4b1839490887ef05633c1f1ae5-0000-2f494582407786f29707780861949155 | SensorId=2f494582-4077-86f2-9707-780861949155 | SensorName=pilot-humidity-0230 | Value=25.305716730680185
Activity.TraceId:            8379de0d4742844cacacafe275999324
Activity.SpanId:             aee52babdfddb3df
Activity.TraceFlags:         Recorded
Activity.ParentSpanId:       7a623cc8305d8957
Activity.DisplayName:        natureprotector.simulator.publish
Activity.Kind:               Internal
Activity.StartTime:          2026-05-18T23:15:19.6005601Z
Activity.Duration:           00:00:00.0003705
Activity.Tags:
    np.event_id: 68bcef91-4cdb-4ebc-ae7b-a3b6db1df0de
    np.correlation_id: d8203d4b1839490887ef05633c1f1ae5-0000-2f494582407786f29707780861949155
    np.area_id: b3f4fb84-bf17-5522-a5f3-70fd1212f381
    np.simulation_run_id: d8203d4b-1839-4908-87ef-05633c1f1ae5
    np.sensor_id: 2f494582-4077-86f2-9707-780861949155
    np.sensor_name: pilot-humidity-0230
    np.metric_type: Humidity
Instrumentation scope (ActivitySource):
    Name: NatureProtector.Simulator.Host
Resource associated with Activity:
    service.name: NatureProtector.Simulator.Host
    service.instance.id: 99000195-66f3-4e33-a516-0db73e038598
    telemetry.sdk.name: opentelemetry
    telemetry.sdk.language: dotnet
    telemetry.sdk.version: 1.10.0

info: NatureProtector.Simulator.Host.Publishing.RabbitMqReadingPublisher[0]
      Published SensorReadingProduced to RabbitMQ | EventId=1bb0e60b-5960-4b01-8f6e-6d167b74a761 | CorrelationId=d8203d4b1839490887ef05633c1f1ae5-0000-27bf9aad094f7dc645b2129a8cc0522e | SensorId=27bf9aad-094f-7dc6-45b2-129a8cc0522e | SensorName=pilot-temperature-0001 | Value=30.789652754845868
Activity.TraceId:            8379de0d4742844cacacafe275999324
Activity.SpanId:             0d3e52e653371686
Activity.TraceFlags:         Recorded
Activity.ParentSpanId:       7a623cc8305d8957
Activity.DisplayName:        natureprotector.simulator.publish
Activity.Kind:               Internal
Activity.StartTime:          2026-05-18T23:15:19.6036730Z
Activity.Duration:           00:00:00.0001215
Activity.Tags:
    np.event_id: 1bb0e60b-5960-4b01-8f6e-6d167b74a761
    np.correlation_id: d8203d4b1839490887ef05633c1f1ae5-0000-27bf9aad094f7dc645b2129a8cc0522e
    np.area_id: b3f4fb84-bf17-5522-a5f3-70fd1212f381
    np.simulation_run_id: d8203d4b-1839-4908-87ef-05633c1f1ae5
    np.sensor_id: 27bf9aad-094f-7dc6-45b2-129a8cc0522e
    np.sensor_name: pilot-temperature-0001
    np.metric_type: Temperature
Instrumentation scope (ActivitySource):
    Name: NatureProtector.Simulator.Host
Resource associated with Activity:
    service.name: NatureProtector.Simulator.Host
    service.instance.id: 99000195-66f3-4e33-a516-0db73e038598
    telemetry.sdk.name: opentelemetry
    telemetry.sdk.language: dotnet
    telemetry.sdk.version: 1.10.0

info: NatureProtector.Simulator.Host.Publishing.RabbitMqReadingPublisher[0]
      Published SensorReadingProduced to RabbitMQ | EventId=af0e311b-0cf5-418c-982c-c9db45072de5 | CorrelationId=d8203d4b1839490887ef05633c1f1ae5-0000-8e6a3d8a7e654fa58c51fa4597b203b8 | SensorId=8e6a3d8a-7e65-4fa5-8c51-fa4597b203b8 | SensorName=pilot-temperature-0230 | Value=30.96628688227678
Activity.TraceId:            8379de0d4742844cacacafe275999324
Activity.SpanId:             d647c5e01d56137b
Activity.TraceFlags:         Recorded
Activity.ParentSpanId:       7a623cc8305d8957
Activity.DisplayName:        natureprotector.simulator.publish
Activity.Kind:               Internal
Activity.StartTime:          2026-05-18T23:15:19.6065868Z
Activity.Duration:           00:00:00.0000822
Activity.Tags:
    np.event_id: af0e311b-0cf5-418c-982c-c9db45072de5
    np.correlation_id: d8203d4b1839490887ef05633c1f1ae5-0000-8e6a3d8a7e654fa58c51fa4597b203b8
    np.area_id: b3f4fb84-bf17-5522-a5f3-70fd1212f381
    np.simulation_run_id: d8203d4b-1839-4908-87ef-05633c1f1ae5
    np.sensor_id: 8e6a3d8a-7e65-4fa5-8c51-fa4597b203b8
    np.sensor_name: pilot-temperature-0230
    np.metric_type: Temperature
Instrumentation scope (ActivitySource):
    Name: NatureProtector.Simulator.Host
Resource associated with Activity:
    service.name: NatureProtector.Simulator.Host
    service.instance.id: 99000195-66f3-4e33-a516-0db73e038598
    telemetry.sdk.name: opentelemetry
    telemetry.sdk.language: dotnet
    telemetry.sdk.version: 1.10.0

info: NatureProtector.Simulator.Host.Publishing.RabbitMqReadingPublisher[0]
      Published SensorReadingProduced to RabbitMQ | EventId=fad53420-d2ea-41c1-85d9-277e10c30dff | CorrelationId=d8203d4b1839490887ef05633c1f1ae5-0000-e7660606cadd4212e67b574c09ef789a | SensorId=e7660606-cadd-4212-e67b-574c09ef789a | SensorName=pilot-wind-0001 | Value=3.5852442652197762
Activity.TraceId:            8379de0d4742844cacacafe275999324
Activity.SpanId:             85c7c838c9207ce4
Activity.TraceFlags:         Recorded
Activity.ParentSpanId:       7a623cc8305d8957
Activity.DisplayName:        natureprotector.simulator.publish
Activity.Kind:               Internal
Activity.StartTime:          2026-05-18T23:15:19.6097309Z
Activity.Duration:           00:00:00.0001588
Activity.Tags:
    np.event_id: fad53420-d2ea-41c1-85d9-277e10c30dff
    np.correlation_id: d8203d4b1839490887ef05633c1f1ae5-0000-e7660606cadd4212e67b574c09ef789a
    np.area_id: b3f4fb84-bf17-5522-a5f3-70fd1212f381
    np.simulation_run_id: d8203d4b-1839-4908-87ef-05633c1f1ae5
    np.sensor_id: e7660606-cadd-4212-e67b-574c09ef789a
    np.sensor_name: pilot-wind-0001
    np.metric_type: WindSpeed
Instrumentation scope (ActivitySource):
    Name: NatureProtector.Simulator.Host
Resource associated with Activity:
    service.name: NatureProtector.Simulator.Host
    service.instance.id: 99000195-66f3-4e33-a516-0db73e038598
    telemetry.sdk.name: opentelemetry
    telemetry.sdk.language: dotnet
    telemetry.sdk.version: 1.10.0

info: NatureProtector.Simulator.Host.Publishing.RabbitMqReadingPublisher[0]
      Published SensorReadingProduced to RabbitMQ | EventId=a08f63dc-85dd-4dfe-945f-6fc11ec9704c | CorrelationId=d8203d4b1839490887ef05633c1f1ae5-0000-17badc17792017acc213db1c12bedfb2 | SensorId=17badc17-7920-17ac-c213-db1c12bedfb2 | SensorName=pilot-wind-0230 | Value=3.9683613898364647
Activity.TraceId:            8379de0d4742844cacacafe275999324
Activity.SpanId:             910f75dc87eda283
Activity.TraceFlags:         Recorded
Activity.ParentSpanId:       7a623cc8305d8957
Activity.DisplayName:        natureprotector.simulator.publish
Activity.Kind:               Internal
Activity.StartTime:          2026-05-18T23:15:19.6128486Z
Activity.Duration:           00:00:00.0001345
Activity.Tags:
    np.event_id: a08f63dc-85dd-4dfe-945f-6fc11ec9704c
    np.correlation_id: d8203d4b1839490887ef05633c1f1ae5-0000-17badc17792017acc213db1c12bedfb2
    np.area_id: b3f4fb84-bf17-5522-a5f3-70fd1212f381
    np.simulation_run_id: d8203d4b-1839-4908-87ef-05633c1f1ae5
    np.sensor_id: 17badc17-7920-17ac-c213-db1c12bedfb2
    np.sensor_name: pilot-wind-0230
    np.metric_type: WindSpeed
Instrumentation scope (ActivitySource):
    Name: NatureProtector.Simulator.Host
Resource associated with Activity:
    service.name: NatureProtector.Simulator.Host
    service.instance.id: 99000195-66f3-4e33-a516-0db73e038598
    telemetry.sdk.name: opentelemetry
    telemetry.sdk.language: dotnet
    telemetry.sdk.version: 1.10.0

Activity.TraceId:            8379de0d4742844cacacafe275999324
Activity.SpanId:             7a623cc8305d8957
Activity.TraceFlags:         Recorded
Activity.ParentSpanId:       b2def54c5e1d909e
Activity.DisplayName:        natureprotector.simulator.cycle
Activity.Kind:               Internal
Activity.StartTime:          2026-05-18T23:15:19.4073919Z
Activity.Duration:           00:00:05.2195258
Activity.Tags:
    np.simulation_run_id: d8203d4b-1839-4908-87ef-05633c1f1ae5
    np.area_id: b3f4fb84-bf17-5522-a5f3-70fd1212f381
    np.scenario_id: 6034251c-b502-5f7b-a557-7187178cfb04
Instrumentation scope (ActivitySource):
    Name: NatureProtector.Simulator.Host
Resource associated with Activity:
    service.name: NatureProtector.Simulator.Host
    service.instance.id: 99000195-66f3-4e33-a516-0db73e038598
    telemetry.sdk.name: opentelemetry
    telemetry.sdk.language: dotnet
    telemetry.sdk.version: 1.10.0

info: NatureProtector.Simulator.Host.Services.SimulationRunner[0]
      Starting simulation cycle 2/5 at logical time 09/13/2020 12:00:05 +02:00.
info: NatureProtector.Simulator.Host.Publishing.RabbitMqReadingPublisher[0]
      Published SensorReadingProduced to RabbitMQ | EventId=c12e9c66-bb41-4ea9-b980-3c2bd8773c6c | CorrelationId=d8203d4b1839490887ef05633c1f1ae5-0001-22702eee75aa3cf431abb689bfb9a8bc | SensorId=22702eee-75aa-3cf4-31ab-b689bfb9a8bc | SensorName=pilot-humidity-0001 | Value=23.69565386056258
Activity.TraceId:            8379de0d4742844cacacafe275999324
Activity.SpanId:             7b4030e652ac0e34
Activity.TraceFlags:         Recorded
Activity.ParentSpanId:       03e495bc4cd5d95f
Activity.DisplayName:        natureprotector.simulator.publish
Activity.Kind:               Internal
Activity.StartTime:          2026-05-18T23:15:24.6293641Z
Activity.Duration:           00:00:00.0001401
Activity.Tags:
    np.event_id: c12e9c66-bb41-4ea9-b980-3c2bd8773c6c
    np.correlation_id: d8203d4b1839490887ef05633c1f1ae5-0001-22702eee75aa3cf431abb689bfb9a8bc
    np.area_id: b3f4fb84-bf17-5522-a5f3-70fd1212f381
    np.simulation_run_id: d8203d4b-1839-4908-87ef-05633c1f1ae5
    np.sensor_id: 22702eee-75aa-3cf4-31ab-b689bfb9a8bc
    np.sensor_name: pilot-humidity-0001
    np.metric_type: Humidity
Instrumentation scope (ActivitySource):
    Name: NatureProtector.Simulator.Host
Resource associated with Activity:
    service.name: NatureProtector.Simulator.Host
    service.instance.id: 99000195-66f3-4e33-a516-0db73e038598
    telemetry.sdk.name: opentelemetry
    telemetry.sdk.language: dotnet
    telemetry.sdk.version: 1.10.0

info: NatureProtector.Simulator.Host.Publishing.RabbitMqReadingPublisher[0]
      Published SensorReadingProduced to RabbitMQ | EventId=bdf6a26e-cd79-4456-8871-b248a55c799c | CorrelationId=d8203d4b1839490887ef05633c1f1ae5-0001-2f494582407786f29707780861949155 | SensorId=2f494582-4077-86f2-9707-780861949155 | SensorName=pilot-humidity-0230 | Value=23.90755919746036
Activity.TraceId:            8379de0d4742844cacacafe275999324
Activity.SpanId:             be226c38c67d744f
Activity.TraceFlags:         Recorded
Activity.ParentSpanId:       03e495bc4cd5d95f
Activity.DisplayName:        natureprotector.simulator.publish
Activity.Kind:               Internal
Activity.StartTime:          2026-05-18T23:15:24.6325234Z
Activity.Duration:           00:00:00.0001464
Activity.Tags:
    np.event_id: bdf6a26e-cd79-4456-8871-b248a55c799c
    np.correlation_id: d8203d4b1839490887ef05633c1f1ae5-0001-2f494582407786f29707780861949155
    np.area_id: b3f4fb84-bf17-5522-a5f3-70fd1212f381
    np.simulation_run_id: d8203d4b-1839-4908-87ef-05633c1f1ae5
    np.sensor_id: 2f494582-4077-86f2-9707-780861949155
    np.sensor_name: pilot-humidity-0230
    np.metric_type: Humidity
Instrumentation scope (ActivitySource):
    Name: NatureProtector.Simulator.Host
Resource associated with Activity:
    service.name: NatureProtector.Simulator.Host
    service.instance.id: 99000195-66f3-4e33-a516-0db73e038598
    telemetry.sdk.name: opentelemetry
    telemetry.sdk.language: dotnet
    telemetry.sdk.version: 1.10.0

info: NatureProtector.Simulator.Host.Publishing.RabbitMqReadingPublisher[0]
      Published SensorReadingProduced to RabbitMQ | EventId=fa9d7653-aa54-4e14-9a9a-97f125c51438 | CorrelationId=d8203d4b1839490887ef05633c1f1ae5-0001-27bf9aad094f7dc645b2129a8cc0522e | SensorId=27bf9aad-094f-7dc6-45b2-129a8cc0522e | SensorName=pilot-temperature-0001 | Value=31.59738090008948
Activity.TraceId:            8379de0d4742844cacacafe275999324
Activity.SpanId:             918e245576e66b57
Activity.TraceFlags:         Recorded
Activity.ParentSpanId:       03e495bc4cd5d95f
Activity.DisplayName:        natureprotector.simulator.publish
Activity.Kind:               Internal
Activity.StartTime:          2026-05-18T23:15:24.6353524Z
Activity.Duration:           00:00:00.0001228
Activity.Tags:
    np.event_id: fa9d7653-aa54-4e14-9a9a-97f125c51438
    np.correlation_id: d8203d4b1839490887ef05633c1f1ae5-0001-27bf9aad094f7dc645b2129a8cc0522e
    np.area_id: b3f4fb84-bf17-5522-a5f3-70fd1212f381
    np.simulation_run_id: d8203d4b-1839-4908-87ef-05633c1f1ae5
    np.sensor_id: 27bf9aad-094f-7dc6-45b2-129a8cc0522e
    np.sensor_name: pilot-temperature-0001
    np.metric_type: Temperature
Instrumentation scope (ActivitySource):
    Name: NatureProtector.Simulator.Host
Resource associated with Activity:
    service.name: NatureProtector.Simulator.Host
    service.instance.id: 99000195-66f3-4e33-a516-0db73e038598
    telemetry.sdk.name: opentelemetry
    telemetry.sdk.language: dotnet
    telemetry.sdk.version: 1.10.0

info: NatureProtector.Simulator.Host.Publishing.RabbitMqReadingPublisher[0]
      Published SensorReadingProduced to RabbitMQ | EventId=0e8321fe-240d-4163-9335-4172ca95ab22 | CorrelationId=d8203d4b1839490887ef05633c1f1ae5-0001-8e6a3d8a7e654fa58c51fa4597b203b8 | SensorId=8e6a3d8a-7e65-4fa5-8c51-fa4597b203b8 | SensorName=pilot-temperature-0230 | Value=31.508427457958796
Activity.TraceId:            8379de0d4742844cacacafe275999324
Activity.SpanId:             ba3e7cbc7211c909
Activity.TraceFlags:         Recorded
Activity.ParentSpanId:       03e495bc4cd5d95f
Activity.DisplayName:        natureprotector.simulator.publish
Activity.Kind:               Internal
Activity.StartTime:          2026-05-18T23:15:24.6382385Z
Activity.Duration:           00:00:00.0000994
Activity.Tags:
    np.event_id: 0e8321fe-240d-4163-9335-4172ca95ab22
    np.correlation_id: d8203d4b1839490887ef05633c1f1ae5-0001-8e6a3d8a7e654fa58c51fa4597b203b8
    np.area_id: b3f4fb84-bf17-5522-a5f3-70fd1212f381
    np.simulation_run_id: d8203d4b-1839-4908-87ef-05633c1f1ae5
    np.sensor_id: 8e6a3d8a-7e65-4fa5-8c51-fa4597b203b8
    np.sensor_name: pilot-temperature-0230
    np.metric_type: Temperature
Instrumentation scope (ActivitySource):
    Name: NatureProtector.Simulator.Host
Resource associated with Activity:
    service.name: NatureProtector.Simulator.Host
    service.instance.id: 99000195-66f3-4e33-a516-0db73e038598
    telemetry.sdk.name: opentelemetry
    telemetry.sdk.language: dotnet
    telemetry.sdk.version: 1.10.0

info: NatureProtector.Simulator.Host.Publishing.RabbitMqReadingPublisher[0]
      Published SensorReadingProduced to RabbitMQ | EventId=7c50a662-84b7-4e46-b000-99e6ed879ead | CorrelationId=d8203d4b1839490887ef05633c1f1ae5-0001-e7660606cadd4212e67b574c09ef789a | SensorId=e7660606-cadd-4212-e67b-574c09ef789a | SensorName=pilot-wind-0001 | Value=4.430115251917795
Activity.TraceId:            8379de0d4742844cacacafe275999324
Activity.SpanId:             94895bedd3b6de0c
Activity.TraceFlags:         Recorded
Activity.ParentSpanId:       03e495bc4cd5d95f
Activity.DisplayName:        natureprotector.simulator.publish
Activity.Kind:               Internal
Activity.StartTime:          2026-05-18T23:15:24.6411907Z
Activity.Duration:           00:00:00.0001429
Activity.Tags:
    np.event_id: 7c50a662-84b7-4e46-b000-99e6ed879ead
    np.correlation_id: d8203d4b1839490887ef05633c1f1ae5-0001-e7660606cadd4212e67b574c09ef789a
    np.area_id: b3f4fb84-bf17-5522-a5f3-70fd1212f381
    np.simulation_run_id: d8203d4b-1839-4908-87ef-05633c1f1ae5
    np.sensor_id: e7660606-cadd-4212-e67b-574c09ef789a
    np.sensor_name: pilot-wind-0001
    np.metric_type: WindSpeed
Instrumentation scope (ActivitySource):
    Name: NatureProtector.Simulator.Host
Resource associated with Activity:
    service.name: NatureProtector.Simulator.Host
    service.instance.id: 99000195-66f3-4e33-a516-0db73e038598
    telemetry.sdk.name: opentelemetry
    telemetry.sdk.language: dotnet
    telemetry.sdk.version: 1.10.0

info: NatureProtector.Simulator.Host.Publishing.RabbitMqReadingPublisher[0]
      Published SensorReadingProduced to RabbitMQ | EventId=a367b6a7-b423-45b9-b4cb-f277c1079a50 | CorrelationId=d8203d4b1839490887ef05633c1f1ae5-0001-17badc17792017acc213db1c12bedfb2 | SensorId=17badc17-7920-17ac-c213-db1c12bedfb2 | SensorName=pilot-wind-0230 | Value=4.445801398514095
Activity.TraceId:            8379de0d4742844cacacafe275999324
Activity.SpanId:             d9f724ee0f8c504d
Activity.TraceFlags:         Recorded
Activity.ParentSpanId:       03e495bc4cd5d95f
Activity.DisplayName:        natureprotector.simulator.publish
Activity.Kind:               Internal
Activity.StartTime:          2026-05-18T23:15:24.6444259Z
Activity.Duration:           00:00:00.0001890
Activity.Tags:
    np.event_id: a367b6a7-b423-45b9-b4cb-f277c1079a50
    np.correlation_id: d8203d4b1839490887ef05633c1f1ae5-0001-17badc17792017acc213db1c12bedfb2
    np.area_id: b3f4fb84-bf17-5522-a5f3-70fd1212f381
    np.simulation_run_id: d8203d4b-1839-4908-87ef-05633c1f1ae5
    np.sensor_id: 17badc17-7920-17ac-c213-db1c12bedfb2
    np.sensor_name: pilot-wind-0230
    np.metric_type: WindSpeed
Instrumentation scope (ActivitySource):
    Name: NatureProtector.Simulator.Host
Resource associated with Activity:
    service.name: NatureProtector.Simulator.Host
    service.instance.id: 99000195-66f3-4e33-a516-0db73e038598
    telemetry.sdk.name: opentelemetry
    telemetry.sdk.language: dotnet
    telemetry.sdk.version: 1.10.0


Metric Name: process.memory.usage, Description: The amount of physical memory in use., Unit: By
(2026-05-18T23:15:17.7125745Z, 2026-05-18T23:15:27.7212974Z] LongSumNonMonotonic
Value: 109469696
Instrumentation scope (Meter):
	Name: OpenTelemetry.Instrumentation.Process
	Version: 1.10.0-beta.1
Resource associated with Metric:
	service.name: NatureProtector.Simulator.Host
	service.instance.id: 99000195-66f3-4e33-a516-0db73e038598
	telemetry.sdk.name: opentelemetry
	telemetry.sdk.language: dotnet
	telemetry.sdk.version: 1.10.0

Metric Name: process.memory.virtual, Description: The amount of committed virtual memory., Unit: By
(2026-05-18T23:15:17.7139758Z, 2026-05-18T23:15:27.7213883Z] LongSumNonMonotonic
Value: 2481007976448
Instrumentation scope (Meter):
	Name: OpenTelemetry.Instrumentation.Process
	Version: 1.10.0-beta.1
Resource associated with Metric:
	service.name: NatureProtector.Simulator.Host
	service.instance.id: 99000195-66f3-4e33-a516-0db73e038598
	telemetry.sdk.name: opentelemetry
	telemetry.sdk.language: dotnet
	telemetry.sdk.version: 1.10.0

Metric Name: process.cpu.time, Description: Total CPU seconds broken down by different states., Unit: s
(2026-05-18T23:15:17.7142181Z, 2026-05-18T23:15:27.7214225Z] process.cpu.state: user DoubleSum
Value: 1.953125
Instrumentation scope (Meter):
	Name: OpenTelemetry.Instrumentation.Process
	Version: 1.10.0-beta.1
Resource associated with Metric:
	service.name: NatureProtector.Simulator.Host
	service.instance.id: 99000195-66f3-4e33-a516-0db73e038598
	telemetry.sdk.name: opentelemetry
	telemetry.sdk.language: dotnet
	telemetry.sdk.version: 1.10.0
(2026-05-18T23:15:17.7142181Z, 2026-05-18T23:15:27.7214225Z] process.cpu.state: system DoubleSum
Value: 0.125
Instrumentation scope (Meter):
	Name: OpenTelemetry.Instrumentation.Process
	Version: 1.10.0-beta.1
Resource associated with Metric:
	service.name: NatureProtector.Simulator.Host
	service.instance.id: 99000195-66f3-4e33-a516-0db73e038598
	telemetry.sdk.name: opentelemetry
	telemetry.sdk.language: dotnet
	telemetry.sdk.version: 1.10.0

Metric Name: process.cpu.count, Description: The number of processors (CPU cores) available to the current process., Unit: {processors}
(2026-05-18T23:15:17.7142417Z, 2026-05-18T23:15:27.7214234Z] LongSumNonMonotonic
Value: 16
Instrumentation scope (Meter):
	Name: OpenTelemetry.Instrumentation.Process
	Version: 1.10.0-beta.1
Resource associated with Metric:
	service.name: NatureProtector.Simulator.Host
	service.instance.id: 99000195-66f3-4e33-a516-0db73e038598
	telemetry.sdk.name: opentelemetry
	telemetry.sdk.language: dotnet
	telemetry.sdk.version: 1.10.0

Metric Name: process.thread.count, Description: Process threads count., Unit: {thread}
(2026-05-18T23:15:17.7142551Z, 2026-05-18T23:15:27.7214242Z] LongSumNonMonotonic
Value: 23
Instrumentation scope (Meter):
	Name: OpenTelemetry.Instrumentation.Process
	Version: 1.10.0-beta.1
Resource associated with Metric:
	service.name: NatureProtector.Simulator.Host
	service.instance.id: 99000195-66f3-4e33-a516-0db73e038598
	telemetry.sdk.name: opentelemetry
	telemetry.sdk.language: dotnet
	telemetry.sdk.version: 1.10.0

Metric Name: dotnet.gc.collections, Description: The number of garbage collections that have occurred since the process has started., Unit: {collection}
(2026-05-18T23:15:17.7142659Z, 2026-05-18T23:15:27.7214254Z] gc.heap.generation: gen2 LongSum
Value: 1
Instrumentation scope (Meter):
	Name: System.Runtime
Resource associated with Metric:
	service.name: NatureProtector.Simulator.Host
	service.instance.id: 99000195-66f3-4e33-a516-0db73e038598
	telemetry.sdk.name: opentelemetry
	telemetry.sdk.language: dotnet
	telemetry.sdk.version: 1.10.0
(2026-05-18T23:15:17.7142659Z, 2026-05-18T23:15:27.7214254Z] gc.heap.generation: gen1 LongSum
Value: 1
Instrumentation scope (Meter):
	Name: System.Runtime
Resource associated with Metric:
	service.name: NatureProtector.Simulator.Host
	service.instance.id: 99000195-66f3-4e33-a516-0db73e038598
	telemetry.sdk.name: opentelemetry
	telemetry.sdk.language: dotnet
	telemetry.sdk.version: 1.10.0
(2026-05-18T23:15:17.7142659Z, 2026-05-18T23:15:27.7214254Z] gc.heap.generation: gen0 LongSum
Value: 3
Instrumentation scope (Meter):
	Name: System.Runtime
Resource associated with Metric:
	service.name: NatureProtector.Simulator.Host
	service.instance.id: 99000195-66f3-4e33-a516-0db73e038598
	telemetry.sdk.name: opentelemetry
	telemetry.sdk.language: dotnet
	telemetry.sdk.version: 1.10.0

Metric Name: dotnet.process.memory.working_set, Description: The number of bytes of physical memory mapped to the process context., Unit: By
(2026-05-18T23:15:17.7142806Z, 2026-05-18T23:15:27.7214258Z] LongSumNonMonotonic
Value: 108437504
Instrumentation scope (Meter):
	Name: System.Runtime
Resource associated with Metric:
	service.name: NatureProtector.Simulator.Host
	service.instance.id: 99000195-66f3-4e33-a516-0db73e038598
	telemetry.sdk.name: opentelemetry
	telemetry.sdk.language: dotnet
	telemetry.sdk.version: 1.10.0

Metric Name: dotnet.gc.heap.total_allocated, Description: The approximate number of bytes allocated on the managed GC heap since the process has started. The returned value does not include any native allocations., Unit: By
(2026-05-18T23:15:17.7142896Z, 2026-05-18T23:15:27.7214262Z] LongSum
Value: 42607784
Instrumentation scope (Meter):
	Name: System.Runtime
Resource associated with Metric:
	service.name: NatureProtector.Simulator.Host
	service.instance.id: 99000195-66f3-4e33-a516-0db73e038598
	telemetry.sdk.name: opentelemetry
	telemetry.sdk.language: dotnet
	telemetry.sdk.version: 1.10.0

Metric Name: dotnet.gc.last_collection.memory.committed_size, Description: The amount of committed virtual memory in use by the .NET GC, as observed during the latest garbage collection., Unit: By
(2026-05-18T23:15:17.7142989Z, 2026-05-18T23:15:27.7214269Z] LongSumNonMonotonic
Value: 20840448
Instrumentation scope (Meter):
	Name: System.Runtime
Resource associated with Metric:
	service.name: NatureProtector.Simulator.Host
	service.instance.id: 99000195-66f3-4e33-a516-0db73e038598
	telemetry.sdk.name: opentelemetry
	telemetry.sdk.language: dotnet
	telemetry.sdk.version: 1.10.0

Metric Name: dotnet.gc.last_collection.heap.size, Description: The managed GC heap size (including fragmentation), as observed during the latest garbage collection., Unit: By
(2026-05-18T23:15:17.7143135Z, 2026-05-18T23:15:27.7214278Z] gc.heap.generation: gen0 LongSumNonMonotonic
Value: 0
Instrumentation scope (Meter):
	Name: System.Runtime
Resource associated with Metric:
	service.name: NatureProtector.Simulator.Host
	service.instance.id: 99000195-66f3-4e33-a516-0db73e038598
	telemetry.sdk.name: opentelemetry
	telemetry.sdk.language: dotnet
	telemetry.sdk.version: 1.10.0
(2026-05-18T23:15:17.7143135Z, 2026-05-18T23:15:27.7214278Z] gc.heap.generation: gen1 LongSumNonMonotonic
Value: 10039944
Instrumentation scope (Meter):
	Name: System.Runtime
Resource associated with Metric:
	service.name: NatureProtector.Simulator.Host
	service.instance.id: 99000195-66f3-4e33-a516-0db73e038598
	telemetry.sdk.name: opentelemetry
	telemetry.sdk.language: dotnet
	telemetry.sdk.version: 1.10.0
(2026-05-18T23:15:17.7143135Z, 2026-05-18T23:15:27.7214278Z] gc.heap.generation: gen2 LongSumNonMonotonic
Value: 906096
Instrumentation scope (Meter):
	Name: System.Runtime
Resource associated with Metric:
	service.name: NatureProtector.Simulator.Host
	service.instance.id: 99000195-66f3-4e33-a516-0db73e038598
	telemetry.sdk.name: opentelemetry
	telemetry.sdk.language: dotnet
	telemetry.sdk.version: 1.10.0
(2026-05-18T23:15:17.7143135Z, 2026-05-18T23:15:27.7214278Z] gc.heap.generation: loh LongSumNonMonotonic
Value: 6986640
Instrumentation scope (Meter):
	Name: System.Runtime
Resource associated with Metric:
	service.name: NatureProtector.Simulator.Host
	service.instance.id: 99000195-66f3-4e33-a516-0db73e038598
	telemetry.sdk.name: opentelemetry
	telemetry.sdk.language: dotnet
	telemetry.sdk.version: 1.10.0
(2026-05-18T23:15:17.7143135Z, 2026-05-18T23:15:27.7214278Z] gc.heap.generation: poh LongSumNonMonotonic
Value: 58240
Instrumentation scope (Meter):
	Name: System.Runtime
Resource associated with Metric:
	service.name: NatureProtector.Simulator.Host
	service.instance.id: 99000195-66f3-4e33-a516-0db73e038598
	telemetry.sdk.name: opentelemetry
	telemetry.sdk.language: dotnet
	telemetry.sdk.version: 1.10.0

Metric Name: dotnet.gc.last_collection.heap.fragmentation.size, Description: The heap fragmentation, as observed during the latest garbage collection., Unit: By
(2026-05-18T23:15:17.7143251Z, 2026-05-18T23:15:27.7214284Z] gc.heap.generation: gen0 LongSumNonMonotonic
Value: 0
Instrumentation scope (Meter):
	Name: System.Runtime
Resource associated with Metric:
	service.name: NatureProtector.Simulator.Host
	service.instance.id: 99000195-66f3-4e33-a516-0db73e038598
	telemetry.sdk.name: opentelemetry
	telemetry.sdk.language: dotnet
	telemetry.sdk.version: 1.10.0
(2026-05-18T23:15:17.7143251Z, 2026-05-18T23:15:27.7214284Z] gc.heap.generation: gen1 LongSumNonMonotonic
Value: 4145912
Instrumentation scope (Meter):
	Name: System.Runtime
Resource associated with Metric:
	service.name: NatureProtector.Simulator.Host
	service.instance.id: 99000195-66f3-4e33-a516-0db73e038598
	telemetry.sdk.name: opentelemetry
	telemetry.sdk.language: dotnet
	telemetry.sdk.version: 1.10.0
(2026-05-18T23:15:17.7143251Z, 2026-05-18T23:15:27.7214284Z] gc.heap.generation: gen2 LongSumNonMonotonic
Value: 0
Instrumentation scope (Meter):
	Name: System.Runtime
Resource associated with Metric:
	service.name: NatureProtector.Simulator.Host
	service.instance.id: 99000195-66f3-4e33-a516-0db73e038598
	telemetry.sdk.name: opentelemetry
	telemetry.sdk.language: dotnet
	telemetry.sdk.version: 1.10.0
(2026-05-18T23:15:17.7143251Z, 2026-05-18T23:15:27.7214284Z] gc.heap.generation: loh LongSumNonMonotonic
Value: 1120
Instrumentation scope (Meter):
	Name: System.Runtime
Resource associated with Metric:
	service.name: NatureProtector.Simulator.Host
	service.instance.id: 99000195-66f3-4e33-a516-0db73e038598
	telemetry.sdk.name: opentelemetry
	telemetry.sdk.language: dotnet
	telemetry.sdk.version: 1.10.0
(2026-05-18T23:15:17.7143251Z, 2026-05-18T23:15:27.7214284Z] gc.heap.generation: poh LongSumNonMonotonic
Value: 0
Instrumentation scope (Meter):
	Name: System.Runtime
Resource associated with Metric:
	service.name: NatureProtector.Simulator.Host
	service.instance.id: 99000195-66f3-4e33-a516-0db73e038598
	telemetry.sdk.name: opentelemetry
	telemetry.sdk.language: dotnet
	telemetry.sdk.version: 1.10.0

Metric Name: dotnet.gc.pause.time, Description: The total amount of time paused in GC since the process has started., Unit: s
(2026-05-18T23:15:17.7143358Z, 2026-05-18T23:15:27.7214291Z] DoubleSum
Value: 0.023682
Instrumentation scope (Meter):
	Name: System.Runtime
Resource associated with Metric:
	service.name: NatureProtector.Simulator.Host
	service.instance.id: 99000195-66f3-4e33-a516-0db73e038598
	telemetry.sdk.name: opentelemetry
	telemetry.sdk.language: dotnet
	telemetry.sdk.version: 1.10.0

Metric Name: dotnet.jit.compiled_il.size, Description: Count of bytes of intermediate language that have been compiled since the process has started., Unit: By
(2026-05-18T23:15:17.7143485Z, 2026-05-18T23:15:27.7214300Z] LongSum
Value: 1029635
Instrumentation scope (Meter):
	Name: System.Runtime
Resource associated with Metric:
	service.name: NatureProtector.Simulator.Host
	service.instance.id: 99000195-66f3-4e33-a516-0db73e038598
	telemetry.sdk.name: opentelemetry
	telemetry.sdk.language: dotnet
	telemetry.sdk.version: 1.10.0

Metric Name: dotnet.jit.compiled_methods, Description: The number of times the JIT compiler (re)compiled methods since the process has started., Unit: {method}
(2026-05-18T23:15:17.7143584Z, 2026-05-18T23:15:27.7214308Z] LongSum
Value: 13448
Instrumentation scope (Meter):
	Name: System.Runtime
Resource associated with Metric:
	service.name: NatureProtector.Simulator.Host
	service.instance.id: 99000195-66f3-4e33-a516-0db73e038598
	telemetry.sdk.name: opentelemetry
	telemetry.sdk.language: dotnet
	telemetry.sdk.version: 1.10.0

Metric Name: dotnet.jit.compilation.time, Description: The number of times the JIT compiler (re)compiled methods since the process has started., Unit: s
(2026-05-18T23:15:17.7152824Z, 2026-05-18T23:15:27.7214328Z] DoubleSum
Value: 1.3101384
Instrumentation scope (Meter):
	Name: System.Runtime
Resource associated with Metric:
	service.name: NatureProtector.Simulator.Host
	service.instance.id: 99000195-66f3-4e33-a516-0db73e038598
	telemetry.sdk.name: opentelemetry
	telemetry.sdk.language: dotnet
	telemetry.sdk.version: 1.10.0

Metric Name: dotnet.monitor.lock_contentions, Description: The number of times there was contention when trying to acquire a monitor lock since the process has started., Unit: {contention}
(2026-05-18T23:15:17.7152957Z, 2026-05-18T23:15:27.7214349Z] LongSum
Value: 15
Instrumentation scope (Meter):
	Name: System.Runtime
Resource associated with Metric:
	service.name: NatureProtector.Simulator.Host
	service.instance.id: 99000195-66f3-4e33-a516-0db73e038598
	telemetry.sdk.name: opentelemetry
	telemetry.sdk.language: dotnet
	telemetry.sdk.version: 1.10.0

Metric Name: dotnet.thread_pool.thread.count, Description: The number of thread pool threads that currently exist., Unit: {thread}
(2026-05-18T23:15:17.7153066Z, 2026-05-18T23:15:27.7214355Z] LongSum
Value: 3
Instrumentation scope (Meter):
	Name: System.Runtime
Resource associated with Metric:
	service.name: NatureProtector.Simulator.Host
	service.instance.id: 99000195-66f3-4e33-a516-0db73e038598
	telemetry.sdk.name: opentelemetry
	telemetry.sdk.language: dotnet
	telemetry.sdk.version: 1.10.0

Metric Name: dotnet.thread_pool.work_item.count, Description: The number of work items that the thread pool has completed since the process has started., Unit: {work_item}
(2026-05-18T23:15:17.7153219Z, 2026-05-18T23:15:27.7214358Z] LongSum
Value: 72
Instrumentation scope (Meter):
	Name: System.Runtime
Resource associated with Metric:
	service.name: NatureProtector.Simulator.Host
	service.instance.id: 99000195-66f3-4e33-a516-0db73e038598
	telemetry.sdk.name: opentelemetry
	telemetry.sdk.language: dotnet
	telemetry.sdk.version: 1.10.0

Metric Name: dotnet.thread_pool.queue.length, Description: The number of work items that are currently queued to be processed by the thread pool., Unit: {work_item}
(2026-05-18T23:15:17.7153348Z, 2026-05-18T23:15:27.7214364Z] LongSum
Value: 0
Instrumentation scope (Meter):
	Name: System.Runtime
Resource associated with Metric:
	service.name: NatureProtector.Simulator.Host
	service.instance.id: 99000195-66f3-4e33-a516-0db73e038598
	telemetry.sdk.name: opentelemetry
	telemetry.sdk.language: dotnet
	telemetry.sdk.version: 1.10.0

Metric Name: dotnet.timer.count, Description: The number of timer instances that are currently active. An active timer is registered to tick at some point in the future and has not yet been canceled., Unit: {timer}
(2026-05-18T23:15:17.7153451Z, 2026-05-18T23:15:27.7214371Z] LongSumNonMonotonic
Value: 6
Instrumentation scope (Meter):
	Name: System.Runtime
Resource associated with Metric:
	service.name: NatureProtector.Simulator.Host
	service.instance.id: 99000195-66f3-4e33-a516-0db73e038598
	telemetry.sdk.name: opentelemetry
	telemetry.sdk.language: dotnet
	telemetry.sdk.version: 1.10.0

Metric Name: dotnet.assembly.count, Description: The number of .NET assemblies that are currently loaded., Unit: {assembly}
(2026-05-18T23:15:17.7153571Z, 2026-05-18T23:15:27.7214382Z] LongSumNonMonotonic
Value: 105
Instrumentation scope (Meter):
	Name: System.Runtime
Resource associated with Metric:
	service.name: NatureProtector.Simulator.Host
	service.instance.id: 99000195-66f3-4e33-a516-0db73e038598
	telemetry.sdk.name: opentelemetry
	telemetry.sdk.language: dotnet
	telemetry.sdk.version: 1.10.0

Metric Name: dotnet.process.cpu.count, Description: The number of processors available to the process., Unit: {cpu}
(2026-05-18T23:15:17.7199902Z, 2026-05-18T23:15:27.7214393Z] LongSumNonMonotonic
Value: 16
Instrumentation scope (Meter):
	Name: System.Runtime
Resource associated with Metric:
	service.name: NatureProtector.Simulator.Host
	service.instance.id: 99000195-66f3-4e33-a516-0db73e038598
	telemetry.sdk.name: opentelemetry
	telemetry.sdk.language: dotnet
	telemetry.sdk.version: 1.10.0

Metric Name: dotnet.process.cpu.time, Description: CPU time used by the process., Unit: s
(2026-05-18T23:15:17.7200414Z, 2026-05-18T23:15:27.7214401Z] cpu.mode: user DoubleSum
Value: 1.953125
Instrumentation scope (Meter):
	Name: System.Runtime
Resource associated with Metric:
	service.name: NatureProtector.Simulator.Host
	service.instance.id: 99000195-66f3-4e33-a516-0db73e038598
	telemetry.sdk.name: opentelemetry
	telemetry.sdk.language: dotnet
	telemetry.sdk.version: 1.10.0
(2026-05-18T23:15:17.7200414Z, 2026-05-18T23:15:27.7214401Z] cpu.mode: system DoubleSum
Value: 0.125
Instrumentation scope (Meter):
	Name: System.Runtime
Resource associated with Metric:
	service.name: NatureProtector.Simulator.Host
	service.instance.id: 99000195-66f3-4e33-a516-0db73e038598
	telemetry.sdk.name: opentelemetry
	telemetry.sdk.language: dotnet
	telemetry.sdk.version: 1.10.0

Metric Name: natureprotector.simulator.context.creations
(2026-05-18T23:15:17.7360638Z, 2026-05-18T23:15:27.7214414Z] LongSum
Value: 1
Instrumentation scope (Meter):
	Name: NatureProtector.Simulator.Host
Resource associated with Metric:
	service.name: NatureProtector.Simulator.Host
	service.instance.id: 99000195-66f3-4e33-a516-0db73e038598
	telemetry.sdk.name: opentelemetry
	telemetry.sdk.language: dotnet
	telemetry.sdk.version: 1.10.0

Metric Name: natureprotector.simulator.context.creation.duration, Unit: ms
(2026-05-18T23:15:17.7365451Z, 2026-05-18T23:15:27.7215816Z] Histogram
Value: Sum: 1285,7644 Count: 1 Min: 1285,7644 Max: 1285,7644 
(-Infinity,0]:0
(0,5]:0
(5,10]:0
(10,25]:0
(25,50]:0
(50,75]:0
(75,100]:0
(100,250]:0
(250,500]:0
(500,750]:0
(750,1000]:0
(1000,2500]:1
(2500,5000]:0
(5000,7500]:0
(7500,10000]:0
(10000,+Infinity]:0

Instrumentation scope (Meter):
	Name: NatureProtector.Simulator.Host
Resource associated with Metric:
	service.name: NatureProtector.Simulator.Host
	service.instance.id: 99000195-66f3-4e33-a516-0db73e038598
	telemetry.sdk.name: opentelemetry
	telemetry.sdk.language: dotnet
	telemetry.sdk.version: 1.10.0

Metric Name: natureprotector.simulator.runs
(2026-05-18T23:15:17.7365615Z, 2026-05-18T23:15:27.7215831Z] np.outcome: started LongSum
Value: 1
Instrumentation scope (Meter):
	Name: NatureProtector.Simulator.Host
Resource associated with Metric:
	service.name: NatureProtector.Simulator.Host
	service.instance.id: 99000195-66f3-4e33-a516-0db73e038598
	telemetry.sdk.name: opentelemetry
	telemetry.sdk.language: dotnet
	telemetry.sdk.version: 1.10.0

Metric Name: natureprotector.simulator.publish.messages
(2026-05-18T23:15:17.7365787Z, 2026-05-18T23:15:27.7215848Z] LongSum
Value: 12
Instrumentation scope (Meter):
	Name: NatureProtector.Simulator.Host
Resource associated with Metric:
	service.name: NatureProtector.Simulator.Host
	service.instance.id: 99000195-66f3-4e33-a516-0db73e038598
	telemetry.sdk.name: opentelemetry
	telemetry.sdk.language: dotnet
	telemetry.sdk.version: 1.10.0

Metric Name: natureprotector.simulator.publish.batch.size
(2026-05-18T23:15:17.7369973Z, 2026-05-18T23:15:27.7215872Z] Histogram
Value: Sum: 12 Count: 2 Min: 6 Max: 6 
(-Infinity,0]:0
(0,5]:0
(5,10]:2
(10,25]:0
(25,50]:0
(50,75]:0
(75,100]:0
(100,250]:0
(250,500]:0
(500,750]:0
(750,1000]:0
(1000,2500]:0
(2500,5000]:0
(5000,7500]:0
(7500,10000]:0
(10000,+Infinity]:0

Instrumentation scope (Meter):
	Name: NatureProtector.Simulator.Host
Resource associated with Metric:
	service.name: NatureProtector.Simulator.Host
	service.instance.id: 99000195-66f3-4e33-a516-0db73e038598
	telemetry.sdk.name: opentelemetry
	telemetry.sdk.language: dotnet
	telemetry.sdk.version: 1.10.0

Metric Name: natureprotector.simulator.publish.duration, Unit: ms
(2026-05-18T23:15:17.7370138Z, 2026-05-18T23:15:27.7215884Z] Histogram
Value: Sum: 408,85230000000007 Count: 14 Min: 0,0736 Max: 204,7982 
(-Infinity,0]:0
(0,5]:11
(5,10]:0
(10,25]:1
(25,50]:0
(50,75]:0
(75,100]:0
(100,250]:2
(250,500]:0
(500,750]:0
(750,1000]:0
(1000,2500]:0
(2500,5000]:0
(5000,7500]:0
(7500,10000]:0
(10000,+Infinity]:0

Instrumentation scope (Meter):
	Name: NatureProtector.Simulator.Host
Resource associated with Metric:
	service.name: NatureProtector.Simulator.Host
	service.instance.id: 99000195-66f3-4e33-a516-0db73e038598
	telemetry.sdk.name: opentelemetry
	telemetry.sdk.language: dotnet
	telemetry.sdk.version: 1.10.0

Metric Name: dns.lookup.duration, Description: Measures the time taken to perform a DNS lookup., Unit: s
(2026-05-18T23:15:18.5953592Z, 2026-05-18T23:15:27.7215897Z] dns.question.name: localhost Histogram
Value: Sum: 0,0075304000000000005 Count: 2 Min: 0,000382 Max: 0,0071484 
(-Infinity,0,005]:1
(0,005,0,01]:1
(0,01,0,025]:0
(0,025,0,05]:0
(0,05,0,075]:0
(0,075,0,1]:0
(0,1,0,25]:0
(0,25,0,5]:0
(0,5,0,75]:0
(0,75,1]:0
(1,2,5]:0
(2,5,5]:0
(5,7,5]:0
(7,5,10]:0
(10,+Infinity]:0

Instrumentation scope (Meter):
	Name: System.Net.NameResolution
Resource associated with Metric:
	service.name: NatureProtector.Simulator.Host
	service.instance.id: 99000195-66f3-4e33-a516-0db73e038598
	telemetry.sdk.name: opentelemetry
	telemetry.sdk.language: dotnet
	telemetry.sdk.version: 1.10.0
Activity.TraceId:            8379de0d4742844cacacafe275999324
Activity.SpanId:             03e495bc4cd5d95f
Activity.TraceFlags:         Recorded
Activity.ParentSpanId:       b2def54c5e1d909e
Activity.DisplayName:        natureprotector.simulator.cycle
Activity.Kind:               Internal
Activity.StartTime:          2026-05-18T23:15:24.6293007Z
Activity.Duration:           00:00:05.0198330
Activity.Tags:
    np.simulation_run_id: d8203d4b-1839-4908-87ef-05633c1f1ae5
    np.area_id: b3f4fb84-bf17-5522-a5f3-70fd1212f381
    np.scenario_id: 6034251c-b502-5f7b-a557-7187178cfb04
Instrumentation scope (ActivitySource):
    Name: NatureProtector.Simulator.Host
Resource associated with Activity:
    service.name: NatureProtector.Simulator.Host
    service.instance.id: 99000195-66f3-4e33-a516-0db73e038598
    telemetry.sdk.name: opentelemetry
    telemetry.sdk.language: dotnet
    telemetry.sdk.version: 1.10.0

info: NatureProtector.Simulator.Host.Services.SimulationRunner[0]
      Starting simulation cycle 3/5 at logical time 09/13/2020 12:00:10 +02:00.
info: NatureProtector.Simulator.Host.Publishing.RabbitMqReadingPublisher[0]
      Published SensorReadingProduced to RabbitMQ | EventId=ec93dcb5-ec44-4bad-bba1-a3309dd7ae8e | CorrelationId=d8203d4b1839490887ef05633c1f1ae5-0002-22702eee75aa3cf431abb689bfb9a8bc | SensorId=22702eee-75aa-3cf4-31ab-b689bfb9a8bc | SensorName=pilot-humidity-0001 | Value=21.982261840053265
Activity.TraceId:            8379de0d4742844cacacafe275999324
Activity.SpanId:             0a53411f6b7af245
Activity.TraceFlags:         Recorded
Activity.ParentSpanId:       c8909253f308bf0d
Activity.DisplayName:        natureprotector.simulator.publish
Activity.Kind:               Internal
Activity.StartTime:          2026-05-18T23:15:29.6518384Z
Activity.Duration:           00:00:00.0001389
Activity.Tags:
    np.event_id: ec93dcb5-ec44-4bad-bba1-a3309dd7ae8e
    np.correlation_id: d8203d4b1839490887ef05633c1f1ae5-0002-22702eee75aa3cf431abb689bfb9a8bc
    np.area_id: b3f4fb84-bf17-5522-a5f3-70fd1212f381
    np.simulation_run_id: d8203d4b-1839-4908-87ef-05633c1f1ae5
    np.sensor_id: 22702eee-75aa-3cf4-31ab-b689bfb9a8bc
    np.sensor_name: pilot-humidity-0001
    np.metric_type: Humidity
Instrumentation scope (ActivitySource):
    Name: NatureProtector.Simulator.Host
Resource associated with Activity:
    service.name: NatureProtector.Simulator.Host
    service.instance.id: 99000195-66f3-4e33-a516-0db73e038598
    telemetry.sdk.name: opentelemetry
    telemetry.sdk.language: dotnet
    telemetry.sdk.version: 1.10.0

info: NatureProtector.Simulator.Host.Publishing.RabbitMqReadingPublisher[0]
      Published SensorReadingProduced to RabbitMQ | EventId=a4aba6c2-0dcf-4703-9837-d70da48c3342 | CorrelationId=d8203d4b1839490887ef05633c1f1ae5-0002-2f494582407786f29707780861949155 | SensorId=2f494582-4077-86f2-9707-780861949155 | SensorName=pilot-humidity-0230 | Value=22.469104167565526
Activity.TraceId:            8379de0d4742844cacacafe275999324
Activity.SpanId:             f9c83a7c5ebc7dc9
Activity.TraceFlags:         Recorded
Activity.ParentSpanId:       c8909253f308bf0d
Activity.DisplayName:        natureprotector.simulator.publish
Activity.Kind:               Internal
Activity.StartTime:          2026-05-18T23:15:29.6549619Z
Activity.Duration:           00:00:00.0001683
Activity.Tags:
    np.event_id: a4aba6c2-0dcf-4703-9837-d70da48c3342
    np.correlation_id: d8203d4b1839490887ef05633c1f1ae5-0002-2f494582407786f29707780861949155
    np.area_id: b3f4fb84-bf17-5522-a5f3-70fd1212f381
    np.simulation_run_id: d8203d4b-1839-4908-87ef-05633c1f1ae5
    np.sensor_id: 2f494582-4077-86f2-9707-780861949155
    np.sensor_name: pilot-humidity-0230
    np.metric_type: Humidity
Instrumentation scope (ActivitySource):
    Name: NatureProtector.Simulator.Host
Resource associated with Activity:
    service.name: NatureProtector.Simulator.Host
    service.instance.id: 99000195-66f3-4e33-a516-0db73e038598
    telemetry.sdk.name: opentelemetry
    telemetry.sdk.language: dotnet
    telemetry.sdk.version: 1.10.0

info: NatureProtector.Simulator.Host.Publishing.RabbitMqReadingPublisher[0]
      Published SensorReadingProduced to RabbitMQ | EventId=5d755307-92c2-4ee9-af3d-144439ff9e41 | CorrelationId=d8203d4b1839490887ef05633c1f1ae5-0002-27bf9aad094f7dc645b2129a8cc0522e | SensorId=27bf9aad-094f-7dc6-45b2-129a8cc0522e | SensorName=pilot-temperature-0001 | Value=31.878812891298498
Activity.TraceId:            8379de0d4742844cacacafe275999324
Activity.SpanId:             68b2266419f963b6
Activity.TraceFlags:         Recorded
Activity.ParentSpanId:       c8909253f308bf0d
Activity.DisplayName:        natureprotector.simulator.publish
Activity.Kind:               Internal
Activity.StartTime:          2026-05-18T23:15:29.6578829Z
Activity.Duration:           00:00:00.0001768
Activity.Tags:
    np.event_id: 5d755307-92c2-4ee9-af3d-144439ff9e41
    np.correlation_id: d8203d4b1839490887ef05633c1f1ae5-0002-27bf9aad094f7dc645b2129a8cc0522e
    np.area_id: b3f4fb84-bf17-5522-a5f3-70fd1212f381
    np.simulation_run_id: d8203d4b-1839-4908-87ef-05633c1f1ae5
    np.sensor_id: 27bf9aad-094f-7dc6-45b2-129a8cc0522e
    np.sensor_name: pilot-temperature-0001
    np.metric_type: Temperature
Instrumentation scope (ActivitySource):
    Name: NatureProtector.Simulator.Host
Resource associated with Activity:
    service.name: NatureProtector.Simulator.Host
    service.instance.id: 99000195-66f3-4e33-a516-0db73e038598
    telemetry.sdk.name: opentelemetry
    telemetry.sdk.language: dotnet
    telemetry.sdk.version: 1.10.0

info: NatureProtector.Simulator.Host.Publishing.RabbitMqReadingPublisher[0]
      Published SensorReadingProduced to RabbitMQ | EventId=100ba339-1a88-4570-bd36-f036704d9f4f | CorrelationId=d8203d4b1839490887ef05633c1f1ae5-0002-8e6a3d8a7e654fa58c51fa4597b203b8 | SensorId=8e6a3d8a-7e65-4fa5-8c51-fa4597b203b8 | SensorName=pilot-temperature-0230 | Value=31.958323979542882
Activity.TraceId:            8379de0d4742844cacacafe275999324
Activity.SpanId:             0844ab37d457bb5c
Activity.TraceFlags:         Recorded
Activity.ParentSpanId:       c8909253f308bf0d
Activity.DisplayName:        natureprotector.simulator.publish
Activity.Kind:               Internal
Activity.StartTime:          2026-05-18T23:15:29.6610096Z
Activity.Duration:           00:00:00.0002016
Activity.Tags:
    np.event_id: 100ba339-1a88-4570-bd36-f036704d9f4f
    np.correlation_id: d8203d4b1839490887ef05633c1f1ae5-0002-8e6a3d8a7e654fa58c51fa4597b203b8
    np.area_id: b3f4fb84-bf17-5522-a5f3-70fd1212f381
    np.simulation_run_id: d8203d4b-1839-4908-87ef-05633c1f1ae5
    np.sensor_id: 8e6a3d8a-7e65-4fa5-8c51-fa4597b203b8
    np.sensor_name: pilot-temperature-0230
    np.metric_type: Temperature
Instrumentation scope (ActivitySource):
    Name: NatureProtector.Simulator.Host
Resource associated with Activity:
    service.name: NatureProtector.Simulator.Host
    service.instance.id: 99000195-66f3-4e33-a516-0db73e038598
    telemetry.sdk.name: opentelemetry
    telemetry.sdk.language: dotnet
    telemetry.sdk.version: 1.10.0

info: NatureProtector.Simulator.Host.Publishing.RabbitMqReadingPublisher[0]
      Published SensorReadingProduced to RabbitMQ | EventId=bf810f12-4a6d-4b20-bc5a-d9b9a16aa6c7 | CorrelationId=d8203d4b1839490887ef05633c1f1ae5-0002-e7660606cadd4212e67b574c09ef789a | SensorId=e7660606-cadd-4212-e67b-574c09ef789a | SensorName=pilot-wind-0001 | Value=4.839071687405295
Activity.TraceId:            8379de0d4742844cacacafe275999324
Activity.SpanId:             84d6be70bd0a9532
Activity.TraceFlags:         Recorded
Activity.ParentSpanId:       c8909253f308bf0d
Activity.DisplayName:        natureprotector.simulator.publish
Activity.Kind:               Internal
Activity.StartTime:          2026-05-18T23:15:29.6642578Z
Activity.Duration:           00:00:00.0001464
Activity.Tags:
    np.event_id: bf810f12-4a6d-4b20-bc5a-d9b9a16aa6c7
    np.correlation_id: d8203d4b1839490887ef05633c1f1ae5-0002-e7660606cadd4212e67b574c09ef789a
    np.area_id: b3f4fb84-bf17-5522-a5f3-70fd1212f381
    np.simulation_run_id: d8203d4b-1839-4908-87ef-05633c1f1ae5
    np.sensor_id: e7660606-cadd-4212-e67b-574c09ef789a
    np.sensor_name: pilot-wind-0001
    np.metric_type: WindSpeed
Instrumentation scope (ActivitySource):
    Name: NatureProtector.Simulator.Host
Resource associated with Activity:
    service.name: NatureProtector.Simulator.Host
    service.instance.id: 99000195-66f3-4e33-a516-0db73e038598
    telemetry.sdk.name: opentelemetry
    telemetry.sdk.language: dotnet
    telemetry.sdk.version: 1.10.0

info: NatureProtector.Simulator.Host.Publishing.RabbitMqReadingPublisher[0]
      Published SensorReadingProduced to RabbitMQ | EventId=282801d0-c227-43a4-afa3-6ec4b9e7e68c | CorrelationId=d8203d4b1839490887ef05633c1f1ae5-0002-17badc17792017acc213db1c12bedfb2 | SensorId=17badc17-7920-17ac-c213-db1c12bedfb2 | SensorName=pilot-wind-0230 | Value=4.926824722807105
Activity.TraceId:            8379de0d4742844cacacafe275999324
Activity.SpanId:             2315a3b47ba39bff
Activity.TraceFlags:         Recorded
Activity.ParentSpanId:       c8909253f308bf0d
Activity.DisplayName:        natureprotector.simulator.publish
Activity.Kind:               Internal
Activity.StartTime:          2026-05-18T23:15:29.6672530Z
Activity.Duration:           00:00:00.0001125
Activity.Tags:
    np.event_id: 282801d0-c227-43a4-afa3-6ec4b9e7e68c
    np.correlation_id: d8203d4b1839490887ef05633c1f1ae5-0002-17badc17792017acc213db1c12bedfb2
    np.area_id: b3f4fb84-bf17-5522-a5f3-70fd1212f381
    np.simulation_run_id: d8203d4b-1839-4908-87ef-05633c1f1ae5
    np.sensor_id: 17badc17-7920-17ac-c213-db1c12bedfb2
    np.sensor_name: pilot-wind-0230
    np.metric_type: WindSpeed
Instrumentation scope (ActivitySource):
    Name: NatureProtector.Simulator.Host
Resource associated with Activity:
    service.name: NatureProtector.Simulator.Host
    service.instance.id: 99000195-66f3-4e33-a516-0db73e038598
    telemetry.sdk.name: opentelemetry
    telemetry.sdk.language: dotnet
    telemetry.sdk.version: 1.10.0

Activity.TraceId:            8379de0d4742844cacacafe275999324
Activity.SpanId:             c8909253f308bf0d
Activity.TraceFlags:         Recorded
Activity.ParentSpanId:       b2def54c5e1d909e
Activity.DisplayName:        natureprotector.simulator.cycle
Activity.Kind:               Internal
Activity.StartTime:          2026-05-18T23:15:29.6517595Z
Activity.Duration:           00:00:05.0316248
Activity.Tags:
    np.simulation_run_id: d8203d4b-1839-4908-87ef-05633c1f1ae5
    np.area_id: b3f4fb84-bf17-5522-a5f3-70fd1212f381
    np.scenario_id: 6034251c-b502-5f7b-a557-7187178cfb04
Instrumentation scope (ActivitySource):
    Name: NatureProtector.Simulator.Host
Resource associated with Activity:
    service.name: NatureProtector.Simulator.Host
    service.instance.id: 99000195-66f3-4e33-a516-0db73e038598
    telemetry.sdk.name: opentelemetry
    telemetry.sdk.language: dotnet
    telemetry.sdk.version: 1.10.0

info: NatureProtector.Simulator.Host.Services.SimulationRunner[0]
      Starting simulation cycle 4/5 at logical time 09/13/2020 12:00:15 +02:00.
info: NatureProtector.Simulator.Host.Publishing.RabbitMqReadingPublisher[0]
      Published SensorReadingProduced to RabbitMQ | EventId=5dc90148-d598-45e8-8ef8-de84814d1c5e | CorrelationId=d8203d4b1839490887ef05633c1f1ae5-0003-22702eee75aa3cf431abb689bfb9a8bc | SensorId=22702eee-75aa-3cf4-31ab-b689bfb9a8bc | SensorName=pilot-humidity-0001 | Value=21.354483638519753
Activity.TraceId:            8379de0d4742844cacacafe275999324
Activity.SpanId:             5ab9401d250d6880
Activity.TraceFlags:         Recorded
Activity.ParentSpanId:       d645eef4f9d3b980
Activity.DisplayName:        natureprotector.simulator.publish
Activity.Kind:               Internal
Activity.StartTime:          2026-05-18T23:15:34.6859874Z
Activity.Duration:           00:00:00.0001100
Activity.Tags:
    np.event_id: 5dc90148-d598-45e8-8ef8-de84814d1c5e
    np.correlation_id: d8203d4b1839490887ef05633c1f1ae5-0003-22702eee75aa3cf431abb689bfb9a8bc
    np.area_id: b3f4fb84-bf17-5522-a5f3-70fd1212f381
    np.simulation_run_id: d8203d4b-1839-4908-87ef-05633c1f1ae5
    np.sensor_id: 22702eee-75aa-3cf4-31ab-b689bfb9a8bc
    np.sensor_name: pilot-humidity-0001
    np.metric_type: Humidity
Instrumentation scope (ActivitySource):
    Name: NatureProtector.Simulator.Host
Resource associated with Activity:
    service.name: NatureProtector.Simulator.Host
    service.instance.id: 99000195-66f3-4e33-a516-0db73e038598
    telemetry.sdk.name: opentelemetry
    telemetry.sdk.language: dotnet
    telemetry.sdk.version: 1.10.0

info: NatureProtector.Simulator.Host.Publishing.RabbitMqReadingPublisher[0]
      Published SensorReadingProduced to RabbitMQ | EventId=615cd288-c0c4-452a-9a6b-8b8133e4f3a5 | CorrelationId=d8203d4b1839490887ef05633c1f1ae5-0003-2f494582407786f29707780861949155 | SensorId=2f494582-4077-86f2-9707-780861949155 | SensorName=pilot-humidity-0230 | Value=20.910623727022134
Activity.TraceId:            8379de0d4742844cacacafe275999324
Activity.SpanId:             0f1591a925238781
Activity.TraceFlags:         Recorded
Activity.ParentSpanId:       d645eef4f9d3b980
Activity.DisplayName:        natureprotector.simulator.publish
Activity.Kind:               Internal
Activity.StartTime:          2026-05-18T23:15:34.6888228Z
Activity.Duration:           00:00:00.0001394
Activity.Tags:
    np.event_id: 615cd288-c0c4-452a-9a6b-8b8133e4f3a5
    np.correlation_id: d8203d4b1839490887ef05633c1f1ae5-0003-2f494582407786f29707780861949155
    np.area_id: b3f4fb84-bf17-5522-a5f3-70fd1212f381
    np.simulation_run_id: d8203d4b-1839-4908-87ef-05633c1f1ae5
    np.sensor_id: 2f494582-4077-86f2-9707-780861949155
    np.sensor_name: pilot-humidity-0230
    np.metric_type: Humidity
Instrumentation scope (ActivitySource):
    Name: NatureProtector.Simulator.Host
Resource associated with Activity:
    service.name: NatureProtector.Simulator.Host
    service.instance.id: 99000195-66f3-4e33-a516-0db73e038598
    telemetry.sdk.name: opentelemetry
    telemetry.sdk.language: dotnet
    telemetry.sdk.version: 1.10.0

info: NatureProtector.Simulator.Host.Publishing.RabbitMqReadingPublisher[0]
      Published SensorReadingProduced to RabbitMQ | EventId=e2867bab-e3a4-4645-a6a3-6b2e128fce5c | CorrelationId=d8203d4b1839490887ef05633c1f1ae5-0003-27bf9aad094f7dc645b2129a8cc0522e | SensorId=27bf9aad-094f-7dc6-45b2-129a8cc0522e | SensorName=pilot-temperature-0001 | Value=32.04889260103871
Activity.TraceId:            8379de0d4742844cacacafe275999324
Activity.SpanId:             62e7c699e41ebe5b
Activity.TraceFlags:         Recorded
Activity.ParentSpanId:       d645eef4f9d3b980
Activity.DisplayName:        natureprotector.simulator.publish
Activity.Kind:               Internal
Activity.StartTime:          2026-05-18T23:15:34.6917261Z
Activity.Duration:           00:00:00.0003559
Activity.Tags:
    np.event_id: e2867bab-e3a4-4645-a6a3-6b2e128fce5c
    np.correlation_id: d8203d4b1839490887ef05633c1f1ae5-0003-27bf9aad094f7dc645b2129a8cc0522e
    np.area_id: b3f4fb84-bf17-5522-a5f3-70fd1212f381
    np.simulation_run_id: d8203d4b-1839-4908-87ef-05633c1f1ae5
    np.sensor_id: 27bf9aad-094f-7dc6-45b2-129a8cc0522e
    np.sensor_name: pilot-temperature-0001
    np.metric_type: Temperature
Instrumentation scope (ActivitySource):
    Name: NatureProtector.Simulator.Host
Resource associated with Activity:
    service.name: NatureProtector.Simulator.Host
    service.instance.id: 99000195-66f3-4e33-a516-0db73e038598
    telemetry.sdk.name: opentelemetry
    telemetry.sdk.language: dotnet
    telemetry.sdk.version: 1.10.0

info: NatureProtector.Simulator.Host.Publishing.RabbitMqReadingPublisher[0]
      Published SensorReadingProduced to RabbitMQ | EventId=27edc86e-c18e-4bde-b729-999334fab094 | CorrelationId=d8203d4b1839490887ef05633c1f1ae5-0003-8e6a3d8a7e654fa58c51fa4597b203b8 | SensorId=8e6a3d8a-7e65-4fa5-8c51-fa4597b203b8 | SensorName=pilot-temperature-0230 | Value=31.914502936296362
Activity.TraceId:            8379de0d4742844cacacafe275999324
Activity.SpanId:             b635d59935c21bd5
Activity.TraceFlags:         Recorded
Activity.ParentSpanId:       d645eef4f9d3b980
Activity.DisplayName:        natureprotector.simulator.publish
Activity.Kind:               Internal
Activity.StartTime:          2026-05-18T23:15:34.6952180Z
Activity.Duration:           00:00:00.0001595
Activity.Tags:
    np.event_id: 27edc86e-c18e-4bde-b729-999334fab094
    np.correlation_id: d8203d4b1839490887ef05633c1f1ae5-0003-8e6a3d8a7e654fa58c51fa4597b203b8
    np.area_id: b3f4fb84-bf17-5522-a5f3-70fd1212f381
    np.simulation_run_id: d8203d4b-1839-4908-87ef-05633c1f1ae5
    np.sensor_id: 8e6a3d8a-7e65-4fa5-8c51-fa4597b203b8
    np.sensor_name: pilot-temperature-0230
    np.metric_type: Temperature
Instrumentation scope (ActivitySource):
    Name: NatureProtector.Simulator.Host
Resource associated with Activity:
    service.name: NatureProtector.Simulator.Host
    service.instance.id: 99000195-66f3-4e33-a516-0db73e038598
    telemetry.sdk.name: opentelemetry
    telemetry.sdk.language: dotnet
    telemetry.sdk.version: 1.10.0

info: NatureProtector.Simulator.Host.Publishing.RabbitMqReadingPublisher[0]
      Published SensorReadingProduced to RabbitMQ | EventId=a5374875-a4bf-465a-8020-373d7f17d84e | CorrelationId=d8203d4b1839490887ef05633c1f1ae5-0003-e7660606cadd4212e67b574c09ef789a | SensorId=e7660606-cadd-4212-e67b-574c09ef789a | SensorName=pilot-wind-0001 | Value=5.4859302592397805
Activity.TraceId:            8379de0d4742844cacacafe275999324
Activity.SpanId:             e066369dc39a9990
Activity.TraceFlags:         Recorded
Activity.ParentSpanId:       d645eef4f9d3b980
Activity.DisplayName:        natureprotector.simulator.publish
Activity.Kind:               Internal
Activity.StartTime:          2026-05-18T23:15:34.6982523Z
Activity.Duration:           00:00:00.0001275
Activity.Tags:
    np.event_id: a5374875-a4bf-465a-8020-373d7f17d84e
    np.correlation_id: d8203d4b1839490887ef05633c1f1ae5-0003-e7660606cadd4212e67b574c09ef789a
    np.area_id: b3f4fb84-bf17-5522-a5f3-70fd1212f381
    np.simulation_run_id: d8203d4b-1839-4908-87ef-05633c1f1ae5
    np.sensor_id: e7660606-cadd-4212-e67b-574c09ef789a
    np.sensor_name: pilot-wind-0001
    np.metric_type: WindSpeed
Instrumentation scope (ActivitySource):
    Name: NatureProtector.Simulator.Host
Resource associated with Activity:
    service.name: NatureProtector.Simulator.Host
    service.instance.id: 99000195-66f3-4e33-a516-0db73e038598
    telemetry.sdk.name: opentelemetry
    telemetry.sdk.language: dotnet
    telemetry.sdk.version: 1.10.0

info: NatureProtector.Simulator.Host.Publishing.RabbitMqReadingPublisher[0]
      Published SensorReadingProduced to RabbitMQ | EventId=224ec085-9323-474a-a340-9fc331b214af | CorrelationId=d8203d4b1839490887ef05633c1f1ae5-0003-17badc17792017acc213db1c12bedfb2 | SensorId=17badc17-7920-17ac-c213-db1c12bedfb2 | SensorName=pilot-wind-0230 | Value=5.317217884686364
Activity.TraceId:            8379de0d4742844cacacafe275999324
Activity.SpanId:             8e5dbf614034958c
Activity.TraceFlags:         Recorded
Activity.ParentSpanId:       d645eef4f9d3b980
Activity.DisplayName:        natureprotector.simulator.publish
Activity.Kind:               Internal
Activity.StartTime:          2026-05-18T23:15:34.7022670Z
Activity.Duration:           00:00:00.0001376
Activity.Tags:
    np.event_id: 224ec085-9323-474a-a340-9fc331b214af
    np.correlation_id: d8203d4b1839490887ef05633c1f1ae5-0003-17badc17792017acc213db1c12bedfb2
    np.area_id: b3f4fb84-bf17-5522-a5f3-70fd1212f381
    np.simulation_run_id: d8203d4b-1839-4908-87ef-05633c1f1ae5
    np.sensor_id: 17badc17-7920-17ac-c213-db1c12bedfb2
    np.sensor_name: pilot-wind-0230
    np.metric_type: WindSpeed
Instrumentation scope (ActivitySource):
    Name: NatureProtector.Simulator.Host
Resource associated with Activity:
    service.name: NatureProtector.Simulator.Host
    service.instance.id: 99000195-66f3-4e33-a516-0db73e038598
    telemetry.sdk.name: opentelemetry
    telemetry.sdk.language: dotnet
    telemetry.sdk.version: 1.10.0


Metric Name: process.memory.usage, Description: The amount of physical memory in use., Unit: By
(2026-05-18T23:15:17.7125745Z, 2026-05-18T23:15:37.7055090Z] LongSumNonMonotonic
Value: 107503616
Instrumentation scope (Meter):
	Name: OpenTelemetry.Instrumentation.Process
	Version: 1.10.0-beta.1
Resource associated with Metric:
	service.name: NatureProtector.Simulator.Host
	service.instance.id: 99000195-66f3-4e33-a516-0db73e038598
	telemetry.sdk.name: opentelemetry
	telemetry.sdk.language: dotnet
	telemetry.sdk.version: 1.10.0

Metric Name: process.memory.virtual, Description: The amount of committed virtual memory., Unit: By
(2026-05-18T23:15:17.7139758Z, 2026-05-18T23:15:37.7055113Z] LongSumNonMonotonic
Value: 2481008959488
Instrumentation scope (Meter):
	Name: OpenTelemetry.Instrumentation.Process
	Version: 1.10.0-beta.1
Resource associated with Metric:
	service.name: NatureProtector.Simulator.Host
	service.instance.id: 99000195-66f3-4e33-a516-0db73e038598
	telemetry.sdk.name: opentelemetry
	telemetry.sdk.language: dotnet
	telemetry.sdk.version: 1.10.0

Metric Name: process.cpu.time, Description: Total CPU seconds broken down by different states., Unit: s
(2026-05-18T23:15:17.7142181Z, 2026-05-18T23:15:37.7055120Z] process.cpu.state: user DoubleSum
Value: 2.09375
Instrumentation scope (Meter):
	Name: OpenTelemetry.Instrumentation.Process
	Version: 1.10.0-beta.1
Resource associated with Metric:
	service.name: NatureProtector.Simulator.Host
	service.instance.id: 99000195-66f3-4e33-a516-0db73e038598
	telemetry.sdk.name: opentelemetry
	telemetry.sdk.language: dotnet
	telemetry.sdk.version: 1.10.0
(2026-05-18T23:15:17.7142181Z, 2026-05-18T23:15:37.7055120Z] process.cpu.state: system DoubleSum
Value: 0.171875
Instrumentation scope (Meter):
	Name: OpenTelemetry.Instrumentation.Process
	Version: 1.10.0-beta.1
Resource associated with Metric:
	service.name: NatureProtector.Simulator.Host
	service.instance.id: 99000195-66f3-4e33-a516-0db73e038598
	telemetry.sdk.name: opentelemetry
	telemetry.sdk.language: dotnet
	telemetry.sdk.version: 1.10.0

Metric Name: process.cpu.count, Description: The number of processors (CPU cores) available to the current process., Unit: {processors}
(2026-05-18T23:15:17.7142417Z, 2026-05-18T23:15:37.7055126Z] LongSumNonMonotonic
Value: 16
Instrumentation scope (Meter):
	Name: OpenTelemetry.Instrumentation.Process
	Version: 1.10.0-beta.1
Resource associated with Metric:
	service.name: NatureProtector.Simulator.Host
	service.instance.id: 99000195-66f3-4e33-a516-0db73e038598
	telemetry.sdk.name: opentelemetry
	telemetry.sdk.language: dotnet
	telemetry.sdk.version: 1.10.0

Metric Name: process.thread.count, Description: Process threads count., Unit: {thread}
(2026-05-18T23:15:17.7142551Z, 2026-05-18T23:15:37.7055130Z] LongSumNonMonotonic
Value: 23
Instrumentation scope (Meter):
	Name: OpenTelemetry.Instrumentation.Process
	Version: 1.10.0-beta.1
Resource associated with Metric:
	service.name: NatureProtector.Simulator.Host
	service.instance.id: 99000195-66f3-4e33-a516-0db73e038598
	telemetry.sdk.name: opentelemetry
	telemetry.sdk.language: dotnet
	telemetry.sdk.version: 1.10.0

Metric Name: dotnet.gc.collections, Description: The number of garbage collections that have occurred since the process has started., Unit: {collection}
(2026-05-18T23:15:17.7142659Z, 2026-05-18T23:15:37.7055135Z] gc.heap.generation: gen2 LongSum
Value: 1
Instrumentation scope (Meter):
	Name: System.Runtime
Resource associated with Metric:
	service.name: NatureProtector.Simulator.Host
	service.instance.id: 99000195-66f3-4e33-a516-0db73e038598
	telemetry.sdk.name: opentelemetry
	telemetry.sdk.language: dotnet
	telemetry.sdk.version: 1.10.0
(2026-05-18T23:15:17.7142659Z, 2026-05-18T23:15:37.7055135Z] gc.heap.generation: gen1 LongSum
Value: 1
Instrumentation scope (Meter):
	Name: System.Runtime
Resource associated with Metric:
	service.name: NatureProtector.Simulator.Host
	service.instance.id: 99000195-66f3-4e33-a516-0db73e038598
	telemetry.sdk.name: opentelemetry
	telemetry.sdk.language: dotnet
	telemetry.sdk.version: 1.10.0
(2026-05-18T23:15:17.7142659Z, 2026-05-18T23:15:37.7055135Z] gc.heap.generation: gen0 LongSum
Value: 3
Instrumentation scope (Meter):
	Name: System.Runtime
Resource associated with Metric:
	service.name: NatureProtector.Simulator.Host
	service.instance.id: 99000195-66f3-4e33-a516-0db73e038598
	telemetry.sdk.name: opentelemetry
	telemetry.sdk.language: dotnet
	telemetry.sdk.version: 1.10.0

Metric Name: dotnet.process.memory.working_set, Description: The number of bytes of physical memory mapped to the process context., Unit: By
(2026-05-18T23:15:17.7142806Z, 2026-05-18T23:15:37.7055139Z] LongSumNonMonotonic
Value: 106287104
Instrumentation scope (Meter):
	Name: System.Runtime
Resource associated with Metric:
	service.name: NatureProtector.Simulator.Host
	service.instance.id: 99000195-66f3-4e33-a516-0db73e038598
	telemetry.sdk.name: opentelemetry
	telemetry.sdk.language: dotnet
	telemetry.sdk.version: 1.10.0

Metric Name: dotnet.gc.heap.total_allocated, Description: The approximate number of bytes allocated on the managed GC heap since the process has started. The returned value does not include any native allocations., Unit: By
(2026-05-18T23:15:17.7142896Z, 2026-05-18T23:15:37.7055142Z] LongSum
Value: 42916696
Instrumentation scope (Meter):
	Name: System.Runtime
Resource associated with Metric:
	service.name: NatureProtector.Simulator.Host
	service.instance.id: 99000195-66f3-4e33-a516-0db73e038598
	telemetry.sdk.name: opentelemetry
	telemetry.sdk.language: dotnet
	telemetry.sdk.version: 1.10.0

Metric Name: dotnet.gc.last_collection.memory.committed_size, Description: The amount of committed virtual memory in use by the .NET GC, as observed during the latest garbage collection., Unit: By
(2026-05-18T23:15:17.7142989Z, 2026-05-18T23:15:37.7055146Z] LongSumNonMonotonic
Value: 20840448
Instrumentation scope (Meter):
	Name: System.Runtime
Resource associated with Metric:
	service.name: NatureProtector.Simulator.Host
	service.instance.id: 99000195-66f3-4e33-a516-0db73e038598
	telemetry.sdk.name: opentelemetry
	telemetry.sdk.language: dotnet
	telemetry.sdk.version: 1.10.0

Metric Name: dotnet.gc.last_collection.heap.size, Description: The managed GC heap size (including fragmentation), as observed during the latest garbage collection., Unit: By
(2026-05-18T23:15:17.7143135Z, 2026-05-18T23:15:37.7055155Z] gc.heap.generation: gen0 LongSumNonMonotonic
Value: 0
Instrumentation scope (Meter):
	Name: System.Runtime
Resource associated with Metric:
	service.name: NatureProtector.Simulator.Host
	service.instance.id: 99000195-66f3-4e33-a516-0db73e038598
	telemetry.sdk.name: opentelemetry
	telemetry.sdk.language: dotnet
	telemetry.sdk.version: 1.10.0
(2026-05-18T23:15:17.7143135Z, 2026-05-18T23:15:37.7055155Z] gc.heap.generation: gen1 LongSumNonMonotonic
Value: 10039944
Instrumentation scope (Meter):
	Name: System.Runtime
Resource associated with Metric:
	service.name: NatureProtector.Simulator.Host
	service.instance.id: 99000195-66f3-4e33-a516-0db73e038598
	telemetry.sdk.name: opentelemetry
	telemetry.sdk.language: dotnet
	telemetry.sdk.version: 1.10.0
(2026-05-18T23:15:17.7143135Z, 2026-05-18T23:15:37.7055155Z] gc.heap.generation: gen2 LongSumNonMonotonic
Value: 906096
Instrumentation scope (Meter):
	Name: System.Runtime
Resource associated with Metric:
	service.name: NatureProtector.Simulator.Host
	service.instance.id: 99000195-66f3-4e33-a516-0db73e038598
	telemetry.sdk.name: opentelemetry
	telemetry.sdk.language: dotnet
	telemetry.sdk.version: 1.10.0
(2026-05-18T23:15:17.7143135Z, 2026-05-18T23:15:37.7055155Z] gc.heap.generation: loh LongSumNonMonotonic
Value: 6986640
Instrumentation scope (Meter):
	Name: System.Runtime
Resource associated with Metric:
	service.name: NatureProtector.Simulator.Host
	service.instance.id: 99000195-66f3-4e33-a516-0db73e038598
	telemetry.sdk.name: opentelemetry
	telemetry.sdk.language: dotnet
	telemetry.sdk.version: 1.10.0
(2026-05-18T23:15:17.7143135Z, 2026-05-18T23:15:37.7055155Z] gc.heap.generation: poh LongSumNonMonotonic
Value: 58240
Instrumentation scope (Meter):
	Name: System.Runtime
Resource associated with Metric:
	service.name: NatureProtector.Simulator.Host
	service.instance.id: 99000195-66f3-4e33-a516-0db73e038598
	telemetry.sdk.name: opentelemetry
	telemetry.sdk.language: dotnet
	telemetry.sdk.version: 1.10.0

Metric Name: dotnet.gc.last_collection.heap.fragmentation.size, Description: The heap fragmentation, as observed during the latest garbage collection., Unit: By
(2026-05-18T23:15:17.7143251Z, 2026-05-18T23:15:37.7055162Z] gc.heap.generation: gen0 LongSumNonMonotonic
Value: 0
Instrumentation scope (Meter):
	Name: System.Runtime
Resource associated with Metric:
	service.name: NatureProtector.Simulator.Host
	service.instance.id: 99000195-66f3-4e33-a516-0db73e038598
	telemetry.sdk.name: opentelemetry
	telemetry.sdk.language: dotnet
	telemetry.sdk.version: 1.10.0
(2026-05-18T23:15:17.7143251Z, 2026-05-18T23:15:37.7055162Z] gc.heap.generation: gen1 LongSumNonMonotonic
Value: 4145912
Instrumentation scope (Meter):
	Name: System.Runtime
Resource associated with Metric:
	service.name: NatureProtector.Simulator.Host
	service.instance.id: 99000195-66f3-4e33-a516-0db73e038598
	telemetry.sdk.name: opentelemetry
	telemetry.sdk.language: dotnet
	telemetry.sdk.version: 1.10.0
(2026-05-18T23:15:17.7143251Z, 2026-05-18T23:15:37.7055162Z] gc.heap.generation: gen2 LongSumNonMonotonic
Value: 0
Instrumentation scope (Meter):
	Name: System.Runtime
Resource associated with Metric:
	service.name: NatureProtector.Simulator.Host
	service.instance.id: 99000195-66f3-4e33-a516-0db73e038598
	telemetry.sdk.name: opentelemetry
	telemetry.sdk.language: dotnet
	telemetry.sdk.version: 1.10.0
(2026-05-18T23:15:17.7143251Z, 2026-05-18T23:15:37.7055162Z] gc.heap.generation: loh LongSumNonMonotonic
Value: 1120
Instrumentation scope (Meter):
	Name: System.Runtime
Resource associated with Metric:
	service.name: NatureProtector.Simulator.Host
	service.instance.id: 99000195-66f3-4e33-a516-0db73e038598
	telemetry.sdk.name: opentelemetry
	telemetry.sdk.language: dotnet
	telemetry.sdk.version: 1.10.0
(2026-05-18T23:15:17.7143251Z, 2026-05-18T23:15:37.7055162Z] gc.heap.generation: poh LongSumNonMonotonic
Value: 0
Instrumentation scope (Meter):
	Name: System.Runtime
Resource associated with Metric:
	service.name: NatureProtector.Simulator.Host
	service.instance.id: 99000195-66f3-4e33-a516-0db73e038598
	telemetry.sdk.name: opentelemetry
	telemetry.sdk.language: dotnet
	telemetry.sdk.version: 1.10.0

Metric Name: dotnet.gc.pause.time, Description: The total amount of time paused in GC since the process has started., Unit: s
(2026-05-18T23:15:17.7143358Z, 2026-05-18T23:15:37.7055165Z] DoubleSum
Value: 0.023682
Instrumentation scope (Meter):
	Name: System.Runtime
Resource associated with Metric:
	service.name: NatureProtector.Simulator.Host
	service.instance.id: 99000195-66f3-4e33-a516-0db73e038598
	telemetry.sdk.name: opentelemetry
	telemetry.sdk.language: dotnet
	telemetry.sdk.version: 1.10.0

Metric Name: dotnet.jit.compiled_il.size, Description: Count of bytes of intermediate language that have been compiled since the process has started., Unit: By
(2026-05-18T23:15:17.7143485Z, 2026-05-18T23:15:37.7055171Z] LongSum
Value: 1076268
Instrumentation scope (Meter):
	Name: System.Runtime
Resource associated with Metric:
	service.name: NatureProtector.Simulator.Host
	service.instance.id: 99000195-66f3-4e33-a516-0db73e038598
	telemetry.sdk.name: opentelemetry
	telemetry.sdk.language: dotnet
	telemetry.sdk.version: 1.10.0

Metric Name: dotnet.jit.compiled_methods, Description: The number of times the JIT compiler (re)compiled methods since the process has started., Unit: {method}
(2026-05-18T23:15:17.7143584Z, 2026-05-18T23:15:37.7055175Z] LongSum
Value: 13933
Instrumentation scope (Meter):
	Name: System.Runtime
Resource associated with Metric:
	service.name: NatureProtector.Simulator.Host
	service.instance.id: 99000195-66f3-4e33-a516-0db73e038598
	telemetry.sdk.name: opentelemetry
	telemetry.sdk.language: dotnet
	telemetry.sdk.version: 1.10.0

Metric Name: dotnet.jit.compilation.time, Description: The number of times the JIT compiler (re)compiled methods since the process has started., Unit: s
(2026-05-18T23:15:17.7152824Z, 2026-05-18T23:15:37.7055191Z] DoubleSum
Value: 1.4349949
Instrumentation scope (Meter):
	Name: System.Runtime
Resource associated with Metric:
	service.name: NatureProtector.Simulator.Host
	service.instance.id: 99000195-66f3-4e33-a516-0db73e038598
	telemetry.sdk.name: opentelemetry
	telemetry.sdk.language: dotnet
	telemetry.sdk.version: 1.10.0

Metric Name: dotnet.monitor.lock_contentions, Description: The number of times there was contention when trying to acquire a monitor lock since the process has started., Unit: {contention}
(2026-05-18T23:15:17.7152957Z, 2026-05-18T23:15:37.7055194Z] LongSum
Value: 27
Instrumentation scope (Meter):
	Name: System.Runtime
Resource associated with Metric:
	service.name: NatureProtector.Simulator.Host
	service.instance.id: 99000195-66f3-4e33-a516-0db73e038598
	telemetry.sdk.name: opentelemetry
	telemetry.sdk.language: dotnet
	telemetry.sdk.version: 1.10.0

Metric Name: dotnet.thread_pool.thread.count, Description: The number of thread pool threads that currently exist., Unit: {thread}
(2026-05-18T23:15:17.7153066Z, 2026-05-18T23:15:37.7055198Z] LongSum
Value: 3
Instrumentation scope (Meter):
	Name: System.Runtime
Resource associated with Metric:
	service.name: NatureProtector.Simulator.Host
	service.instance.id: 99000195-66f3-4e33-a516-0db73e038598
	telemetry.sdk.name: opentelemetry
	telemetry.sdk.language: dotnet
	telemetry.sdk.version: 1.10.0

Metric Name: dotnet.thread_pool.work_item.count, Description: The number of work items that the thread pool has completed since the process has started., Unit: {work_item}
(2026-05-18T23:15:17.7153219Z, 2026-05-18T23:15:37.7055201Z] LongSum
Value: 91
Instrumentation scope (Meter):
	Name: System.Runtime
Resource associated with Metric:
	service.name: NatureProtector.Simulator.Host
	service.instance.id: 99000195-66f3-4e33-a516-0db73e038598
	telemetry.sdk.name: opentelemetry
	telemetry.sdk.language: dotnet
	telemetry.sdk.version: 1.10.0

Metric Name: dotnet.thread_pool.queue.length, Description: The number of work items that are currently queued to be processed by the thread pool., Unit: {work_item}
(2026-05-18T23:15:17.7153348Z, 2026-05-18T23:15:37.7055218Z] LongSum
Value: 0
Instrumentation scope (Meter):
	Name: System.Runtime
Resource associated with Metric:
	service.name: NatureProtector.Simulator.Host
	service.instance.id: 99000195-66f3-4e33-a516-0db73e038598
	telemetry.sdk.name: opentelemetry
	telemetry.sdk.language: dotnet
	telemetry.sdk.version: 1.10.0

Metric Name: dotnet.timer.count, Description: The number of timer instances that are currently active. An active timer is registered to tick at some point in the future and has not yet been canceled., Unit: {timer}
(2026-05-18T23:15:17.7153451Z, 2026-05-18T23:15:37.7055221Z] LongSumNonMonotonic
Value: 6
Instrumentation scope (Meter):
	Name: System.Runtime
Resource associated with Metric:
	service.name: NatureProtector.Simulator.Host
	service.instance.id: 99000195-66f3-4e33-a516-0db73e038598
	telemetry.sdk.name: opentelemetry
	telemetry.sdk.language: dotnet
	telemetry.sdk.version: 1.10.0

Metric Name: dotnet.assembly.count, Description: The number of .NET assemblies that are currently loaded., Unit: {assembly}
(2026-05-18T23:15:17.7153571Z, 2026-05-18T23:15:37.7055226Z] LongSumNonMonotonic
Value: 105
Instrumentation scope (Meter):
	Name: System.Runtime
Resource associated with Metric:
	service.name: NatureProtector.Simulator.Host
	service.instance.id: 99000195-66f3-4e33-a516-0db73e038598
	telemetry.sdk.name: opentelemetry
	telemetry.sdk.language: dotnet
	telemetry.sdk.version: 1.10.0

Metric Name: dotnet.process.cpu.count, Description: The number of processors available to the process., Unit: {cpu}
(2026-05-18T23:15:17.7199902Z, 2026-05-18T23:15:37.7055234Z] LongSumNonMonotonic
Value: 16
Instrumentation scope (Meter):
	Name: System.Runtime
Resource associated with Metric:
	service.name: NatureProtector.Simulator.Host
	service.instance.id: 99000195-66f3-4e33-a516-0db73e038598
	telemetry.sdk.name: opentelemetry
	telemetry.sdk.language: dotnet
	telemetry.sdk.version: 1.10.0

Metric Name: dotnet.process.cpu.time, Description: CPU time used by the process., Unit: s
(2026-05-18T23:15:17.7200414Z, 2026-05-18T23:15:37.7055238Z] cpu.mode: user DoubleSum
Value: 2.09375
Instrumentation scope (Meter):
	Name: System.Runtime
Resource associated with Metric:
	service.name: NatureProtector.Simulator.Host
	service.instance.id: 99000195-66f3-4e33-a516-0db73e038598
	telemetry.sdk.name: opentelemetry
	telemetry.sdk.language: dotnet
	telemetry.sdk.version: 1.10.0
(2026-05-18T23:15:17.7200414Z, 2026-05-18T23:15:37.7055238Z] cpu.mode: system DoubleSum
Value: 0.171875
Instrumentation scope (Meter):
	Name: System.Runtime
Resource associated with Metric:
	service.name: NatureProtector.Simulator.Host
	service.instance.id: 99000195-66f3-4e33-a516-0db73e038598
	telemetry.sdk.name: opentelemetry
	telemetry.sdk.language: dotnet
	telemetry.sdk.version: 1.10.0

Metric Name: natureprotector.simulator.context.creations
(2026-05-18T23:15:17.7360638Z, 2026-05-18T23:15:37.7055248Z] LongSum
Value: 1
Instrumentation scope (Meter):
	Name: NatureProtector.Simulator.Host
Resource associated with Metric:
	service.name: NatureProtector.Simulator.Host
	service.instance.id: 99000195-66f3-4e33-a516-0db73e038598
	telemetry.sdk.name: opentelemetry
	telemetry.sdk.language: dotnet
	telemetry.sdk.version: 1.10.0

Metric Name: natureprotector.simulator.context.creation.duration, Unit: ms
(2026-05-18T23:15:17.7365451Z, 2026-05-18T23:15:37.7055260Z] Histogram
Value: Sum: 1285,7644 Count: 1 Min: 1285,7644 Max: 1285,7644 
(-Infinity,0]:0
(0,5]:0
(5,10]:0
(10,25]:0
(25,50]:0
(50,75]:0
(75,100]:0
(100,250]:0
(250,500]:0
(500,750]:0
(750,1000]:0
(1000,2500]:1
(2500,5000]:0
(5000,7500]:0
(7500,10000]:0
(10000,+Infinity]:0

Instrumentation scope (Meter):
	Name: NatureProtector.Simulator.Host
Resource associated with Metric:
	service.name: NatureProtector.Simulator.Host
	service.instance.id: 99000195-66f3-4e33-a516-0db73e038598
	telemetry.sdk.name: opentelemetry
	telemetry.sdk.language: dotnet
	telemetry.sdk.version: 1.10.0

Metric Name: natureprotector.simulator.runs
(2026-05-18T23:15:17.7365615Z, 2026-05-18T23:15:37.7055266Z] np.outcome: started LongSum
Value: 1
Instrumentation scope (Meter):
	Name: NatureProtector.Simulator.Host
Resource associated with Metric:
	service.name: NatureProtector.Simulator.Host
	service.instance.id: 99000195-66f3-4e33-a516-0db73e038598
	telemetry.sdk.name: opentelemetry
	telemetry.sdk.language: dotnet
	telemetry.sdk.version: 1.10.0

Metric Name: natureprotector.simulator.publish.messages
(2026-05-18T23:15:17.7365787Z, 2026-05-18T23:15:37.7055285Z] LongSum
Value: 24
Instrumentation scope (Meter):
	Name: NatureProtector.Simulator.Host
Resource associated with Metric:
	service.name: NatureProtector.Simulator.Host
	service.instance.id: 99000195-66f3-4e33-a516-0db73e038598
	telemetry.sdk.name: opentelemetry
	telemetry.sdk.language: dotnet
	telemetry.sdk.version: 1.10.0

Metric Name: natureprotector.simulator.publish.batch.size
(2026-05-18T23:15:17.7369973Z, 2026-05-18T23:15:37.7055323Z] Histogram
Value: Sum: 24 Count: 4 Min: 6 Max: 6 
(-Infinity,0]:0
(0,5]:0
(5,10]:4
(10,25]:0
(25,50]:0
(50,75]:0
(75,100]:0
(100,250]:0
(250,500]:0
(500,750]:0
(750,1000]:0
(1000,2500]:0
(2500,5000]:0
(5000,7500]:0
(7500,10000]:0
(10000,+Infinity]:0

Instrumentation scope (Meter):
	Name: NatureProtector.Simulator.Host
Resource associated with Metric:
	service.name: NatureProtector.Simulator.Host
	service.instance.id: 99000195-66f3-4e33-a516-0db73e038598
	telemetry.sdk.name: opentelemetry
	telemetry.sdk.language: dotnet
	telemetry.sdk.version: 1.10.0

Metric Name: natureprotector.simulator.publish.duration, Unit: ms
(2026-05-18T23:15:17.7370138Z, 2026-05-18T23:15:37.7055337Z] Histogram
Value: Sum: 448,4602000000001 Count: 28 Min: 0,0736 Max: 204,7982 
(-Infinity,0]:0
(0,5]:23
(5,10]:0
(10,25]:3
(25,50]:0
(50,75]:0
(75,100]:0
(100,250]:2
(250,500]:0
(500,750]:0
(750,1000]:0
(1000,2500]:0
(2500,5000]:0
(5000,7500]:0
(7500,10000]:0
(10000,+Infinity]:0

Instrumentation scope (Meter):
	Name: NatureProtector.Simulator.Host
Resource associated with Metric:
	service.name: NatureProtector.Simulator.Host
	service.instance.id: 99000195-66f3-4e33-a516-0db73e038598
	telemetry.sdk.name: opentelemetry
	telemetry.sdk.language: dotnet
	telemetry.sdk.version: 1.10.0

Metric Name: dns.lookup.duration, Description: Measures the time taken to perform a DNS lookup., Unit: s
(2026-05-18T23:15:18.5953592Z, 2026-05-18T23:15:37.7055351Z] dns.question.name: localhost Histogram
Value: Sum: 0,0075304000000000005 Count: 2 Min: 0,000382 Max: 0,0071484 
(-Infinity,0,005]:1
(0,005,0,01]:1
(0,01,0,025]:0
(0,025,0,05]:0
(0,05,0,075]:0
(0,075,0,1]:0
(0,1,0,25]:0
(0,25,0,5]:0
(0,5,0,75]:0
(0,75,1]:0
(1,2,5]:0
(2,5,5]:0
(5,7,5]:0
(7,5,10]:0
(10,+Infinity]:0

Instrumentation scope (Meter):
	Name: System.Net.NameResolution
Resource associated with Metric:
	service.name: NatureProtector.Simulator.Host
	service.instance.id: 99000195-66f3-4e33-a516-0db73e038598
	telemetry.sdk.name: opentelemetry
	telemetry.sdk.language: dotnet
	telemetry.sdk.version: 1.10.0
Activity.TraceId:            8379de0d4742844cacacafe275999324
Activity.SpanId:             d645eef4f9d3b980
Activity.TraceFlags:         Recorded
Activity.ParentSpanId:       b2def54c5e1d909e
Activity.DisplayName:        natureprotector.simulator.cycle
Activity.Kind:               Internal
Activity.StartTime:          2026-05-18T23:15:34.6859314Z
Activity.Duration:           00:00:05.0279675
Activity.Tags:
    np.simulation_run_id: d8203d4b-1839-4908-87ef-05633c1f1ae5
    np.area_id: b3f4fb84-bf17-5522-a5f3-70fd1212f381
    np.scenario_id: 6034251c-b502-5f7b-a557-7187178cfb04
Instrumentation scope (ActivitySource):
    Name: NatureProtector.Simulator.Host
Resource associated with Activity:
    service.name: NatureProtector.Simulator.Host
    service.instance.id: 99000195-66f3-4e33-a516-0db73e038598
    telemetry.sdk.name: opentelemetry
    telemetry.sdk.language: dotnet
    telemetry.sdk.version: 1.10.0

info: NatureProtector.Simulator.Host.Services.SimulationRunner[0]
      Starting simulation cycle 5/5 at logical time 09/13/2020 12:00:20 +02:00.
info: NatureProtector.Simulator.Host.Publishing.RabbitMqReadingPublisher[0]
      Published SensorReadingProduced to RabbitMQ | EventId=dfc70f64-afc9-4f2b-aa2c-70f890c4bffb | CorrelationId=d8203d4b1839490887ef05633c1f1ae5-0004-22702eee75aa3cf431abb689bfb9a8bc | SensorId=22702eee-75aa-3cf4-31ab-b689bfb9a8bc | SensorName=pilot-humidity-0001 | Value=21.1838889629231
Activity.TraceId:            8379de0d4742844cacacafe275999324
Activity.SpanId:             33a699ee57a76e83
Activity.TraceFlags:         Recorded
Activity.ParentSpanId:       ce8552844683e7b2
Activity.DisplayName:        natureprotector.simulator.publish
Activity.Kind:               Internal
Activity.StartTime:          2026-05-18T23:15:39.7165587Z
Activity.Duration:           00:00:00.0001023
Activity.Tags:
    np.event_id: dfc70f64-afc9-4f2b-aa2c-70f890c4bffb
    np.correlation_id: d8203d4b1839490887ef05633c1f1ae5-0004-22702eee75aa3cf431abb689bfb9a8bc
    np.area_id: b3f4fb84-bf17-5522-a5f3-70fd1212f381
    np.simulation_run_id: d8203d4b-1839-4908-87ef-05633c1f1ae5
    np.sensor_id: 22702eee-75aa-3cf4-31ab-b689bfb9a8bc
    np.sensor_name: pilot-humidity-0001
    np.metric_type: Humidity
Instrumentation scope (ActivitySource):
    Name: NatureProtector.Simulator.Host
Resource associated with Activity:
    service.name: NatureProtector.Simulator.Host
    service.instance.id: 99000195-66f3-4e33-a516-0db73e038598
    telemetry.sdk.name: opentelemetry
    telemetry.sdk.language: dotnet
    telemetry.sdk.version: 1.10.0

info: NatureProtector.Simulator.Host.Publishing.RabbitMqReadingPublisher[0]
      Published SensorReadingProduced to RabbitMQ | EventId=26662362-72fb-48c2-b979-328038304e80 | CorrelationId=d8203d4b1839490887ef05633c1f1ae5-0004-2f494582407786f29707780861949155 | SensorId=2f494582-4077-86f2-9707-780861949155 | SensorName=pilot-humidity-0230 | Value=20.882845981616526
Activity.TraceId:            8379de0d4742844cacacafe275999324
Activity.SpanId:             2768a146e920e3ee
Activity.TraceFlags:         Recorded
Activity.ParentSpanId:       ce8552844683e7b2
Activity.DisplayName:        natureprotector.simulator.publish
Activity.Kind:               Internal
Activity.StartTime:          2026-05-18T23:15:39.7194807Z
Activity.Duration:           00:00:00.0000992
Activity.Tags:
    np.event_id: 26662362-72fb-48c2-b979-328038304e80
    np.correlation_id: d8203d4b1839490887ef05633c1f1ae5-0004-2f494582407786f29707780861949155
    np.area_id: b3f4fb84-bf17-5522-a5f3-70fd1212f381
    np.simulation_run_id: d8203d4b-1839-4908-87ef-05633c1f1ae5
    np.sensor_id: 2f494582-4077-86f2-9707-780861949155
    np.sensor_name: pilot-humidity-0230
    np.metric_type: Humidity
Instrumentation scope (ActivitySource):
    Name: NatureProtector.Simulator.Host
Resource associated with Activity:
    service.name: NatureProtector.Simulator.Host
    service.instance.id: 99000195-66f3-4e33-a516-0db73e038598
    telemetry.sdk.name: opentelemetry
    telemetry.sdk.language: dotnet
    telemetry.sdk.version: 1.10.0

Activity.TraceId:            8379de0d4742844cacacafe275999324
Activity.SpanId:             7a1c9b49254a1357
Activity.TraceFlags:         Recorded
Activity.ParentSpanId:       ce8552844683e7b2
Activity.DisplayName:        natureprotector.simulator.publish
Activity.Kind:               Internal
info: NatureProtector.Simulator.Host.Publishing.RabbitMqReadingPublisher[0]
      Published SensorReadingProduced to RabbitMQ | EventId=d50f8788-b690-46a4-aea3-a652e722b439 | CorrelationId=d8203d4b1839490887ef05633c1f1ae5-0004-27bf9aad094f7dc645b2129a8cc0522e | SensorId=27bf9aad-094f-7dc6-45b2-129a8cc0522e | SensorName=pilot-temperature-0001 | Value=32.20713720205378
Activity.StartTime:          2026-05-18T23:15:39.7222686Z
Activity.Duration:           00:00:00.0000679
Activity.Tags:
    np.event_id: d50f8788-b690-46a4-aea3-a652e722b439
    np.correlation_id: d8203d4b1839490887ef05633c1f1ae5-0004-27bf9aad094f7dc645b2129a8cc0522e
    np.area_id: b3f4fb84-bf17-5522-a5f3-70fd1212f381
    np.simulation_run_id: d8203d4b-1839-4908-87ef-05633c1f1ae5
    np.sensor_id: 27bf9aad-094f-7dc6-45b2-129a8cc0522e
    np.sensor_name: pilot-temperature-0001
    np.metric_type: Temperature
Instrumentation scope (ActivitySource):
    Name: NatureProtector.Simulator.Host
Resource associated with Activity:
    service.name: NatureProtector.Simulator.Host
    service.instance.id: 99000195-66f3-4e33-a516-0db73e038598
    telemetry.sdk.name: opentelemetry
    telemetry.sdk.language: dotnet
    telemetry.sdk.version: 1.10.0

info: NatureProtector.Simulator.Host.Publishing.RabbitMqReadingPublisher[0]
      Published SensorReadingProduced to RabbitMQ | EventId=5e03377d-1337-4834-aa78-e045c33e3a6f | CorrelationId=d8203d4b1839490887ef05633c1f1ae5-0004-8e6a3d8a7e654fa58c51fa4597b203b8 | SensorId=8e6a3d8a-7e65-4fa5-8c51-fa4597b203b8 | SensorName=pilot-temperature-0230 | Value=32.62392939500499
Activity.TraceId:            8379de0d4742844cacacafe275999324
Activity.SpanId:             1fa04973db64fcd3
Activity.TraceFlags:         Recorded
Activity.ParentSpanId:       ce8552844683e7b2
Activity.DisplayName:        natureprotector.simulator.publish
Activity.Kind:               Internal
Activity.StartTime:          2026-05-18T23:15:39.7251587Z
Activity.Duration:           00:00:00.0001520
Activity.Tags:
    np.event_id: 5e03377d-1337-4834-aa78-e045c33e3a6f
    np.correlation_id: d8203d4b1839490887ef05633c1f1ae5-0004-8e6a3d8a7e654fa58c51fa4597b203b8
    np.area_id: b3f4fb84-bf17-5522-a5f3-70fd1212f381
    np.simulation_run_id: d8203d4b-1839-4908-87ef-05633c1f1ae5
    np.sensor_id: 8e6a3d8a-7e65-4fa5-8c51-fa4597b203b8
    np.sensor_name: pilot-temperature-0230
    np.metric_type: Temperature
Instrumentation scope (ActivitySource):
    Name: NatureProtector.Simulator.Host
Resource associated with Activity:
    service.name: NatureProtector.Simulator.Host
    service.instance.id: 99000195-66f3-4e33-a516-0db73e038598
    telemetry.sdk.name: opentelemetry
    telemetry.sdk.language: dotnet
    telemetry.sdk.version: 1.10.0

info: NatureProtector.Simulator.Host.Publishing.RabbitMqReadingPublisher[0]
      Published SensorReadingProduced to RabbitMQ | EventId=bbab86b1-45cd-4411-b82a-33566287e3d1 | CorrelationId=d8203d4b1839490887ef05633c1f1ae5-0004-e7660606cadd4212e67b574c09ef789a | SensorId=e7660606-cadd-4212-e67b-574c09ef789a | SensorName=pilot-wind-0001 | Value=5.640466629219916
Activity.TraceId:            8379de0d4742844cacacafe275999324
Activity.SpanId:             f2e731f3284fae25
Activity.TraceFlags:         Recorded
Activity.ParentSpanId:       ce8552844683e7b2
Activity.DisplayName:        natureprotector.simulator.publish
Activity.Kind:               Internal
Activity.StartTime:          2026-05-18T23:15:39.7284685Z
Activity.Duration:           00:00:00.0001350
Activity.Tags:
    np.event_id: bbab86b1-45cd-4411-b82a-33566287e3d1
    np.correlation_id: d8203d4b1839490887ef05633c1f1ae5-0004-e7660606cadd4212e67b574c09ef789a
    np.area_id: b3f4fb84-bf17-5522-a5f3-70fd1212f381
    np.simulation_run_id: d8203d4b-1839-4908-87ef-05633c1f1ae5
    np.sensor_id: e7660606-cadd-4212-e67b-574c09ef789a
    np.sensor_name: pilot-wind-0001
    np.metric_type: WindSpeed
Instrumentation scope (ActivitySource):
    Name: NatureProtector.Simulator.Host
Resource associated with Activity:
    service.name: NatureProtector.Simulator.Host
    service.instance.id: 99000195-66f3-4e33-a516-0db73e038598
    telemetry.sdk.name: opentelemetry
    telemetry.sdk.language: dotnet
    telemetry.sdk.version: 1.10.0

info: NatureProtector.Simulator.Host.Publishing.RabbitMqReadingPublisher[0]
      Published SensorReadingProduced to RabbitMQ | EventId=7dc91903-2d96-4b65-b7fa-f5161599e1a1 | CorrelationId=d8203d4b1839490887ef05633c1f1ae5-0004-17badc17792017acc213db1c12bedfb2 | SensorId=17badc17-7920-17ac-c213-db1c12bedfb2 | SensorName=pilot-wind-0230 | Value=5.45043291642769
Activity.TraceId:            8379de0d4742844cacacafe275999324
Activity.SpanId:             88a073b7ad0dd5a0
Activity.TraceFlags:         Recorded
Activity.ParentSpanId:       ce8552844683e7b2
Activity.DisplayName:        natureprotector.simulator.publish
Activity.Kind:               Internal
Activity.StartTime:          2026-05-18T23:15:39.7312895Z
Activity.Duration:           00:00:00.0000985
Activity.Tags:
    np.event_id: 7dc91903-2d96-4b65-b7fa-f5161599e1a1
    np.correlation_id: d8203d4b1839490887ef05633c1f1ae5-0004-17badc17792017acc213db1c12bedfb2
    np.area_id: b3f4fb84-bf17-5522-a5f3-70fd1212f381
    np.simulation_run_id: d8203d4b-1839-4908-87ef-05633c1f1ae5
    np.sensor_id: 17badc17-7920-17ac-c213-db1c12bedfb2
    np.sensor_name: pilot-wind-0230
    np.metric_type: WindSpeed
Instrumentation scope (ActivitySource):
    Name: NatureProtector.Simulator.Host
Resource associated with Activity:
    service.name: NatureProtector.Simulator.Host
    service.instance.id: 99000195-66f3-4e33-a516-0db73e038598
    telemetry.sdk.name: opentelemetry
    telemetry.sdk.language: dotnet
    telemetry.sdk.version: 1.10.0

Activity.TraceId:            8379de0d4742844cacacafe275999324
Activity.SpanId:             ce8552844683e7b2
Activity.TraceFlags:         Recorded
Activity.ParentSpanId:       b2def54c5e1d909e
Activity.DisplayName:        natureprotector.simulator.cycle
Activity.Kind:               Internal
Activity.StartTime:          2026-05-18T23:15:39.7164635Z
Activity.Duration:           00:00:00.0176631
Activity.Tags:
    np.simulation_run_id: d8203d4b-1839-4908-87ef-05633c1f1ae5
    np.area_id: b3f4fb84-bf17-5522-a5f3-70fd1212f381
    np.scenario_id: 6034251c-b502-5f7b-a557-7187178cfb04
Instrumentation scope (ActivitySource):
    Name: NatureProtector.Simulator.Host
Resource associated with Activity:
    service.name: NatureProtector.Simulator.Host
    service.instance.id: 99000195-66f3-4e33-a516-0db73e038598
    telemetry.sdk.name: opentelemetry
    telemetry.sdk.language: dotnet
    telemetry.sdk.version: 1.10.0

info: Microsoft.EntityFrameworkCore.Database.Command[20101]
      Executed DbCommand (1ms) [Parameters=[@__run_Id_0='?' (DbType = Guid)], CommandType='Text', CommandTimeout='30']
      SELECT s."Id", s."AreaId", s."ConfigurationVersionId", s."CreatedAt", s."EndedAt", s."ExecutionSeed", s."IntervalSeconds", s."LogicalStartTimestamp", s."MetadataJson", s."NumberOfCycles", s."ScenarioCode", s."ScenarioId", s."ScenarioName", s."StartedAt", s."Status"
      FROM control.simulation_runs AS s
      WHERE s."Id" = @__run_Id_0
      LIMIT 2
info: Microsoft.EntityFrameworkCore.Database.Command[20101]
      Executed DbCommand (3ms) [Parameters=[@p3='?' (DbType = Guid), @p0='?' (DbType = DateTime), @p1='?' (DbType = DateTime), @p2='?' (DbType = Int32)], CommandType='Text', CommandTimeout='30']
      UPDATE control.simulation_runs SET "EndedAt" = @p0, "StartedAt" = @p1, "Status" = @p2
      WHERE "Id" = @p3;
info: NatureProtector.Simulator.Host.Services.SimulationRunner[0]
      Simulation completed successfully | SimulationRunId=d8203d4b-1839-4908-87ef-05633c1f1ae5 | CompletedAt=05/18/2026 23:15:39 +00:00 | LogicalCompletedAt=09/13/2020 12:00:25 +02:00.
Activity.TraceId:            8379de0d4742844cacacafe275999324
Activity.SpanId:             b2def54c5e1d909e
Activity.TraceFlags:         Recorded
Activity.DisplayName:        natureprotector.simulator.run
Activity.Kind:               Internal
Activity.StartTime:          2026-05-18T23:15:17.7387546Z
Activity.Duration:           00:00:22.0052804
Activity.Tags:
    np.area_id: b3f4fb84-bf17-5522-a5f3-70fd1212f381
    np.scenario_id: 6034251c-b502-5f7b-a557-7187178cfb04
    np.scenario_code: scenario_b
    np.simulation_run_id: d8203d4b-1839-4908-87ef-05633c1f1ae5
    np.outcome: completed
Instrumentation scope (ActivitySource):
    Name: NatureProtector.Simulator.Host
Resource associated with Activity:
    service.name: NatureProtector.Simulator.Host
    service.instance.id: 99000195-66f3-4e33-a516-0db73e038598
    telemetry.sdk.name: opentelemetry
    telemetry.sdk.language: dotnet
    telemetry.sdk.version: 1.10.0



=== STDERR ===
