=== STDOUT ===
Using launch settings from src\NatureProtector.Simulator.Host\Properties\launchSettings.json...
Building...
C:\Users\Miguel\UNI\6sem\PS\IMP\D\NatureProtector\src\NatureProtector.Shared\NatureProtector.Shared.csproj : warning NU1902: Package 'OpenTelemetry.Exporter.OpenTelemetryProtocol' 1.10.0 has a known moderate severity vulnerability, https://github.com/advisories/GHSA-4625-4j76-fww9 [C:\Users\Miguel\UNI\6sem\PS\IMP\D\NatureProtector\src\NatureProtector.Simulator.Host\NatureProtector.Simulator.Host.csproj]
C:\Users\Miguel\UNI\6sem\PS\IMP\D\NatureProtector\src\NatureProtector.Shared\NatureProtector.Shared.csproj : warning NU1902: Package 'OpenTelemetry.Exporter.OpenTelemetryProtocol' 1.10.0 has a known moderate severity vulnerability, https://github.com/advisories/GHSA-4625-4j76-fww9
info: NatureProtector.Simulator.Host.Services.SimulationRunner[0]
      Simulation runner starting at 05/16/2026 22:31:07 +00:00.
info: Microsoft.Hosting.Lifetime[0]
      Application started. Press Ctrl+C to shut down.
info: Microsoft.Hosting.Lifetime[0]
      Hosting environment: Development
info: Microsoft.Hosting.Lifetime[0]
      Content root path: C:\Users\Miguel\UNI\6sem\PS\IMP\D\NatureProtector\src\NatureProtector.Simulator.Host
info: Microsoft.EntityFrameworkCore.Database.Command[20101]
      Executed DbCommand (31ms) [Parameters=[@___options_AreaId_0='?' (DbType = Guid)], CommandType='Text', CommandTimeout='30']
      SELECT a."Id", a."Code", a."ConfigurationVersionId", a."CountryCode", a."GeometryGeoJson", a."MetadataJson", a."Name"
      FROM control.areas AS a
      WHERE a."Id" = @___options_AreaId_0
      LIMIT 2
info: Microsoft.EntityFrameworkCore.Database.Command[20101]
      Executed DbCommand (8ms) [Parameters=[@___options_ControlPlaneAreaCode_0='?'], CommandType='Text', CommandTimeout='30']
      SELECT a."Id", a."Code", a."ConfigurationVersionId", a."CountryCode", a."GeometryGeoJson", a."MetadataJson", a."Name"
      FROM control.areas AS a
      WHERE a."Code" = @___options_ControlPlaneAreaCode_0
      LIMIT 2
info: Microsoft.EntityFrameworkCore.Database.Command[20101]
      Executed DbCommand (1ms) [Parameters=[@__areaId_0='?' (DbType = Guid), @___options_ScenarioId_1='?' (DbType = Guid)], CommandType='Text', CommandTimeout='30']
      SELECT s."Id", s."AreaId", s."BaseScenarioId", s."Code", s."ConfigurationVersionId", s."Description", s."Name", s."ParametersJson", s."ScenarioKind"
      FROM control.scenario_definitions AS s
      WHERE s."AreaId" = @__areaId_0 AND s."Id" = @___options_ScenarioId_1
      LIMIT 2
info: Microsoft.EntityFrameworkCore.Database.Command[20101]
      Executed DbCommand (1ms) [Parameters=[@__areaId_0='?' (DbType = Guid), @___options_ControlPlaneScenarioCode_1='?'], CommandType='Text', CommandTimeout='30']
      SELECT s."Id", s."AreaId", s."BaseScenarioId", s."Code", s."ConfigurationVersionId", s."Description", s."Name", s."ParametersJson", s."ScenarioKind"
      FROM control.scenario_definitions AS s
      WHERE s."AreaId" = @__areaId_0 AND s."Code" = @___options_ControlPlaneScenarioCode_1
      LIMIT 2
info: Microsoft.EntityFrameworkCore.Database.Command[20101]
      Executed DbCommand (5ms) [Parameters=[@__area_Id_0='?' (DbType = Guid)], CommandType='Text', CommandTimeout='30']
      SELECT s."Id", s."AltitudeMeters", s."AreaId", s."ConfigurationVersionId", s."GridCellId", s."InstallationProfile", s."IsActive", s."Latitude", s."Longitude", s."Name", s."NetworkId", s."ProfileId", s."Type", s0."Id", s0."AccuracyProfileJson", s0."ConfigurationVersionId", s0."FaultProfileJson", s0."Name", s0."NoiseProfileJson", s0."PublicationPolicyJson", s0."SensorFamily"
      FROM control.sensor_nodes AS s
      INNER JOIN control.sensor_profiles AS s0 ON s."ProfileId" = s0."Id"
      WHERE s."AreaId" = @__area_Id_0 AND s."IsActive"
      ORDER BY s."Name"
Activity.TraceId:            7502d7abe58073c2a5d960d978156d2a
Activity.SpanId:             b652f0f79c7af504
Activity.TraceFlags:         Recorded
Activity.ParentSpanId:       25227b6b6a5cabd5
Activity.DisplayName:        natureprotector.simulator.context.create_from_postgres
Activity.Kind:               Internal
Activity.StartTime:          2026-05-16T22:31:07.2816096Z
Activity.Duration:           00:00:01.1301354
Activity.Tags:
    np.area_id: b3f4fb84-bf17-5522-a5f3-70fd1212f381
    np.scenario_id: 6034251c-b502-5f7b-a557-7187178cfb04
    np.scenario_code: scenario_b
    np.configuration_version: c03be3d5-1f70-15cb-2fc0-3c86a204a644
    np.outcome: completed
Instrumentation scope (ActivitySource):
    Name: NatureProtector.Simulator.Host
Resource associated with Activity:
    service.name: NatureProtector.Simulator.Host
    service.instance.id: 742e4a5e-ae93-4c3c-a47b-f5f2da3f00e3
    telemetry.sdk.name: opentelemetry
    telemetry.sdk.language: dotnet
    telemetry.sdk.version: 1.10.0

info: NatureProtector.Simulator.Host.Services.SimulationRunner[0]
      Simulation context created | AreaId=b3f4fb84-bf17-5522-a5f3-70fd1212f381 | ScenarioId=6034251c-b502-5f7b-a557-7187178cfb04 | ScenarioName=Scenario B - High Risk Proenca-a-Nova | Seed=12345 | Cycles=5 | Interval=5s
info: Microsoft.EntityFrameworkCore.Database.Command[20101]
      Executed DbCommand (1ms) [Parameters=[@__run_Id_0='?' (DbType = Guid)], CommandType='Text', CommandTimeout='30']
      SELECT s."Id", s."AreaId", s."ConfigurationVersionId", s."CreatedAt", s."EndedAt", s."ExecutionSeed", s."IntervalSeconds", s."LogicalStartTimestamp", s."MetadataJson", s."NumberOfCycles", s."ScenarioCode", s."ScenarioId", s."ScenarioName", s."StartedAt", s."Status"
      FROM control.simulation_runs AS s
      WHERE s."Id" = @__run_Id_0
      LIMIT 2
info: Microsoft.EntityFrameworkCore.Database.Command[20101]
      Executed DbCommand (7ms) [Parameters=[@p0='?' (DbType = Guid), @p1='?' (DbType = Guid), @p2='?' (DbType = Guid), @p3='?' (DbType = DateTime), @p4='?' (DbType = DateTime), @p5='?' (DbType = Int32), @p6='?' (DbType = Int32), @p7='?' (DbType = DateTime), @p8='?', @p9='?' (DbType = Int32), @p10='?', @p11='?' (DbType = Guid), @p12='?', @p13='?' (DbType = DateTime), @p14='?' (DbType = Int32)], CommandType='Text', CommandTimeout='30']
      INSERT INTO control.simulation_runs ("Id", "AreaId", "ConfigurationVersionId", "CreatedAt", "EndedAt", "ExecutionSeed", "IntervalSeconds", "LogicalStartTimestamp", "MetadataJson", "NumberOfCycles", "ScenarioCode", "ScenarioId", "ScenarioName", "StartedAt", "Status")
      VALUES (@p0, @p1, @p2, @p3, @p4, @p5, @p6, @p7, @p8, @p9, @p10, @p11, @p12, @p13, @p14);
info: Microsoft.EntityFrameworkCore.Database.Command[20101]
      Executed DbCommand (1ms) [Parameters=[@__run_Id_0='?' (DbType = Guid)], CommandType='Text', CommandTimeout='30']
      SELECT s."Id", s."AreaId", s."ConfigurationVersionId", s."CreatedAt", s."EndedAt", s."ExecutionSeed", s."IntervalSeconds", s."LogicalStartTimestamp", s."MetadataJson", s."NumberOfCycles", s."ScenarioCode", s."ScenarioId", s."ScenarioName", s."StartedAt", s."Status"
      FROM control.simulation_runs AS s
      WHERE s."Id" = @__run_Id_0
      LIMIT 2
info: Microsoft.EntityFrameworkCore.Database.Command[20101]
      Executed DbCommand (3ms) [Parameters=[@p2='?' (DbType = Guid), @p0='?' (DbType = DateTime), @p1='?' (DbType = Int32)], CommandType='Text', CommandTimeout='30']
      UPDATE control.simulation_runs SET "StartedAt" = @p0, "Status" = @p1
      WHERE "Id" = @p2;
info: NatureProtector.Simulator.Host.Services.SimulationRunner[0]
      Simulation run started | SimulationRunId=be6a783b-ad1b-42b0-a541-4245c375f014 | StartedAt=05/16/2026 22:31:08 +00:00 | LogicalStartTimestamp=09/13/2020 12:00:00 +02:00
info: NatureProtector.Simulator.Host.Services.SimulationRunner[0]
      Starting simulation cycle 1/5 at logical time 09/13/2020 12:00:00 +02:00.
info: NatureProtector.Simulator.Host.Publishing.RabbitMqReadingPublisher[0]
      RabbitMQ publisher connected | Host=localhost | Port=5672 | Exchange=np.events
info: NatureProtector.Simulator.Host.Publishing.RabbitMqReadingPublisher[0]
      Published SensorReadingProduced to RabbitMQ | EventId=527c80a2-fe71-4bf1-bc11-4f7c558c1a1d | CorrelationId=be6a783bad1b42b0a5414245c375f014-0000-22702eee75aa3cf431abb689bfb9a8bc | SensorId=22702eee-75aa-3cf4-31ab-b689bfb9a8bc | SensorName=pilot-humidity-0001 | Value=24.183303066870806
Activity.TraceId:            7502d7abe58073c2a5d960d978156d2a
Activity.SpanId:             00b630ac8f034e89
Activity.TraceFlags:         Recorded
Activity.ParentSpanId:       06b920447844b1af
Activity.DisplayName:        natureprotector.simulator.publish
Activity.Kind:               Internal
Activity.StartTime:          2026-05-16T22:31:08.6340313Z
Activity.Duration:           00:00:00.1123676
Activity.Tags:
    np.event_id: 527c80a2-fe71-4bf1-bc11-4f7c558c1a1d
    np.correlation_id: be6a783bad1b42b0a5414245c375f014-0000-22702eee75aa3cf431abb689bfb9a8bc
    np.area_id: b3f4fb84-bf17-5522-a5f3-70fd1212f381
    np.simulation_run_id: be6a783b-ad1b-42b0-a541-4245c375f014
    np.sensor_id: 22702eee-75aa-3cf4-31ab-b689bfb9a8bc
    np.sensor_name: pilot-humidity-0001
    np.metric_type: Humidity
Instrumentation scope (ActivitySource):
    Name: NatureProtector.Simulator.Host
Resource associated with Activity:
    service.name: NatureProtector.Simulator.Host
    service.instance.id: 742e4a5e-ae93-4c3c-a47b-f5f2da3f00e3
    telemetry.sdk.name: opentelemetry
    telemetry.sdk.language: dotnet
    telemetry.sdk.version: 1.10.0

info: NatureProtector.Simulator.Host.Publishing.RabbitMqReadingPublisher[0]
      Published SensorReadingProduced to RabbitMQ | EventId=26614d4c-d96d-42aa-9edd-175cbe5b525c | CorrelationId=be6a783bad1b42b0a5414245c375f014-0000-2f494582407786f29707780861949155 | SensorId=2f494582-4077-86f2-9707-780861949155 | SensorName=pilot-humidity-0230 | Value=25.02116461064255
Activity.TraceId:            7502d7abe58073c2a5d960d978156d2a
Activity.SpanId:             9915d5728755bc95
Activity.TraceFlags:         Recorded
Activity.ParentSpanId:       06b920447844b1af
Activity.DisplayName:        natureprotector.simulator.publish
Activity.Kind:               Internal
Activity.StartTime:          2026-05-16T22:31:08.7500776Z
Activity.Duration:           00:00:00.0002922
Activity.Tags:
    np.event_id: 26614d4c-d96d-42aa-9edd-175cbe5b525c
    np.correlation_id: be6a783bad1b42b0a5414245c375f014-0000-2f494582407786f29707780861949155
    np.area_id: b3f4fb84-bf17-5522-a5f3-70fd1212f381
    np.simulation_run_id: be6a783b-ad1b-42b0-a541-4245c375f014
    np.sensor_id: 2f494582-4077-86f2-9707-780861949155
    np.sensor_name: pilot-humidity-0230
    np.metric_type: Humidity
Instrumentation scope (ActivitySource):
    Name: NatureProtector.Simulator.Host
Resource associated with Activity:
    service.name: NatureProtector.Simulator.Host
    service.instance.id: 742e4a5e-ae93-4c3c-a47b-f5f2da3f00e3
    telemetry.sdk.name: opentelemetry
    telemetry.sdk.language: dotnet
    telemetry.sdk.version: 1.10.0

info: NatureProtector.Simulator.Host.Publishing.RabbitMqReadingPublisher[0]
      Published SensorReadingProduced to RabbitMQ | EventId=24763221-c00d-4247-b9b7-c19820fcd2c9 | CorrelationId=be6a783bad1b42b0a5414245c375f014-0000-27bf9aad094f7dc645b2129a8cc0522e | SensorId=27bf9aad-094f-7dc6-45b2-129a8cc0522e | SensorName=pilot-temperature-0001 | Value=31.235661969536757
Activity.TraceId:            7502d7abe58073c2a5d960d978156d2a
Activity.SpanId:             1efaf048f21f0c74
Activity.TraceFlags:         Recorded
Activity.ParentSpanId:       06b920447844b1af
Activity.DisplayName:        natureprotector.simulator.publish
Activity.Kind:               Internal
Activity.StartTime:          2026-05-16T22:31:08.7543379Z
Activity.Duration:           00:00:00.0001628
Activity.Tags:
    np.event_id: 24763221-c00d-4247-b9b7-c19820fcd2c9
    np.correlation_id: be6a783bad1b42b0a5414245c375f014-0000-27bf9aad094f7dc645b2129a8cc0522e
    np.area_id: b3f4fb84-bf17-5522-a5f3-70fd1212f381
    np.simulation_run_id: be6a783b-ad1b-42b0-a541-4245c375f014
    np.sensor_id: 27bf9aad-094f-7dc6-45b2-129a8cc0522e
    np.sensor_name: pilot-temperature-0001
    np.metric_type: Temperature
Instrumentation scope (ActivitySource):
    Name: NatureProtector.Simulator.Host
Resource associated with Activity:
    service.name: NatureProtector.Simulator.Host
    service.instance.id: 742e4a5e-ae93-4c3c-a47b-f5f2da3f00e3
    telemetry.sdk.name: opentelemetry
    telemetry.sdk.language: dotnet
    telemetry.sdk.version: 1.10.0

info: NatureProtector.Simulator.Host.Publishing.RabbitMqReadingPublisher[0]
      Published SensorReadingProduced to RabbitMQ | EventId=1e41f4aa-c1e1-4558-8884-1539d88954a8 | CorrelationId=be6a783bad1b42b0a5414245c375f014-0000-8e6a3d8a7e654fa58c51fa4597b203b8 | SensorId=8e6a3d8a-7e65-4fa5-8c51-fa4597b203b8 | SensorName=pilot-temperature-0230 | Value=31.17001404891257
Activity.TraceId:            7502d7abe58073c2a5d960d978156d2a
Activity.SpanId:             98828a6b0bd66514
Activity.TraceFlags:         Recorded
Activity.ParentSpanId:       06b920447844b1af
Activity.DisplayName:        natureprotector.simulator.publish
Activity.Kind:               Internal
Activity.StartTime:          2026-05-16T22:31:08.7571734Z
Activity.Duration:           00:00:00.0000872
Activity.Tags:
    np.event_id: 1e41f4aa-c1e1-4558-8884-1539d88954a8
    np.correlation_id: be6a783bad1b42b0a5414245c375f014-0000-8e6a3d8a7e654fa58c51fa4597b203b8
    np.area_id: b3f4fb84-bf17-5522-a5f3-70fd1212f381
    np.simulation_run_id: be6a783b-ad1b-42b0-a541-4245c375f014
    np.sensor_id: 8e6a3d8a-7e65-4fa5-8c51-fa4597b203b8
    np.sensor_name: pilot-temperature-0230
    np.metric_type: Temperature
Instrumentation scope (ActivitySource):
    Name: NatureProtector.Simulator.Host
Resource associated with Activity:
    service.name: NatureProtector.Simulator.Host
    service.instance.id: 742e4a5e-ae93-4c3c-a47b-f5f2da3f00e3
    telemetry.sdk.name: opentelemetry
    telemetry.sdk.language: dotnet
    telemetry.sdk.version: 1.10.0

info: NatureProtector.Simulator.Host.Publishing.RabbitMqReadingPublisher[0]
      Published SensorReadingProduced to RabbitMQ | EventId=53b72a58-c861-478f-adc4-966c659f0c33 | CorrelationId=be6a783bad1b42b0a5414245c375f014-0000-e7660606cadd4212e67b574c09ef789a | SensorId=e7660606-cadd-4212-e67b-574c09ef789a | SensorName=pilot-wind-0001 | Value=3.7836029106488462
Activity.TraceId:            7502d7abe58073c2a5d960d978156d2a
Activity.SpanId:             19dc86d97e02e1e7
Activity.TraceFlags:         Recorded
Activity.ParentSpanId:       06b920447844b1af
Activity.DisplayName:        natureprotector.simulator.publish
Activity.Kind:               Internal
Activity.StartTime:          2026-05-16T22:31:08.7600466Z
Activity.Duration:           00:00:00.0000981
Activity.Tags:
    np.event_id: 53b72a58-c861-478f-adc4-966c659f0c33
    np.correlation_id: be6a783bad1b42b0a5414245c375f014-0000-e7660606cadd4212e67b574c09ef789a
    np.area_id: b3f4fb84-bf17-5522-a5f3-70fd1212f381
    np.simulation_run_id: be6a783b-ad1b-42b0-a541-4245c375f014
    np.sensor_id: e7660606-cadd-4212-e67b-574c09ef789a
    np.sensor_name: pilot-wind-0001
    np.metric_type: WindSpeed
Instrumentation scope (ActivitySource):
    Name: NatureProtector.Simulator.Host
Resource associated with Activity:
    service.name: NatureProtector.Simulator.Host
    service.instance.id: 742e4a5e-ae93-4c3c-a47b-f5f2da3f00e3
    telemetry.sdk.name: opentelemetry
    telemetry.sdk.language: dotnet
    telemetry.sdk.version: 1.10.0

info: NatureProtector.Simulator.Host.Publishing.RabbitMqReadingPublisher[0]
      Published SensorReadingProduced to RabbitMQ | EventId=82bf3c51-c728-4be4-9a44-3d5a7d4e1157 | CorrelationId=be6a783bad1b42b0a5414245c375f014-0000-17badc17792017acc213db1c12bedfb2 | SensorId=17badc17-7920-17ac-c213-db1c12bedfb2 | SensorName=pilot-wind-0230 | Value=3.712284265957905
Activity.TraceId:            7502d7abe58073c2a5d960d978156d2a
Activity.SpanId:             40e3945b80f92fd4
Activity.TraceFlags:         Recorded
Activity.ParentSpanId:       06b920447844b1af
Activity.DisplayName:        natureprotector.simulator.publish
Activity.Kind:               Internal
Activity.StartTime:          2026-05-16T22:31:08.7627854Z
Activity.Duration:           00:00:00.0000845
Activity.Tags:
    np.event_id: 82bf3c51-c728-4be4-9a44-3d5a7d4e1157
    np.correlation_id: be6a783bad1b42b0a5414245c375f014-0000-17badc17792017acc213db1c12bedfb2
    np.area_id: b3f4fb84-bf17-5522-a5f3-70fd1212f381
    np.simulation_run_id: be6a783b-ad1b-42b0-a541-4245c375f014
    np.sensor_id: 17badc17-7920-17ac-c213-db1c12bedfb2
    np.sensor_name: pilot-wind-0230
    np.metric_type: WindSpeed
Instrumentation scope (ActivitySource):
    Name: NatureProtector.Simulator.Host
Resource associated with Activity:
    service.name: NatureProtector.Simulator.Host
    service.instance.id: 742e4a5e-ae93-4c3c-a47b-f5f2da3f00e3
    telemetry.sdk.name: opentelemetry
    telemetry.sdk.language: dotnet
    telemetry.sdk.version: 1.10.0

Activity.TraceId:            7502d7abe58073c2a5d960d978156d2a
Activity.SpanId:             06b920447844b1af
Activity.TraceFlags:         Recorded
Activity.ParentSpanId:       25227b6b6a5cabd5
Activity.DisplayName:        natureprotector.simulator.cycle
Activity.Kind:               Internal
Activity.StartTime:          2026-05-16T22:31:08.6284246Z
Activity.Duration:           00:00:05.1449999
Activity.Tags:
    np.simulation_run_id: be6a783b-ad1b-42b0-a541-4245c375f014
    np.area_id: b3f4fb84-bf17-5522-a5f3-70fd1212f381
    np.scenario_id: 6034251c-b502-5f7b-a557-7187178cfb04
Instrumentation scope (ActivitySource):
    Name: NatureProtector.Simulator.Host
Resource associated with Activity:
    service.name: NatureProtector.Simulator.Host
    service.instance.id: 742e4a5e-ae93-4c3c-a47b-f5f2da3f00e3
    telemetry.sdk.name: opentelemetry
    telemetry.sdk.language: dotnet
    telemetry.sdk.version: 1.10.0

info: NatureProtector.Simulator.Host.Services.SimulationRunner[0]
      Starting simulation cycle 2/5 at logical time 09/13/2020 12:00:05 +02:00.
info: NatureProtector.Simulator.Host.Publishing.RabbitMqReadingPublisher[0]
      Published SensorReadingProduced to RabbitMQ | EventId=a54b10e4-3b98-437e-af38-69f5023f1091 | CorrelationId=be6a783bad1b42b0a5414245c375f014-0001-22702eee75aa3cf431abb689bfb9a8bc | SensorId=22702eee-75aa-3cf4-31ab-b689bfb9a8bc | SensorName=pilot-humidity-0001 | Value=22.780761894123312
Activity.TraceId:            7502d7abe58073c2a5d960d978156d2a
Activity.SpanId:             31bc00f1c94a9e06
Activity.TraceFlags:         Recorded
Activity.ParentSpanId:       e6f6eb096a9764e8
Activity.DisplayName:        natureprotector.simulator.publish
Activity.Kind:               Internal
Activity.StartTime:          2026-05-16T22:31:13.7761060Z
Activity.Duration:           00:00:00.0001395
Activity.Tags:
    np.event_id: a54b10e4-3b98-437e-af38-69f5023f1091
    np.correlation_id: be6a783bad1b42b0a5414245c375f014-0001-22702eee75aa3cf431abb689bfb9a8bc
    np.area_id: b3f4fb84-bf17-5522-a5f3-70fd1212f381
    np.simulation_run_id: be6a783b-ad1b-42b0-a541-4245c375f014
    np.sensor_id: 22702eee-75aa-3cf4-31ab-b689bfb9a8bc
    np.sensor_name: pilot-humidity-0001
    np.metric_type: Humidity
Instrumentation scope (ActivitySource):
    Name: NatureProtector.Simulator.Host
Resource associated with Activity:
    service.name: NatureProtector.Simulator.Host
    service.instance.id: 742e4a5e-ae93-4c3c-a47b-f5f2da3f00e3
    telemetry.sdk.name: opentelemetry
    telemetry.sdk.language: dotnet
    telemetry.sdk.version: 1.10.0

info: NatureProtector.Simulator.Host.Publishing.RabbitMqReadingPublisher[0]
      Published SensorReadingProduced to RabbitMQ | EventId=1c05eaae-1073-4682-b2a6-4d2828713142 | CorrelationId=be6a783bad1b42b0a5414245c375f014-0001-2f494582407786f29707780861949155 | SensorId=2f494582-4077-86f2-9707-780861949155 | SensorName=pilot-humidity-0230 | Value=24.14880150658049
Activity.TraceId:            7502d7abe58073c2a5d960d978156d2a
Activity.SpanId:             166c965a620b523e
Activity.TraceFlags:         Recorded
Activity.ParentSpanId:       e6f6eb096a9764e8
Activity.DisplayName:        natureprotector.simulator.publish
Activity.Kind:               Internal
Activity.StartTime:          2026-05-16T22:31:13.7791323Z
Activity.Duration:           00:00:00.0001208
Activity.Tags:
    np.event_id: 1c05eaae-1073-4682-b2a6-4d2828713142
    np.correlation_id: be6a783bad1b42b0a5414245c375f014-0001-2f494582407786f29707780861949155
    np.area_id: b3f4fb84-bf17-5522-a5f3-70fd1212f381
    np.simulation_run_id: be6a783b-ad1b-42b0-a541-4245c375f014
    np.sensor_id: 2f494582-4077-86f2-9707-780861949155
    np.sensor_name: pilot-humidity-0230
    np.metric_type: Humidity
Instrumentation scope (ActivitySource):
    Name: NatureProtector.Simulator.Host
Resource associated with Activity:
    service.name: NatureProtector.Simulator.Host
    service.instance.id: 742e4a5e-ae93-4c3c-a47b-f5f2da3f00e3
    telemetry.sdk.name: opentelemetry
    telemetry.sdk.language: dotnet
    telemetry.sdk.version: 1.10.0

info: NatureProtector.Simulator.Host.Publishing.RabbitMqReadingPublisher[0]
      Published SensorReadingProduced to RabbitMQ | EventId=46b49560-f7aa-4eba-9f79-75655ffa22ba | CorrelationId=be6a783bad1b42b0a5414245c375f014-0001-27bf9aad094f7dc645b2129a8cc0522e | SensorId=27bf9aad-094f-7dc6-45b2-129a8cc0522e | SensorName=pilot-temperature-0001 | Value=31.769460532638128
Activity.TraceId:            7502d7abe58073c2a5d960d978156d2a
Activity.SpanId:             c7ce51ecb4ef6c79
Activity.TraceFlags:         Recorded
Activity.ParentSpanId:       e6f6eb096a9764e8
Activity.DisplayName:        natureprotector.simulator.publish
Activity.Kind:               Internal
Activity.StartTime:          2026-05-16T22:31:13.7821725Z
Activity.Duration:           00:00:00.0000791
Activity.Tags:
    np.event_id: 46b49560-f7aa-4eba-9f79-75655ffa22ba
    np.correlation_id: be6a783bad1b42b0a5414245c375f014-0001-27bf9aad094f7dc645b2129a8cc0522e
    np.area_id: b3f4fb84-bf17-5522-a5f3-70fd1212f381
    np.simulation_run_id: be6a783b-ad1b-42b0-a541-4245c375f014
    np.sensor_id: 27bf9aad-094f-7dc6-45b2-129a8cc0522e
    np.sensor_name: pilot-temperature-0001
    np.metric_type: Temperature
Instrumentation scope (ActivitySource):
    Name: NatureProtector.Simulator.Host
Resource associated with Activity:
    service.name: NatureProtector.Simulator.Host
    service.instance.id: 742e4a5e-ae93-4c3c-a47b-f5f2da3f00e3
    telemetry.sdk.name: opentelemetry
    telemetry.sdk.language: dotnet
    telemetry.sdk.version: 1.10.0

info: NatureProtector.Simulator.Host.Publishing.RabbitMqReadingPublisher[0]
      Published SensorReadingProduced to RabbitMQ | EventId=6a50b0d8-5609-4e72-bccb-0b478be9c278 | CorrelationId=be6a783bad1b42b0a5414245c375f014-0001-8e6a3d8a7e654fa58c51fa4597b203b8 | SensorId=8e6a3d8a-7e65-4fa5-8c51-fa4597b203b8 | SensorName=pilot-temperature-0230 | Value=31.389174891133546
Activity.TraceId:            7502d7abe58073c2a5d960d978156d2a
Activity.SpanId:             48bcc9094fae87f7
Activity.TraceFlags:         Recorded
Activity.ParentSpanId:       e6f6eb096a9764e8
Activity.DisplayName:        natureprotector.simulator.publish
Activity.Kind:               Internal
Activity.StartTime:          2026-05-16T22:31:13.7849557Z
Activity.Duration:           00:00:00.0000758
Activity.Tags:
    np.event_id: 6a50b0d8-5609-4e72-bccb-0b478be9c278
    np.correlation_id: be6a783bad1b42b0a5414245c375f014-0001-8e6a3d8a7e654fa58c51fa4597b203b8
    np.area_id: b3f4fb84-bf17-5522-a5f3-70fd1212f381
    np.simulation_run_id: be6a783b-ad1b-42b0-a541-4245c375f014
    np.sensor_id: 8e6a3d8a-7e65-4fa5-8c51-fa4597b203b8
    np.sensor_name: pilot-temperature-0230
    np.metric_type: Temperature
Instrumentation scope (ActivitySource):
    Name: NatureProtector.Simulator.Host
Resource associated with Activity:
    service.name: NatureProtector.Simulator.Host
    service.instance.id: 742e4a5e-ae93-4c3c-a47b-f5f2da3f00e3
    telemetry.sdk.name: opentelemetry
    telemetry.sdk.language: dotnet
    telemetry.sdk.version: 1.10.0

info: NatureProtector.Simulator.Host.Publishing.RabbitMqReadingPublisher[0]
      Published SensorReadingProduced to RabbitMQ | EventId=981a4341-60c9-488b-9ea4-0b88af327407 | CorrelationId=be6a783bad1b42b0a5414245c375f014-0001-e7660606cadd4212e67b574c09ef789a | SensorId=e7660606-cadd-4212-e67b-574c09ef789a | SensorName=pilot-wind-0001 | Value=4.386700285182078
Activity.TraceId:            7502d7abe58073c2a5d960d978156d2a
Activity.SpanId:             84921c4061f7c619
Activity.TraceFlags:         Recorded
Activity.ParentSpanId:       e6f6eb096a9764e8
Activity.DisplayName:        natureprotector.simulator.publish
Activity.Kind:               Internal
Activity.StartTime:          2026-05-16T22:31:13.7880465Z
Activity.Duration:           00:00:00.0001360
Activity.Tags:
    np.event_id: 981a4341-60c9-488b-9ea4-0b88af327407
    np.correlation_id: be6a783bad1b42b0a5414245c375f014-0001-e7660606cadd4212e67b574c09ef789a
    np.area_id: b3f4fb84-bf17-5522-a5f3-70fd1212f381
    np.simulation_run_id: be6a783b-ad1b-42b0-a541-4245c375f014
    np.sensor_id: e7660606-cadd-4212-e67b-574c09ef789a
    np.sensor_name: pilot-wind-0001
    np.metric_type: WindSpeed
Instrumentation scope (ActivitySource):
    Name: NatureProtector.Simulator.Host
Resource associated with Activity:
    service.name: NatureProtector.Simulator.Host
    service.instance.id: 742e4a5e-ae93-4c3c-a47b-f5f2da3f00e3
    telemetry.sdk.name: opentelemetry
    telemetry.sdk.language: dotnet
    telemetry.sdk.version: 1.10.0

info: NatureProtector.Simulator.Host.Publishing.RabbitMqReadingPublisher[0]
      Published SensorReadingProduced to RabbitMQ | EventId=2b09d08e-d2a5-4572-8b8e-50324d3e6a86 | CorrelationId=be6a783bad1b42b0a5414245c375f014-0001-17badc17792017acc213db1c12bedfb2 | SensorId=17badc17-7920-17ac-c213-db1c12bedfb2 | SensorName=pilot-wind-0230 | Value=4.493453742941936
Activity.TraceId:            7502d7abe58073c2a5d960d978156d2a
Activity.SpanId:             400f0cb0b2206cf2
Activity.TraceFlags:         Recorded
Activity.ParentSpanId:       e6f6eb096a9764e8
Activity.DisplayName:        natureprotector.simulator.publish
Activity.Kind:               Internal
Activity.StartTime:          2026-05-16T22:31:13.7910816Z
Activity.Duration:           00:00:00.0001658
Activity.Tags:
    np.event_id: 2b09d08e-d2a5-4572-8b8e-50324d3e6a86
    np.correlation_id: be6a783bad1b42b0a5414245c375f014-0001-17badc17792017acc213db1c12bedfb2
    np.area_id: b3f4fb84-bf17-5522-a5f3-70fd1212f381
    np.simulation_run_id: be6a783b-ad1b-42b0-a541-4245c375f014
    np.sensor_id: 17badc17-7920-17ac-c213-db1c12bedfb2
    np.sensor_name: pilot-wind-0230
    np.metric_type: WindSpeed
Instrumentation scope (ActivitySource):
    Name: NatureProtector.Simulator.Host
Resource associated with Activity:
    service.name: NatureProtector.Simulator.Host
    service.instance.id: 742e4a5e-ae93-4c3c-a47b-f5f2da3f00e3
    telemetry.sdk.name: opentelemetry
    telemetry.sdk.language: dotnet
    telemetry.sdk.version: 1.10.0


Metric Name: process.memory.usage, Description: The amount of physical memory in use., Unit: By
(2026-05-16T22:31:07.2488328Z, 2026-05-16T22:31:17.2511900Z] LongSumNonMonotonic
Value: 109043712
Instrumentation scope (Meter):
	Name: OpenTelemetry.Instrumentation.Process
	Version: 1.10.0-beta.1
Resource associated with Metric:
	service.name: NatureProtector.Simulator.Host
	service.instance.id: 742e4a5e-ae93-4c3c-a47b-f5f2da3f00e3
	telemetry.sdk.name: opentelemetry
	telemetry.sdk.language: dotnet
	telemetry.sdk.version: 1.10.0

Metric Name: process.memory.virtual, Description: The amount of committed virtual memory., Unit: By
(2026-05-16T22:31:07.2497687Z, 2026-05-16T22:31:17.2512212Z] LongSumNonMonotonic
Value: 2481007869952
Instrumentation scope (Meter):
	Name: OpenTelemetry.Instrumentation.Process
	Version: 1.10.0-beta.1
Resource associated with Metric:
	service.name: NatureProtector.Simulator.Host
	service.instance.id: 742e4a5e-ae93-4c3c-a47b-f5f2da3f00e3
	telemetry.sdk.name: opentelemetry
	telemetry.sdk.language: dotnet
	telemetry.sdk.version: 1.10.0

Metric Name: process.cpu.time, Description: Total CPU seconds broken down by different states., Unit: s
(2026-05-16T22:31:07.2499451Z, 2026-05-16T22:31:17.2512391Z] process.cpu.state: user DoubleSum
Value: 1.703125
Instrumentation scope (Meter):
	Name: OpenTelemetry.Instrumentation.Process
	Version: 1.10.0-beta.1
Resource associated with Metric:
	service.name: NatureProtector.Simulator.Host
	service.instance.id: 742e4a5e-ae93-4c3c-a47b-f5f2da3f00e3
	telemetry.sdk.name: opentelemetry
	telemetry.sdk.language: dotnet
	telemetry.sdk.version: 1.10.0
(2026-05-16T22:31:07.2499451Z, 2026-05-16T22:31:17.2512391Z] process.cpu.state: system DoubleSum
Value: 0.15625
Instrumentation scope (Meter):
	Name: OpenTelemetry.Instrumentation.Process
	Version: 1.10.0-beta.1
Resource associated with Metric:
	service.name: NatureProtector.Simulator.Host
	service.instance.id: 742e4a5e-ae93-4c3c-a47b-f5f2da3f00e3
	telemetry.sdk.name: opentelemetry
	telemetry.sdk.language: dotnet
	telemetry.sdk.version: 1.10.0

Metric Name: process.cpu.count, Description: The number of processors (CPU cores) available to the current process., Unit: {processors}
(2026-05-16T22:31:07.2499653Z, 2026-05-16T22:31:17.2512403Z] LongSumNonMonotonic
Value: 16
Instrumentation scope (Meter):
	Name: OpenTelemetry.Instrumentation.Process
	Version: 1.10.0-beta.1
Resource associated with Metric:
	service.name: NatureProtector.Simulator.Host
	service.instance.id: 742e4a5e-ae93-4c3c-a47b-f5f2da3f00e3
	telemetry.sdk.name: opentelemetry
	telemetry.sdk.language: dotnet
	telemetry.sdk.version: 1.10.0

Metric Name: process.thread.count, Description: Process threads count., Unit: {thread}
(2026-05-16T22:31:07.2499812Z, 2026-05-16T22:31:17.2512406Z] LongSumNonMonotonic
Value: 23
Instrumentation scope (Meter):
	Name: OpenTelemetry.Instrumentation.Process
	Version: 1.10.0-beta.1
Resource associated with Metric:
	service.name: NatureProtector.Simulator.Host
	service.instance.id: 742e4a5e-ae93-4c3c-a47b-f5f2da3f00e3
	telemetry.sdk.name: opentelemetry
	telemetry.sdk.language: dotnet
	telemetry.sdk.version: 1.10.0

Metric Name: dotnet.gc.collections, Description: The number of garbage collections that have occurred since the process has started., Unit: {collection}
(2026-05-16T22:31:07.2499893Z, 2026-05-16T22:31:17.2512411Z] gc.heap.generation: gen2 LongSum
Value: 1
Instrumentation scope (Meter):
	Name: System.Runtime
Resource associated with Metric:
	service.name: NatureProtector.Simulator.Host
	service.instance.id: 742e4a5e-ae93-4c3c-a47b-f5f2da3f00e3
	telemetry.sdk.name: opentelemetry
	telemetry.sdk.language: dotnet
	telemetry.sdk.version: 1.10.0
(2026-05-16T22:31:07.2499893Z, 2026-05-16T22:31:17.2512411Z] gc.heap.generation: gen1 LongSum
Value: 1
Instrumentation scope (Meter):
	Name: System.Runtime
Resource associated with Metric:
	service.name: NatureProtector.Simulator.Host
	service.instance.id: 742e4a5e-ae93-4c3c-a47b-f5f2da3f00e3
	telemetry.sdk.name: opentelemetry
	telemetry.sdk.language: dotnet
	telemetry.sdk.version: 1.10.0
(2026-05-16T22:31:07.2499893Z, 2026-05-16T22:31:17.2512411Z] gc.heap.generation: gen0 LongSum
Value: 2
Instrumentation scope (Meter):
	Name: System.Runtime
Resource associated with Metric:
	service.name: NatureProtector.Simulator.Host
	service.instance.id: 742e4a5e-ae93-4c3c-a47b-f5f2da3f00e3
	telemetry.sdk.name: opentelemetry
	telemetry.sdk.language: dotnet
	telemetry.sdk.version: 1.10.0

Metric Name: dotnet.process.memory.working_set, Description: The number of bytes of physical memory mapped to the process context., Unit: By
(2026-05-16T22:31:07.2499969Z, 2026-05-16T22:31:17.2512413Z] LongSumNonMonotonic
Value: 108789760
Instrumentation scope (Meter):
	Name: System.Runtime
Resource associated with Metric:
	service.name: NatureProtector.Simulator.Host
	service.instance.id: 742e4a5e-ae93-4c3c-a47b-f5f2da3f00e3
	telemetry.sdk.name: opentelemetry
	telemetry.sdk.language: dotnet
	telemetry.sdk.version: 1.10.0

Metric Name: dotnet.gc.heap.total_allocated, Description: The approximate number of bytes allocated on the managed GC heap since the process has started. The returned value does not include any native allocations., Unit: By
(2026-05-16T22:31:07.2500057Z, 2026-05-16T22:31:17.2512416Z] LongSum
Value: 38890792
Instrumentation scope (Meter):
	Name: System.Runtime
Resource associated with Metric:
	service.name: NatureProtector.Simulator.Host
	service.instance.id: 742e4a5e-ae93-4c3c-a47b-f5f2da3f00e3
	telemetry.sdk.name: opentelemetry
	telemetry.sdk.language: dotnet
	telemetry.sdk.version: 1.10.0

Metric Name: dotnet.gc.last_collection.memory.committed_size, Description: The amount of committed virtual memory in use by the .NET GC, as observed during the latest garbage collection., Unit: By
(2026-05-16T22:31:07.2500118Z, 2026-05-16T22:31:17.2512418Z] LongSumNonMonotonic
Value: 20783104
Instrumentation scope (Meter):
	Name: System.Runtime
Resource associated with Metric:
	service.name: NatureProtector.Simulator.Host
	service.instance.id: 742e4a5e-ae93-4c3c-a47b-f5f2da3f00e3
	telemetry.sdk.name: opentelemetry
	telemetry.sdk.language: dotnet
	telemetry.sdk.version: 1.10.0

Metric Name: dotnet.gc.last_collection.heap.size, Description: The managed GC heap size (including fragmentation), as observed during the latest garbage collection., Unit: By
(2026-05-16T22:31:07.2500178Z, 2026-05-16T22:31:17.2512422Z] gc.heap.generation: gen0 LongSumNonMonotonic
Value: 144720
Instrumentation scope (Meter):
	Name: System.Runtime
Resource associated with Metric:
	service.name: NatureProtector.Simulator.Host
	service.instance.id: 742e4a5e-ae93-4c3c-a47b-f5f2da3f00e3
	telemetry.sdk.name: opentelemetry
	telemetry.sdk.language: dotnet
	telemetry.sdk.version: 1.10.0
(2026-05-16T22:31:07.2500178Z, 2026-05-16T22:31:17.2512422Z] gc.heap.generation: gen1 LongSumNonMonotonic
Value: 4131128
Instrumentation scope (Meter):
	Name: System.Runtime
Resource associated with Metric:
	service.name: NatureProtector.Simulator.Host
	service.instance.id: 742e4a5e-ae93-4c3c-a47b-f5f2da3f00e3
	telemetry.sdk.name: opentelemetry
	telemetry.sdk.language: dotnet
	telemetry.sdk.version: 1.10.0
(2026-05-16T22:31:07.2500178Z, 2026-05-16T22:31:17.2512422Z] gc.heap.generation: gen2 LongSumNonMonotonic
Value: 915384
Instrumentation scope (Meter):
	Name: System.Runtime
Resource associated with Metric:
	service.name: NatureProtector.Simulator.Host
	service.instance.id: 742e4a5e-ae93-4c3c-a47b-f5f2da3f00e3
	telemetry.sdk.name: opentelemetry
	telemetry.sdk.language: dotnet
	telemetry.sdk.version: 1.10.0
(2026-05-16T22:31:07.2500178Z, 2026-05-16T22:31:17.2512422Z] gc.heap.generation: loh LongSumNonMonotonic
Value: 6986640
Instrumentation scope (Meter):
	Name: System.Runtime
Resource associated with Metric:
	service.name: NatureProtector.Simulator.Host
	service.instance.id: 742e4a5e-ae93-4c3c-a47b-f5f2da3f00e3
	telemetry.sdk.name: opentelemetry
	telemetry.sdk.language: dotnet
	telemetry.sdk.version: 1.10.0
(2026-05-16T22:31:07.2500178Z, 2026-05-16T22:31:17.2512422Z] gc.heap.generation: poh LongSumNonMonotonic
Value: 58240
Instrumentation scope (Meter):
	Name: System.Runtime
Resource associated with Metric:
	service.name: NatureProtector.Simulator.Host
	service.instance.id: 742e4a5e-ae93-4c3c-a47b-f5f2da3f00e3
	telemetry.sdk.name: opentelemetry
	telemetry.sdk.language: dotnet
	telemetry.sdk.version: 1.10.0

Metric Name: dotnet.gc.last_collection.heap.fragmentation.size, Description: The heap fragmentation, as observed during the latest garbage collection., Unit: By
(2026-05-16T22:31:07.2500258Z, 2026-05-16T22:31:17.2512426Z] gc.heap.generation: gen0 LongSumNonMonotonic
Value: 136336
Instrumentation scope (Meter):
	Name: System.Runtime
Resource associated with Metric:
	service.name: NatureProtector.Simulator.Host
	service.instance.id: 742e4a5e-ae93-4c3c-a47b-f5f2da3f00e3
	telemetry.sdk.name: opentelemetry
	telemetry.sdk.language: dotnet
	telemetry.sdk.version: 1.10.0
(2026-05-16T22:31:07.2500258Z, 2026-05-16T22:31:17.2512426Z] gc.heap.generation: gen1 LongSumNonMonotonic
Value: 68592
Instrumentation scope (Meter):
	Name: System.Runtime
Resource associated with Metric:
	service.name: NatureProtector.Simulator.Host
	service.instance.id: 742e4a5e-ae93-4c3c-a47b-f5f2da3f00e3
	telemetry.sdk.name: opentelemetry
	telemetry.sdk.language: dotnet
	telemetry.sdk.version: 1.10.0
(2026-05-16T22:31:07.2500258Z, 2026-05-16T22:31:17.2512426Z] gc.heap.generation: gen2 LongSumNonMonotonic
Value: 0
Instrumentation scope (Meter):
	Name: System.Runtime
Resource associated with Metric:
	service.name: NatureProtector.Simulator.Host
	service.instance.id: 742e4a5e-ae93-4c3c-a47b-f5f2da3f00e3
	telemetry.sdk.name: opentelemetry
	telemetry.sdk.language: dotnet
	telemetry.sdk.version: 1.10.0
(2026-05-16T22:31:07.2500258Z, 2026-05-16T22:31:17.2512426Z] gc.heap.generation: loh LongSumNonMonotonic
Value: 1120
Instrumentation scope (Meter):
	Name: System.Runtime
Resource associated with Metric:
	service.name: NatureProtector.Simulator.Host
	service.instance.id: 742e4a5e-ae93-4c3c-a47b-f5f2da3f00e3
	telemetry.sdk.name: opentelemetry
	telemetry.sdk.language: dotnet
	telemetry.sdk.version: 1.10.0
(2026-05-16T22:31:07.2500258Z, 2026-05-16T22:31:17.2512426Z] gc.heap.generation: poh LongSumNonMonotonic
Value: 0
Instrumentation scope (Meter):
	Name: System.Runtime
Resource associated with Metric:
	service.name: NatureProtector.Simulator.Host
	service.instance.id: 742e4a5e-ae93-4c3c-a47b-f5f2da3f00e3
	telemetry.sdk.name: opentelemetry
	telemetry.sdk.language: dotnet
	telemetry.sdk.version: 1.10.0

Metric Name: dotnet.gc.pause.time, Description: The total amount of time paused in GC since the process has started., Unit: s
(2026-05-16T22:31:07.2500331Z, 2026-05-16T22:31:17.2512428Z] DoubleSum
Value: 0.020145
Instrumentation scope (Meter):
	Name: System.Runtime
Resource associated with Metric:
	service.name: NatureProtector.Simulator.Host
	service.instance.id: 742e4a5e-ae93-4c3c-a47b-f5f2da3f00e3
	telemetry.sdk.name: opentelemetry
	telemetry.sdk.language: dotnet
	telemetry.sdk.version: 1.10.0

Metric Name: dotnet.jit.compiled_il.size, Description: Count of bytes of intermediate language that have been compiled since the process has started., Unit: By
(2026-05-16T22:31:07.2506599Z, 2026-05-16T22:31:17.2512430Z] LongSum
Value: 1024296
Instrumentation scope (Meter):
	Name: System.Runtime
Resource associated with Metric:
	service.name: NatureProtector.Simulator.Host
	service.instance.id: 742e4a5e-ae93-4c3c-a47b-f5f2da3f00e3
	telemetry.sdk.name: opentelemetry
	telemetry.sdk.language: dotnet
	telemetry.sdk.version: 1.10.0

Metric Name: dotnet.jit.compiled_methods, Description: The number of times the JIT compiler (re)compiled methods since the process has started., Unit: {method}
(2026-05-16T22:31:07.2506684Z, 2026-05-16T22:31:17.2512433Z] LongSum
Value: 13376
Instrumentation scope (Meter):
	Name: System.Runtime
Resource associated with Metric:
	service.name: NatureProtector.Simulator.Host
	service.instance.id: 742e4a5e-ae93-4c3c-a47b-f5f2da3f00e3
	telemetry.sdk.name: opentelemetry
	telemetry.sdk.language: dotnet
	telemetry.sdk.version: 1.10.0

Metric Name: dotnet.jit.compilation.time, Description: The number of times the JIT compiler (re)compiled methods since the process has started., Unit: s
(2026-05-16T22:31:07.2506812Z, 2026-05-16T22:31:17.2512438Z] DoubleSum
Value: 1.201609
Instrumentation scope (Meter):
	Name: System.Runtime
Resource associated with Metric:
	service.name: NatureProtector.Simulator.Host
	service.instance.id: 742e4a5e-ae93-4c3c-a47b-f5f2da3f00e3
	telemetry.sdk.name: opentelemetry
	telemetry.sdk.language: dotnet
	telemetry.sdk.version: 1.10.0

Metric Name: dotnet.monitor.lock_contentions, Description: The number of times there was contention when trying to acquire a monitor lock since the process has started., Unit: {contention}
(2026-05-16T22:31:07.2506906Z, 2026-05-16T22:31:17.2512447Z] LongSum
Value: 14
Instrumentation scope (Meter):
	Name: System.Runtime
Resource associated with Metric:
	service.name: NatureProtector.Simulator.Host
	service.instance.id: 742e4a5e-ae93-4c3c-a47b-f5f2da3f00e3
	telemetry.sdk.name: opentelemetry
	telemetry.sdk.language: dotnet
	telemetry.sdk.version: 1.10.0

Metric Name: dotnet.thread_pool.thread.count, Description: The number of thread pool threads that currently exist., Unit: {thread}
(2026-05-16T22:31:07.2506990Z, 2026-05-16T22:31:17.2512449Z] LongSum
Value: 3
Instrumentation scope (Meter):
	Name: System.Runtime
Resource associated with Metric:
	service.name: NatureProtector.Simulator.Host
	service.instance.id: 742e4a5e-ae93-4c3c-a47b-f5f2da3f00e3
	telemetry.sdk.name: opentelemetry
	telemetry.sdk.language: dotnet
	telemetry.sdk.version: 1.10.0

Metric Name: dotnet.thread_pool.work_item.count, Description: The number of work items that the thread pool has completed since the process has started., Unit: {work_item}
(2026-05-16T22:31:07.2507071Z, 2026-05-16T22:31:17.2512451Z] LongSum
Value: 70
Instrumentation scope (Meter):
	Name: System.Runtime
Resource associated with Metric:
	service.name: NatureProtector.Simulator.Host
	service.instance.id: 742e4a5e-ae93-4c3c-a47b-f5f2da3f00e3
	telemetry.sdk.name: opentelemetry
	telemetry.sdk.language: dotnet
	telemetry.sdk.version: 1.10.0

Metric Name: dotnet.thread_pool.queue.length, Description: The number of work items that are currently queued to be processed by the thread pool., Unit: {work_item}
(2026-05-16T22:31:07.2507201Z, 2026-05-16T22:31:17.2512453Z] LongSum
Value: 0
Instrumentation scope (Meter):
	Name: System.Runtime
Resource associated with Metric:
	service.name: NatureProtector.Simulator.Host
	service.instance.id: 742e4a5e-ae93-4c3c-a47b-f5f2da3f00e3
	telemetry.sdk.name: opentelemetry
	telemetry.sdk.language: dotnet
	telemetry.sdk.version: 1.10.0

Metric Name: dotnet.timer.count, Description: The number of timer instances that are currently active. An active timer is registered to tick at some point in the future and has not yet been canceled., Unit: {timer}
(2026-05-16T22:31:07.2507297Z, 2026-05-16T22:31:17.2512455Z] LongSumNonMonotonic
Value: 6
Instrumentation scope (Meter):
	Name: System.Runtime
Resource associated with Metric:
	service.name: NatureProtector.Simulator.Host
	service.instance.id: 742e4a5e-ae93-4c3c-a47b-f5f2da3f00e3
	telemetry.sdk.name: opentelemetry
	telemetry.sdk.language: dotnet
	telemetry.sdk.version: 1.10.0

Metric Name: dotnet.assembly.count, Description: The number of .NET assemblies that are currently loaded., Unit: {assembly}
(2026-05-16T22:31:07.2507382Z, 2026-05-16T22:31:17.2512457Z] LongSumNonMonotonic
Value: 105
Instrumentation scope (Meter):
	Name: System.Runtime
Resource associated with Metric:
	service.name: NatureProtector.Simulator.Host
	service.instance.id: 742e4a5e-ae93-4c3c-a47b-f5f2da3f00e3
	telemetry.sdk.name: opentelemetry
	telemetry.sdk.language: dotnet
	telemetry.sdk.version: 1.10.0

Metric Name: dotnet.process.cpu.count, Description: The number of processors available to the process., Unit: {cpu}
(2026-05-16T22:31:07.2562894Z, 2026-05-16T22:31:17.2512461Z] LongSumNonMonotonic
Value: 16
Instrumentation scope (Meter):
	Name: System.Runtime
Resource associated with Metric:
	service.name: NatureProtector.Simulator.Host
	service.instance.id: 742e4a5e-ae93-4c3c-a47b-f5f2da3f00e3
	telemetry.sdk.name: opentelemetry
	telemetry.sdk.language: dotnet
	telemetry.sdk.version: 1.10.0

Metric Name: dotnet.process.cpu.time, Description: CPU time used by the process., Unit: s
(2026-05-16T22:31:07.2563474Z, 2026-05-16T22:31:17.2512463Z] cpu.mode: user DoubleSum
Value: 1.703125
Instrumentation scope (Meter):
	Name: System.Runtime
Resource associated with Metric:
	service.name: NatureProtector.Simulator.Host
	service.instance.id: 742e4a5e-ae93-4c3c-a47b-f5f2da3f00e3
	telemetry.sdk.name: opentelemetry
	telemetry.sdk.language: dotnet
	telemetry.sdk.version: 1.10.0
(2026-05-16T22:31:07.2563474Z, 2026-05-16T22:31:17.2512463Z] cpu.mode: system DoubleSum
Value: 0.15625
Instrumentation scope (Meter):
	Name: System.Runtime
Resource associated with Metric:
	service.name: NatureProtector.Simulator.Host
	service.instance.id: 742e4a5e-ae93-4c3c-a47b-f5f2da3f00e3
	telemetry.sdk.name: opentelemetry
	telemetry.sdk.language: dotnet
	telemetry.sdk.version: 1.10.0

Metric Name: natureprotector.simulator.context.creations
(2026-05-16T22:31:07.2722042Z, 2026-05-16T22:31:17.2512473Z] LongSum
Value: 1
Instrumentation scope (Meter):
	Name: NatureProtector.Simulator.Host
Resource associated with Metric:
	service.name: NatureProtector.Simulator.Host
	service.instance.id: 742e4a5e-ae93-4c3c-a47b-f5f2da3f00e3
	telemetry.sdk.name: opentelemetry
	telemetry.sdk.language: dotnet
	telemetry.sdk.version: 1.10.0

Metric Name: natureprotector.simulator.context.creation.duration, Unit: ms
(2026-05-16T22:31:07.2728787Z, 2026-05-16T22:31:17.2513289Z] Histogram
Value: Sum: 1126,0018 Count: 1 Min: 1126,0018 Max: 1126,0018 
(-Infinity,0]:0
(0,5]:0
(5,10]:0
(10,25]:0
(25,50]:0
(50,75]:0
(75,100]:0
(100,250]:0
(250,500]:0
(500,750]:0
(750,1000]:0
(1000,2500]:1
(2500,5000]:0
(5000,7500]:0
(7500,10000]:0
(10000,+Infinity]:0

Instrumentation scope (Meter):
	Name: NatureProtector.Simulator.Host
Resource associated with Metric:
	service.name: NatureProtector.Simulator.Host
	service.instance.id: 742e4a5e-ae93-4c3c-a47b-f5f2da3f00e3
	telemetry.sdk.name: opentelemetry
	telemetry.sdk.language: dotnet
	telemetry.sdk.version: 1.10.0

Metric Name: natureprotector.simulator.runs
(2026-05-16T22:31:07.2729152Z, 2026-05-16T22:31:17.2513296Z] np.outcome: started LongSum
Value: 1
Instrumentation scope (Meter):
	Name: NatureProtector.Simulator.Host
Resource associated with Metric:
	service.name: NatureProtector.Simulator.Host
	service.instance.id: 742e4a5e-ae93-4c3c-a47b-f5f2da3f00e3
	telemetry.sdk.name: opentelemetry
	telemetry.sdk.language: dotnet
	telemetry.sdk.version: 1.10.0

Metric Name: natureprotector.simulator.publish.messages
(2026-05-16T22:31:07.2729384Z, 2026-05-16T22:31:17.2513303Z] LongSum
Value: 12
Instrumentation scope (Meter):
	Name: NatureProtector.Simulator.Host
Resource associated with Metric:
	service.name: NatureProtector.Simulator.Host
	service.instance.id: 742e4a5e-ae93-4c3c-a47b-f5f2da3f00e3
	telemetry.sdk.name: opentelemetry
	telemetry.sdk.language: dotnet
	telemetry.sdk.version: 1.10.0

Metric Name: natureprotector.simulator.publish.batch.size
(2026-05-16T22:31:07.2734255Z, 2026-05-16T22:31:17.2513314Z] Histogram
Value: Sum: 12 Count: 2 Min: 6 Max: 6 
(-Infinity,0]:0
(0,5]:0
(5,10]:2
(10,25]:0
(25,50]:0
(50,75]:0
(75,100]:0
(100,250]:0
(250,500]:0
(500,750]:0
(750,1000]:0
(1000,2500]:0
(2500,5000]:0
(5000,7500]:0
(7500,10000]:0
(10000,+Infinity]:0

Instrumentation scope (Meter):
	Name: NatureProtector.Simulator.Host
Resource associated with Metric:
	service.name: NatureProtector.Simulator.Host
	service.instance.id: 742e4a5e-ae93-4c3c-a47b-f5f2da3f00e3
	telemetry.sdk.name: opentelemetry
	telemetry.sdk.language: dotnet
	telemetry.sdk.version: 1.10.0

Metric Name: natureprotector.simulator.publish.duration, Unit: ms
(2026-05-16T22:31:07.2734451Z, 2026-05-16T22:31:17.2513321Z] Histogram
Value: Sum: 266,4036 Count: 14 Min: 0,066 Max: 134,9287 
(-Infinity,0]:0
(0,5]:11
(5,10]:0
(10,25]:1
(25,50]:0
(50,75]:0
(75,100]:0
(100,250]:2
(250,500]:0
(500,750]:0
(750,1000]:0
(1000,2500]:0
(2500,5000]:0
(5000,7500]:0
(7500,10000]:0
(10000,+Infinity]:0

Instrumentation scope (Meter):
	Name: NatureProtector.Simulator.Host
Resource associated with Metric:
	service.name: NatureProtector.Simulator.Host
	service.instance.id: 742e4a5e-ae93-4c3c-a47b-f5f2da3f00e3
	telemetry.sdk.name: opentelemetry
	telemetry.sdk.language: dotnet
	telemetry.sdk.version: 1.10.0

Metric Name: dns.lookup.duration, Description: Measures the time taken to perform a DNS lookup., Unit: s
(2026-05-16T22:31:08.0927680Z, 2026-05-16T22:31:17.2513334Z] dns.question.name: localhost Histogram
Value: Sum: 0,0072174 Count: 2 Min: 0,0003681 Max: 0,0068493 
(-Infinity,0,005]:1
(0,005,0,01]:1
(0,01,0,025]:0
(0,025,0,05]:0
(0,05,0,075]:0
(0,075,0,1]:0
(0,1,0,25]:0
(0,25,0,5]:0
(0,5,0,75]:0
(0,75,1]:0
(1,2,5]:0
(2,5,5]:0
(5,7,5]:0
(7,5,10]:0
(10,+Infinity]:0

Instrumentation scope (Meter):
	Name: System.Net.NameResolution
Resource associated with Metric:
	service.name: NatureProtector.Simulator.Host
	service.instance.id: 742e4a5e-ae93-4c3c-a47b-f5f2da3f00e3
	telemetry.sdk.name: opentelemetry
	telemetry.sdk.language: dotnet
	telemetry.sdk.version: 1.10.0
Activity.TraceId:            7502d7abe58073c2a5d960d978156d2a
Activity.SpanId:             e6f6eb096a9764e8
Activity.TraceFlags:         Recorded
Activity.ParentSpanId:       25227b6b6a5cabd5
Activity.DisplayName:        natureprotector.simulator.cycle
Activity.Kind:               Internal
Activity.StartTime:          2026-05-16T22:31:13.7760586Z
Activity.Duration:           00:00:05.0231358
Activity.Tags:
    np.simulation_run_id: be6a783b-ad1b-42b0-a541-4245c375f014
    np.area_id: b3f4fb84-bf17-5522-a5f3-70fd1212f381
    np.scenario_id: 6034251c-b502-5f7b-a557-7187178cfb04
Instrumentation scope (ActivitySource):
    Name: NatureProtector.Simulator.Host
Resource associated with Activity:
    service.name: NatureProtector.Simulator.Host
    service.instance.id: 742e4a5e-ae93-4c3c-a47b-f5f2da3f00e3
    telemetry.sdk.name: opentelemetry
    telemetry.sdk.language: dotnet
    telemetry.sdk.version: 1.10.0

info: NatureProtector.Simulator.Host.Services.SimulationRunner[0]
      Starting simulation cycle 3/5 at logical time 09/13/2020 12:00:10 +02:00.
Activity.TraceId:            7502d7abe58073c2a5d960d978156d2a
Activity.SpanId:             629ea3bc5fe171ae
Activity.TraceFlags:         Recorded
Activity.ParentSpanId:       9b636a9790549520
Activity.DisplayName:        natureprotector.simulator.publish
Activity.Kind:               Internal
info: NatureProtector.Simulator.Host.Publishing.RabbitMqReadingPublisher[0]
      Published SensorReadingProduced to RabbitMQ | EventId=c499d2e8-ccd7-479f-8c45-7a5eb2bd7e5a | CorrelationId=be6a783bad1b42b0a5414245c375f014-0002-22702eee75aa3cf431abb689bfb9a8bc | SensorId=22702eee-75aa-3cf4-31ab-b689bfb9a8bc | SensorName=pilot-humidity-0001 | Value=22.75556260069929
Activity.StartTime:          2026-05-16T22:31:18.8024380Z
Activity.Duration:           00:00:00.0001313
Activity.Tags:
    np.event_id: c499d2e8-ccd7-479f-8c45-7a5eb2bd7e5a
    np.correlation_id: be6a783bad1b42b0a5414245c375f014-0002-22702eee75aa3cf431abb689bfb9a8bc
    np.area_id: b3f4fb84-bf17-5522-a5f3-70fd1212f381
    np.simulation_run_id: be6a783b-ad1b-42b0-a541-4245c375f014
    np.sensor_id: 22702eee-75aa-3cf4-31ab-b689bfb9a8bc
    np.sensor_name: pilot-humidity-0001
    np.metric_type: Humidity
Instrumentation scope (ActivitySource):
    Name: NatureProtector.Simulator.Host
Resource associated with Activity:
    service.name: NatureProtector.Simulator.Host
    service.instance.id: 742e4a5e-ae93-4c3c-a47b-f5f2da3f00e3
    telemetry.sdk.name: opentelemetry
    telemetry.sdk.language: dotnet
    telemetry.sdk.version: 1.10.0

info: NatureProtector.Simulator.Host.Publishing.RabbitMqReadingPublisher[0]
      Published SensorReadingProduced to RabbitMQ | EventId=a8a3a99e-f5d0-4560-b5d0-be2a7be464ff | CorrelationId=be6a783bad1b42b0a5414245c375f014-0002-2f494582407786f29707780861949155 | SensorId=2f494582-4077-86f2-9707-780861949155 | SensorName=pilot-humidity-0230 | Value=22.99749799370021
Activity.TraceId:            7502d7abe58073c2a5d960d978156d2a
Activity.SpanId:             c6e0734ea5ed9c06
Activity.TraceFlags:         Recorded
Activity.ParentSpanId:       9b636a9790549520
Activity.DisplayName:        natureprotector.simulator.publish
Activity.Kind:               Internal
Activity.StartTime:          2026-05-16T22:31:18.8053327Z
Activity.Duration:           00:00:00.0001039
Activity.Tags:
    np.event_id: a8a3a99e-f5d0-4560-b5d0-be2a7be464ff
    np.correlation_id: be6a783bad1b42b0a5414245c375f014-0002-2f494582407786f29707780861949155
    np.area_id: b3f4fb84-bf17-5522-a5f3-70fd1212f381
    np.simulation_run_id: be6a783b-ad1b-42b0-a541-4245c375f014
    np.sensor_id: 2f494582-4077-86f2-9707-780861949155
    np.sensor_name: pilot-humidity-0230
    np.metric_type: Humidity
Instrumentation scope (ActivitySource):
    Name: NatureProtector.Simulator.Host
Resource associated with Activity:
    service.name: NatureProtector.Simulator.Host
    service.instance.id: 742e4a5e-ae93-4c3c-a47b-f5f2da3f00e3
    telemetry.sdk.name: opentelemetry
    telemetry.sdk.language: dotnet
    telemetry.sdk.version: 1.10.0

info: NatureProtector.Simulator.Host.Publishing.RabbitMqReadingPublisher[0]
      Published SensorReadingProduced to RabbitMQ | EventId=5c7a5147-8843-4b1c-9bbc-6546351d84ed | CorrelationId=be6a783bad1b42b0a5414245c375f014-0002-27bf9aad094f7dc645b2129a8cc0522e | SensorId=27bf9aad-094f-7dc6-45b2-129a8cc0522e | SensorName=pilot-temperature-0001 | Value=31.74413991733475
Activity.TraceId:            7502d7abe58073c2a5d960d978156d2a
Activity.SpanId:             8916563192f0471b
Activity.TraceFlags:         Recorded
Activity.ParentSpanId:       9b636a9790549520
Activity.DisplayName:        natureprotector.simulator.publish
Activity.Kind:               Internal
Activity.StartTime:          2026-05-16T22:31:18.8080794Z
Activity.Duration:           00:00:00.0000646
Activity.Tags:
    np.event_id: 5c7a5147-8843-4b1c-9bbc-6546351d84ed
    np.correlation_id: be6a783bad1b42b0a5414245c375f014-0002-27bf9aad094f7dc645b2129a8cc0522e
    np.area_id: b3f4fb84-bf17-5522-a5f3-70fd1212f381
    np.simulation_run_id: be6a783b-ad1b-42b0-a541-4245c375f014
    np.sensor_id: 27bf9aad-094f-7dc6-45b2-129a8cc0522e
    np.sensor_name: pilot-temperature-0001
    np.metric_type: Temperature
Instrumentation scope (ActivitySource):
    Name: NatureProtector.Simulator.Host
Resource associated with Activity:
    service.name: NatureProtector.Simulator.Host
    service.instance.id: 742e4a5e-ae93-4c3c-a47b-f5f2da3f00e3
    telemetry.sdk.name: opentelemetry
    telemetry.sdk.language: dotnet
    telemetry.sdk.version: 1.10.0

info: NatureProtector.Simulator.Host.Publishing.RabbitMqReadingPublisher[0]
      Published SensorReadingProduced to RabbitMQ | EventId=f2f2a329-a8d1-432a-a7cb-49c5592eaa81 | CorrelationId=be6a783bad1b42b0a5414245c375f014-0002-8e6a3d8a7e654fa58c51fa4597b203b8 | SensorId=8e6a3d8a-7e65-4fa5-8c51-fa4597b203b8 | SensorName=pilot-temperature-0230 | Value=31.719147964099168
Activity.TraceId:            7502d7abe58073c2a5d960d978156d2a
Activity.SpanId:             5d90062295dc5f11
Activity.TraceFlags:         Recorded
Activity.ParentSpanId:       9b636a9790549520
Activity.DisplayName:        natureprotector.simulator.publish
Activity.Kind:               Internal
Activity.StartTime:          2026-05-16T22:31:18.8106472Z
Activity.Duration:           00:00:00.0000864
Activity.Tags:
    np.event_id: f2f2a329-a8d1-432a-a7cb-49c5592eaa81
    np.correlation_id: be6a783bad1b42b0a5414245c375f014-0002-8e6a3d8a7e654fa58c51fa4597b203b8
    np.area_id: b3f4fb84-bf17-5522-a5f3-70fd1212f381
    np.simulation_run_id: be6a783b-ad1b-42b0-a541-4245c375f014
    np.sensor_id: 8e6a3d8a-7e65-4fa5-8c51-fa4597b203b8
    np.sensor_name: pilot-temperature-0230
    np.metric_type: Temperature
Instrumentation scope (ActivitySource):
    Name: NatureProtector.Simulator.Host
Resource associated with Activity:
    service.name: NatureProtector.Simulator.Host
    service.instance.id: 742e4a5e-ae93-4c3c-a47b-f5f2da3f00e3
    telemetry.sdk.name: opentelemetry
    telemetry.sdk.language: dotnet
    telemetry.sdk.version: 1.10.0

info: NatureProtector.Simulator.Host.Publishing.RabbitMqReadingPublisher[0]
      Published SensorReadingProduced to RabbitMQ | EventId=df0d38da-85e8-408d-a09e-83a0b531f5d0 | CorrelationId=be6a783bad1b42b0a5414245c375f014-0002-e7660606cadd4212e67b574c09ef789a | SensorId=e7660606-cadd-4212-e67b-574c09ef789a | SensorName=pilot-wind-0001 | Value=4.8843002245984355
Activity.TraceId:            7502d7abe58073c2a5d960d978156d2a
Activity.SpanId:             3c1b8075c290b2c0
Activity.TraceFlags:         Recorded
Activity.ParentSpanId:       9b636a9790549520
Activity.DisplayName:        natureprotector.simulator.publish
Activity.Kind:               Internal
Activity.StartTime:          2026-05-16T22:31:18.8133128Z
Activity.Duration:           00:00:00.0000721
Activity.Tags:
    np.event_id: df0d38da-85e8-408d-a09e-83a0b531f5d0
    np.correlation_id: be6a783bad1b42b0a5414245c375f014-0002-e7660606cadd4212e67b574c09ef789a
    np.area_id: b3f4fb84-bf17-5522-a5f3-70fd1212f381
    np.simulation_run_id: be6a783b-ad1b-42b0-a541-4245c375f014
    np.sensor_id: e7660606-cadd-4212-e67b-574c09ef789a
    np.sensor_name: pilot-wind-0001
    np.metric_type: WindSpeed
Instrumentation scope (ActivitySource):
    Name: NatureProtector.Simulator.Host
Resource associated with Activity:
    service.name: NatureProtector.Simulator.Host
    service.instance.id: 742e4a5e-ae93-4c3c-a47b-f5f2da3f00e3
    telemetry.sdk.name: opentelemetry
    telemetry.sdk.language: dotnet
    telemetry.sdk.version: 1.10.0

info: NatureProtector.Simulator.Host.Publishing.RabbitMqReadingPublisher[0]
      Published SensorReadingProduced to RabbitMQ | EventId=043e50c0-a128-4e50-8b8f-bd462c9a6823 | CorrelationId=be6a783bad1b42b0a5414245c375f014-0002-17badc17792017acc213db1c12bedfb2 | SensorId=17badc17-7920-17ac-c213-db1c12bedfb2 | SensorName=pilot-wind-0230 | Value=5.055532955014659
Activity.TraceId:            7502d7abe58073c2a5d960d978156d2a
Activity.SpanId:             4c13f8b9a14eac0e
Activity.TraceFlags:         Recorded
Activity.ParentSpanId:       9b636a9790549520
Activity.DisplayName:        natureprotector.simulator.publish
Activity.Kind:               Internal
Activity.StartTime:          2026-05-16T22:31:18.8160267Z
Activity.Duration:           00:00:00.0000628
Activity.Tags:
    np.event_id: 043e50c0-a128-4e50-8b8f-bd462c9a6823
    np.correlation_id: be6a783bad1b42b0a5414245c375f014-0002-17badc17792017acc213db1c12bedfb2
    np.area_id: b3f4fb84-bf17-5522-a5f3-70fd1212f381
    np.simulation_run_id: be6a783b-ad1b-42b0-a541-4245c375f014
    np.sensor_id: 17badc17-7920-17ac-c213-db1c12bedfb2
    np.sensor_name: pilot-wind-0230
    np.metric_type: WindSpeed
Instrumentation scope (ActivitySource):
    Name: NatureProtector.Simulator.Host
Resource associated with Activity:
    service.name: NatureProtector.Simulator.Host
    service.instance.id: 742e4a5e-ae93-4c3c-a47b-f5f2da3f00e3
    telemetry.sdk.name: opentelemetry
    telemetry.sdk.language: dotnet
    telemetry.sdk.version: 1.10.0

Activity.TraceId:            7502d7abe58073c2a5d960d978156d2a
Activity.SpanId:             9b636a9790549520
Activity.TraceFlags:         Recorded
Activity.ParentSpanId:       25227b6b6a5cabd5
Activity.DisplayName:        natureprotector.simulator.cycle
Activity.Kind:               Internal
Activity.StartTime:          2026-05-16T22:31:18.8023956Z
Activity.Duration:           00:00:05.0247012
Activity.Tags:
    np.simulation_run_id: be6a783b-ad1b-42b0-a541-4245c375f014
    np.area_id: b3f4fb84-bf17-5522-a5f3-70fd1212f381
    np.scenario_id: 6034251c-b502-5f7b-a557-7187178cfb04
Instrumentation scope (ActivitySource):
    Name: NatureProtector.Simulator.Host
Resource associated with Activity:
    service.name: NatureProtector.Simulator.Host
    service.instance.id: 742e4a5e-ae93-4c3c-a47b-f5f2da3f00e3
    telemetry.sdk.name: opentelemetry
    telemetry.sdk.language: dotnet
    telemetry.sdk.version: 1.10.0

info: NatureProtector.Simulator.Host.Services.SimulationRunner[0]
      Starting simulation cycle 4/5 at logical time 09/13/2020 12:00:15 +02:00.
info: NatureProtector.Simulator.Host.Publishing.RabbitMqReadingPublisher[0]
      Published SensorReadingProduced to RabbitMQ | EventId=60693078-4899-422c-b99e-f6f666c303b0 | CorrelationId=be6a783bad1b42b0a5414245c375f014-0003-22702eee75aa3cf431abb689bfb9a8bc | SensorId=22702eee-75aa-3cf4-31ab-b689bfb9a8bc | SensorName=pilot-humidity-0001 | Value=0
Activity.TraceId:            7502d7abe58073c2a5d960d978156d2a
Activity.SpanId:             a0ee971a1f72860b
Activity.TraceFlags:         Recorded
Activity.ParentSpanId:       34f0231a64ed1c9a
Activity.DisplayName:        natureprotector.simulator.publish
Activity.Kind:               Internal
Activity.StartTime:          2026-05-16T22:31:23.8299454Z
Activity.Duration:           00:00:00.0001088
Activity.Tags:
    np.event_id: 60693078-4899-422c-b99e-f6f666c303b0
    np.correlation_id: be6a783bad1b42b0a5414245c375f014-0003-22702eee75aa3cf431abb689bfb9a8bc
    np.area_id: b3f4fb84-bf17-5522-a5f3-70fd1212f381
    np.simulation_run_id: be6a783b-ad1b-42b0-a541-4245c375f014
    np.sensor_id: 22702eee-75aa-3cf4-31ab-b689bfb9a8bc
    np.sensor_name: pilot-humidity-0001
    np.metric_type: Humidity
Instrumentation scope (ActivitySource):
    Name: NatureProtector.Simulator.Host
Resource associated with Activity:
    service.name: NatureProtector.Simulator.Host
    service.instance.id: 742e4a5e-ae93-4c3c-a47b-f5f2da3f00e3
    telemetry.sdk.name: opentelemetry
    telemetry.sdk.language: dotnet
    telemetry.sdk.version: 1.10.0

info: NatureProtector.Simulator.Host.Publishing.RabbitMqReadingPublisher[0]
      Published SensorReadingProduced to RabbitMQ | EventId=a887e51e-1d24-484c-adbc-7c2af46f30bf | CorrelationId=be6a783bad1b42b0a5414245c375f014-0003-2f494582407786f29707780861949155 | SensorId=2f494582-4077-86f2-9707-780861949155 | SensorName=pilot-humidity-0230 | Value=21.53523607714356
Activity.TraceId:            7502d7abe58073c2a5d960d978156d2a
Activity.SpanId:             41209af915d499a0
Activity.TraceFlags:         Recorded
Activity.ParentSpanId:       34f0231a64ed1c9a
Activity.DisplayName:        natureprotector.simulator.publish
Activity.Kind:               Internal
Activity.StartTime:          2026-05-16T22:31:23.8328049Z
Activity.Duration:           00:00:00.0000910
Activity.Tags:
    np.event_id: a887e51e-1d24-484c-adbc-7c2af46f30bf
    np.correlation_id: be6a783bad1b42b0a5414245c375f014-0003-2f494582407786f29707780861949155
    np.area_id: b3f4fb84-bf17-5522-a5f3-70fd1212f381
    np.simulation_run_id: be6a783b-ad1b-42b0-a541-4245c375f014
    np.sensor_id: 2f494582-4077-86f2-9707-780861949155
    np.sensor_name: pilot-humidity-0230
    np.metric_type: Humidity
Instrumentation scope (ActivitySource):
    Name: NatureProtector.Simulator.Host
Resource associated with Activity:
    service.name: NatureProtector.Simulator.Host
    service.instance.id: 742e4a5e-ae93-4c3c-a47b-f5f2da3f00e3
    telemetry.sdk.name: opentelemetry
    telemetry.sdk.language: dotnet
    telemetry.sdk.version: 1.10.0

info: NatureProtector.Simulator.Host.Publishing.RabbitMqReadingPublisher[0]
      Published SensorReadingProduced to RabbitMQ | EventId=80e33a8d-2998-406c-9422-c851fbe6f7e4 | CorrelationId=be6a783bad1b42b0a5414245c375f014-0003-27bf9aad094f7dc645b2129a8cc0522e | SensorId=27bf9aad-094f-7dc6-45b2-129a8cc0522e | SensorName=pilot-temperature-0001 | Value=32.41454219848126
Activity.TraceId:            7502d7abe58073c2a5d960d978156d2a
Activity.SpanId:             9004c8af7e19ecd9
Activity.TraceFlags:         Recorded
Activity.ParentSpanId:       34f0231a64ed1c9a
Activity.DisplayName:        natureprotector.simulator.publish
Activity.Kind:               Internal
Activity.StartTime:          2026-05-16T22:31:23.8356918Z
Activity.Duration:           00:00:00.0000773
Activity.Tags:
    np.event_id: 80e33a8d-2998-406c-9422-c851fbe6f7e4
    np.correlation_id: be6a783bad1b42b0a5414245c375f014-0003-27bf9aad094f7dc645b2129a8cc0522e
    np.area_id: b3f4fb84-bf17-5522-a5f3-70fd1212f381
    np.simulation_run_id: be6a783b-ad1b-42b0-a541-4245c375f014
    np.sensor_id: 27bf9aad-094f-7dc6-45b2-129a8cc0522e
    np.sensor_name: pilot-temperature-0001
    np.metric_type: Temperature
Instrumentation scope (ActivitySource):
    Name: NatureProtector.Simulator.Host
Resource associated with Activity:
    service.name: NatureProtector.Simulator.Host
    service.instance.id: 742e4a5e-ae93-4c3c-a47b-f5f2da3f00e3
    telemetry.sdk.name: opentelemetry
    telemetry.sdk.language: dotnet
    telemetry.sdk.version: 1.10.0

info: NatureProtector.Simulator.Host.Publishing.RabbitMqReadingPublisher[0]
      Published SensorReadingProduced to RabbitMQ | EventId=fcd4dc9b-77ec-4b9d-ae36-4fe7247e1b7f | CorrelationId=be6a783bad1b42b0a5414245c375f014-0003-8e6a3d8a7e654fa58c51fa4597b203b8 | SensorId=8e6a3d8a-7e65-4fa5-8c51-fa4597b203b8 | SensorName=pilot-temperature-0230 | Value=32.0965721742094
Activity.TraceId:            7502d7abe58073c2a5d960d978156d2a
Activity.SpanId:             812953d3afaf8baa
Activity.TraceFlags:         Recorded
Activity.ParentSpanId:       34f0231a64ed1c9a
Activity.DisplayName:        natureprotector.simulator.publish
Activity.Kind:               Internal
Activity.StartTime:          2026-05-16T22:31:23.8385760Z
Activity.Duration:           00:00:00.0002993
Activity.Tags:
    np.event_id: fcd4dc9b-77ec-4b9d-ae36-4fe7247e1b7f
    np.correlation_id: be6a783bad1b42b0a5414245c375f014-0003-8e6a3d8a7e654fa58c51fa4597b203b8
    np.area_id: b3f4fb84-bf17-5522-a5f3-70fd1212f381
    np.simulation_run_id: be6a783b-ad1b-42b0-a541-4245c375f014
    np.sensor_id: 8e6a3d8a-7e65-4fa5-8c51-fa4597b203b8
    np.sensor_name: pilot-temperature-0230
    np.metric_type: Temperature
Instrumentation scope (ActivitySource):
    Name: NatureProtector.Simulator.Host
Resource associated with Activity:
    service.name: NatureProtector.Simulator.Host
    service.instance.id: 742e4a5e-ae93-4c3c-a47b-f5f2da3f00e3
    telemetry.sdk.name: opentelemetry
    telemetry.sdk.language: dotnet
    telemetry.sdk.version: 1.10.0

Activity.TraceId:            7502d7abe58073c2a5d960d978156d2a
Activity.SpanId:             898508908ee1341c
Activity.TraceFlags:         Recorded
Activity.ParentSpanId:       34f0231a64ed1c9a
Activity.DisplayName:        natureprotector.simulator.publish
Activity.Kind:               Internal
info: NatureProtector.Simulator.Host.Publishing.RabbitMqReadingPublisher[0]
      Published SensorReadingProduced to RabbitMQ | EventId=05e86065-4b27-42d3-85fd-850a48f773db | CorrelationId=be6a783bad1b42b0a5414245c375f014-0003-e7660606cadd4212e67b574c09ef789a | SensorId=e7660606-cadd-4212-e67b-574c09ef789a | SensorName=pilot-wind-0001 | Value=5.375792604999472
Activity.StartTime:          2026-05-16T22:31:23.8415766Z
Activity.Duration:           00:00:00.0000632
Activity.Tags:
    np.event_id: 05e86065-4b27-42d3-85fd-850a48f773db
    np.correlation_id: be6a783bad1b42b0a5414245c375f014-0003-e7660606cadd4212e67b574c09ef789a
    np.area_id: b3f4fb84-bf17-5522-a5f3-70fd1212f381
    np.simulation_run_id: be6a783b-ad1b-42b0-a541-4245c375f014
    np.sensor_id: e7660606-cadd-4212-e67b-574c09ef789a
    np.sensor_name: pilot-wind-0001
    np.metric_type: WindSpeed
Instrumentation scope (ActivitySource):
    Name: NatureProtector.Simulator.Host
Resource associated with Activity:
    service.name: NatureProtector.Simulator.Host
    service.instance.id: 742e4a5e-ae93-4c3c-a47b-f5f2da3f00e3
    telemetry.sdk.name: opentelemetry
    telemetry.sdk.language: dotnet
    telemetry.sdk.version: 1.10.0

info: NatureProtector.Simulator.Host.Publishing.RabbitMqReadingPublisher[0]
      Published SensorReadingProduced to RabbitMQ | EventId=70ebc21e-1d9f-4a84-9741-2162ac0ab81e | CorrelationId=be6a783bad1b42b0a5414245c375f014-0003-17badc17792017acc213db1c12bedfb2 | SensorId=17badc17-7920-17ac-c213-db1c12bedfb2 | SensorName=pilot-wind-0230 | Value=5.216367930414279
Activity.TraceId:            7502d7abe58073c2a5d960d978156d2a
Activity.SpanId:             2eaa4f2428ebc4a1
Activity.TraceFlags:         Recorded
Activity.ParentSpanId:       34f0231a64ed1c9a
Activity.DisplayName:        natureprotector.simulator.publish
Activity.Kind:               Internal
Activity.StartTime:          2026-05-16T22:31:23.8443901Z
Activity.Duration:           00:00:00.0000662
Activity.Tags:
    np.event_id: 70ebc21e-1d9f-4a84-9741-2162ac0ab81e
    np.correlation_id: be6a783bad1b42b0a5414245c375f014-0003-17badc17792017acc213db1c12bedfb2
    np.area_id: b3f4fb84-bf17-5522-a5f3-70fd1212f381
    np.simulation_run_id: be6a783b-ad1b-42b0-a541-4245c375f014
    np.sensor_id: 17badc17-7920-17ac-c213-db1c12bedfb2
    np.sensor_name: pilot-wind-0230
    np.metric_type: WindSpeed
Instrumentation scope (ActivitySource):
    Name: NatureProtector.Simulator.Host
Resource associated with Activity:
    service.name: NatureProtector.Simulator.Host
    service.instance.id: 742e4a5e-ae93-4c3c-a47b-f5f2da3f00e3
    telemetry.sdk.name: opentelemetry
    telemetry.sdk.language: dotnet
    telemetry.sdk.version: 1.10.0


Metric Name: process.memory.usage, Description: The amount of physical memory in use., Unit: By
(2026-05-16T22:31:07.2488328Z, 2026-05-16T22:31:27.2571190Z] LongSumNonMonotonic
Value: 106332160
Instrumentation scope (Meter):
	Name: OpenTelemetry.Instrumentation.Process
	Version: 1.10.0-beta.1
Resource associated with Metric:
	service.name: NatureProtector.Simulator.Host
	service.instance.id: 742e4a5e-ae93-4c3c-a47b-f5f2da3f00e3
	telemetry.sdk.name: opentelemetry
	telemetry.sdk.language: dotnet
	telemetry.sdk.version: 1.10.0

Metric Name: process.memory.virtual, Description: The amount of committed virtual memory., Unit: By
(2026-05-16T22:31:07.2497687Z, 2026-05-16T22:31:27.2571214Z] LongSumNonMonotonic
Value: 2481008787456
Instrumentation scope (Meter):
	Name: OpenTelemetry.Instrumentation.Process
	Version: 1.10.0-beta.1
Resource associated with Metric:
	service.name: NatureProtector.Simulator.Host
	service.instance.id: 742e4a5e-ae93-4c3c-a47b-f5f2da3f00e3
	telemetry.sdk.name: opentelemetry
	telemetry.sdk.language: dotnet
	telemetry.sdk.version: 1.10.0

Metric Name: process.cpu.time, Description: Total CPU seconds broken down by different states., Unit: s
(2026-05-16T22:31:07.2499451Z, 2026-05-16T22:31:27.2571222Z] process.cpu.state: user DoubleSum
Value: 1.84375
Instrumentation scope (Meter):
	Name: OpenTelemetry.Instrumentation.Process
	Version: 1.10.0-beta.1
Resource associated with Metric:
	service.name: NatureProtector.Simulator.Host
	service.instance.id: 742e4a5e-ae93-4c3c-a47b-f5f2da3f00e3
	telemetry.sdk.name: opentelemetry
	telemetry.sdk.language: dotnet
	telemetry.sdk.version: 1.10.0
(2026-05-16T22:31:07.2499451Z, 2026-05-16T22:31:27.2571222Z] process.cpu.state: system DoubleSum
Value: 0.21875
Instrumentation scope (Meter):
	Name: OpenTelemetry.Instrumentation.Process
	Version: 1.10.0-beta.1
Resource associated with Metric:
	service.name: NatureProtector.Simulator.Host
	service.instance.id: 742e4a5e-ae93-4c3c-a47b-f5f2da3f00e3
	telemetry.sdk.name: opentelemetry
	telemetry.sdk.language: dotnet
	telemetry.sdk.version: 1.10.0

Metric Name: process.cpu.count, Description: The number of processors (CPU cores) available to the current process., Unit: {processors}
(2026-05-16T22:31:07.2499653Z, 2026-05-16T22:31:27.2571228Z] LongSumNonMonotonic
Value: 16
Instrumentation scope (Meter):
	Name: OpenTelemetry.Instrumentation.Process
	Version: 1.10.0-beta.1
Resource associated with Metric:
	service.name: NatureProtector.Simulator.Host
	service.instance.id: 742e4a5e-ae93-4c3c-a47b-f5f2da3f00e3
	telemetry.sdk.name: opentelemetry
	telemetry.sdk.language: dotnet
	telemetry.sdk.version: 1.10.0

Metric Name: process.thread.count, Description: Process threads count., Unit: {thread}
(2026-05-16T22:31:07.2499812Z, 2026-05-16T22:31:27.2571233Z] LongSumNonMonotonic
Value: 23
Instrumentation scope (Meter):
	Name: OpenTelemetry.Instrumentation.Process
	Version: 1.10.0-beta.1
Resource associated with Metric:
	service.name: NatureProtector.Simulator.Host
	service.instance.id: 742e4a5e-ae93-4c3c-a47b-f5f2da3f00e3
	telemetry.sdk.name: opentelemetry
	telemetry.sdk.language: dotnet
	telemetry.sdk.version: 1.10.0

Metric Name: dotnet.gc.collections, Description: The number of garbage collections that have occurred since the process has started., Unit: {collection}
(2026-05-16T22:31:07.2499893Z, 2026-05-16T22:31:27.2571238Z] gc.heap.generation: gen2 LongSum
Value: 1
Instrumentation scope (Meter):
	Name: System.Runtime
Resource associated with Metric:
	service.name: NatureProtector.Simulator.Host
	service.instance.id: 742e4a5e-ae93-4c3c-a47b-f5f2da3f00e3
	telemetry.sdk.name: opentelemetry
	telemetry.sdk.language: dotnet
	telemetry.sdk.version: 1.10.0
(2026-05-16T22:31:07.2499893Z, 2026-05-16T22:31:27.2571238Z] gc.heap.generation: gen1 LongSum
Value: 1
Instrumentation scope (Meter):
	Name: System.Runtime
Resource associated with Metric:
	service.name: NatureProtector.Simulator.Host
	service.instance.id: 742e4a5e-ae93-4c3c-a47b-f5f2da3f00e3
	telemetry.sdk.name: opentelemetry
	telemetry.sdk.language: dotnet
	telemetry.sdk.version: 1.10.0
(2026-05-16T22:31:07.2499893Z, 2026-05-16T22:31:27.2571238Z] gc.heap.generation: gen0 LongSum
Value: 2
Instrumentation scope (Meter):
	Name: System.Runtime
Resource associated with Metric:
	service.name: NatureProtector.Simulator.Host
	service.instance.id: 742e4a5e-ae93-4c3c-a47b-f5f2da3f00e3
	telemetry.sdk.name: opentelemetry
	telemetry.sdk.language: dotnet
	telemetry.sdk.version: 1.10.0

Metric Name: dotnet.process.memory.working_set, Description: The number of bytes of physical memory mapped to the process context., Unit: By
(2026-05-16T22:31:07.2499969Z, 2026-05-16T22:31:27.2571241Z] LongSumNonMonotonic
Value: 105590784
Instrumentation scope (Meter):
	Name: System.Runtime
Resource associated with Metric:
	service.name: NatureProtector.Simulator.Host
	service.instance.id: 742e4a5e-ae93-4c3c-a47b-f5f2da3f00e3
	telemetry.sdk.name: opentelemetry
	telemetry.sdk.language: dotnet
	telemetry.sdk.version: 1.10.0

Metric Name: dotnet.gc.heap.total_allocated, Description: The approximate number of bytes allocated on the managed GC heap since the process has started. The returned value does not include any native allocations., Unit: By
(2026-05-16T22:31:07.2500057Z, 2026-05-16T22:31:27.2571243Z] LongSum
Value: 39202264
Instrumentation scope (Meter):
	Name: System.Runtime
Resource associated with Metric:
	service.name: NatureProtector.Simulator.Host
	service.instance.id: 742e4a5e-ae93-4c3c-a47b-f5f2da3f00e3
	telemetry.sdk.name: opentelemetry
	telemetry.sdk.language: dotnet
	telemetry.sdk.version: 1.10.0

Metric Name: dotnet.gc.last_collection.memory.committed_size, Description: The amount of committed virtual memory in use by the .NET GC, as observed during the latest garbage collection., Unit: By
(2026-05-16T22:31:07.2500118Z, 2026-05-16T22:31:27.2571245Z] LongSumNonMonotonic
Value: 20783104
Instrumentation scope (Meter):
	Name: System.Runtime
Resource associated with Metric:
	service.name: NatureProtector.Simulator.Host
	service.instance.id: 742e4a5e-ae93-4c3c-a47b-f5f2da3f00e3
	telemetry.sdk.name: opentelemetry
	telemetry.sdk.language: dotnet
	telemetry.sdk.version: 1.10.0

Metric Name: dotnet.gc.last_collection.heap.size, Description: The managed GC heap size (including fragmentation), as observed during the latest garbage collection., Unit: By
(2026-05-16T22:31:07.2500178Z, 2026-05-16T22:31:27.2571253Z] gc.heap.generation: gen0 LongSumNonMonotonic
Value: 144720
Instrumentation scope (Meter):
	Name: System.Runtime
Resource associated with Metric:
	service.name: NatureProtector.Simulator.Host
	service.instance.id: 742e4a5e-ae93-4c3c-a47b-f5f2da3f00e3
	telemetry.sdk.name: opentelemetry
	telemetry.sdk.language: dotnet
	telemetry.sdk.version: 1.10.0
(2026-05-16T22:31:07.2500178Z, 2026-05-16T22:31:27.2571253Z] gc.heap.generation: gen1 LongSumNonMonotonic
Value: 4131128
Instrumentation scope (Meter):
	Name: System.Runtime
Resource associated with Metric:
	service.name: NatureProtector.Simulator.Host
	service.instance.id: 742e4a5e-ae93-4c3c-a47b-f5f2da3f00e3
	telemetry.sdk.name: opentelemetry
	telemetry.sdk.language: dotnet
	telemetry.sdk.version: 1.10.0
(2026-05-16T22:31:07.2500178Z, 2026-05-16T22:31:27.2571253Z] gc.heap.generation: gen2 LongSumNonMonotonic
Value: 915384
Instrumentation scope (Meter):
	Name: System.Runtime
Resource associated with Metric:
	service.name: NatureProtector.Simulator.Host
	service.instance.id: 742e4a5e-ae93-4c3c-a47b-f5f2da3f00e3
	telemetry.sdk.name: opentelemetry
	telemetry.sdk.language: dotnet
	telemetry.sdk.version: 1.10.0
(2026-05-16T22:31:07.2500178Z, 2026-05-16T22:31:27.2571253Z] gc.heap.generation: loh LongSumNonMonotonic
Value: 6986640
Instrumentation scope (Meter):
	Name: System.Runtime
Resource associated with Metric:
	service.name: NatureProtector.Simulator.Host
	service.instance.id: 742e4a5e-ae93-4c3c-a47b-f5f2da3f00e3
	telemetry.sdk.name: opentelemetry
	telemetry.sdk.language: dotnet
	telemetry.sdk.version: 1.10.0
(2026-05-16T22:31:07.2500178Z, 2026-05-16T22:31:27.2571253Z] gc.heap.generation: poh LongSumNonMonotonic
Value: 58240
Instrumentation scope (Meter):
	Name: System.Runtime
Resource associated with Metric:
	service.name: NatureProtector.Simulator.Host
	service.instance.id: 742e4a5e-ae93-4c3c-a47b-f5f2da3f00e3
	telemetry.sdk.name: opentelemetry
	telemetry.sdk.language: dotnet
	telemetry.sdk.version: 1.10.0

Metric Name: dotnet.gc.last_collection.heap.fragmentation.size, Description: The heap fragmentation, as observed during the latest garbage collection., Unit: By
(2026-05-16T22:31:07.2500258Z, 2026-05-16T22:31:27.2571256Z] gc.heap.generation: gen0 LongSumNonMonotonic
Value: 136336
Instrumentation scope (Meter):
	Name: System.Runtime
Resource associated with Metric:
	service.name: NatureProtector.Simulator.Host
	service.instance.id: 742e4a5e-ae93-4c3c-a47b-f5f2da3f00e3
	telemetry.sdk.name: opentelemetry
	telemetry.sdk.language: dotnet
	telemetry.sdk.version: 1.10.0
(2026-05-16T22:31:07.2500258Z, 2026-05-16T22:31:27.2571256Z] gc.heap.generation: gen1 LongSumNonMonotonic
Value: 68592
Instrumentation scope (Meter):
	Name: System.Runtime
Resource associated with Metric:
	service.name: NatureProtector.Simulator.Host
	service.instance.id: 742e4a5e-ae93-4c3c-a47b-f5f2da3f00e3
	telemetry.sdk.name: opentelemetry
	telemetry.sdk.language: dotnet
	telemetry.sdk.version: 1.10.0
(2026-05-16T22:31:07.2500258Z, 2026-05-16T22:31:27.2571256Z] gc.heap.generation: gen2 LongSumNonMonotonic
Value: 0
Instrumentation scope (Meter):
	Name: System.Runtime
Resource associated with Metric:
	service.name: NatureProtector.Simulator.Host
	service.instance.id: 742e4a5e-ae93-4c3c-a47b-f5f2da3f00e3
	telemetry.sdk.name: opentelemetry
	telemetry.sdk.language: dotnet
	telemetry.sdk.version: 1.10.0
(2026-05-16T22:31:07.2500258Z, 2026-05-16T22:31:27.2571256Z] gc.heap.generation: loh LongSumNonMonotonic
Value: 1120
Instrumentation scope (Meter):
	Name: System.Runtime
Resource associated with Metric:
	service.name: NatureProtector.Simulator.Host
	service.instance.id: 742e4a5e-ae93-4c3c-a47b-f5f2da3f00e3
	telemetry.sdk.name: opentelemetry
	telemetry.sdk.language: dotnet
	telemetry.sdk.version: 1.10.0
(2026-05-16T22:31:07.2500258Z, 2026-05-16T22:31:27.2571256Z] gc.heap.generation: poh LongSumNonMonotonic
Value: 0
Instrumentation scope (Meter):
	Name: System.Runtime
Resource associated with Metric:
	service.name: NatureProtector.Simulator.Host
	service.instance.id: 742e4a5e-ae93-4c3c-a47b-f5f2da3f00e3
	telemetry.sdk.name: opentelemetry
	telemetry.sdk.language: dotnet
	telemetry.sdk.version: 1.10.0

Metric Name: dotnet.gc.pause.time, Description: The total amount of time paused in GC since the process has started., Unit: s
(2026-05-16T22:31:07.2500331Z, 2026-05-16T22:31:27.2571259Z] DoubleSum
Value: 0.020145
Instrumentation scope (Meter):
	Name: System.Runtime
Resource associated with Metric:
	service.name: NatureProtector.Simulator.Host
	service.instance.id: 742e4a5e-ae93-4c3c-a47b-f5f2da3f00e3
	telemetry.sdk.name: opentelemetry
	telemetry.sdk.language: dotnet
	telemetry.sdk.version: 1.10.0

Metric Name: dotnet.jit.compiled_il.size, Description: Count of bytes of intermediate language that have been compiled since the process has started., Unit: By
(2026-05-16T22:31:07.2506599Z, 2026-05-16T22:31:27.2571261Z] LongSum
Value: 1070922
Instrumentation scope (Meter):
	Name: System.Runtime
Resource associated with Metric:
	service.name: NatureProtector.Simulator.Host
	service.instance.id: 742e4a5e-ae93-4c3c-a47b-f5f2da3f00e3
	telemetry.sdk.name: opentelemetry
	telemetry.sdk.language: dotnet
	telemetry.sdk.version: 1.10.0

Metric Name: dotnet.jit.compiled_methods, Description: The number of times the JIT compiler (re)compiled methods since the process has started., Unit: {method}
(2026-05-16T22:31:07.2506684Z, 2026-05-16T22:31:27.2571263Z] LongSum
Value: 13861
Instrumentation scope (Meter):
	Name: System.Runtime
Resource associated with Metric:
	service.name: NatureProtector.Simulator.Host
	service.instance.id: 742e4a5e-ae93-4c3c-a47b-f5f2da3f00e3
	telemetry.sdk.name: opentelemetry
	telemetry.sdk.language: dotnet
	telemetry.sdk.version: 1.10.0

Metric Name: dotnet.jit.compilation.time, Description: The number of times the JIT compiler (re)compiled methods since the process has started., Unit: s
(2026-05-16T22:31:07.2506812Z, 2026-05-16T22:31:27.2571272Z] DoubleSum
Value: 1.3159223
Instrumentation scope (Meter):
	Name: System.Runtime
Resource associated with Metric:
	service.name: NatureProtector.Simulator.Host
	service.instance.id: 742e4a5e-ae93-4c3c-a47b-f5f2da3f00e3
	telemetry.sdk.name: opentelemetry
	telemetry.sdk.language: dotnet
	telemetry.sdk.version: 1.10.0

Metric Name: dotnet.monitor.lock_contentions, Description: The number of times there was contention when trying to acquire a monitor lock since the process has started., Unit: {contention}
(2026-05-16T22:31:07.2506906Z, 2026-05-16T22:31:27.2571274Z] LongSum
Value: 28
Instrumentation scope (Meter):
	Name: System.Runtime
Resource associated with Metric:
	service.name: NatureProtector.Simulator.Host
	service.instance.id: 742e4a5e-ae93-4c3c-a47b-f5f2da3f00e3
	telemetry.sdk.name: opentelemetry
	telemetry.sdk.language: dotnet
	telemetry.sdk.version: 1.10.0

Metric Name: dotnet.thread_pool.thread.count, Description: The number of thread pool threads that currently exist., Unit: {thread}
(2026-05-16T22:31:07.2506990Z, 2026-05-16T22:31:27.2571276Z] LongSum
Value: 3
Instrumentation scope (Meter):
	Name: System.Runtime
Resource associated with Metric:
	service.name: NatureProtector.Simulator.Host
	service.instance.id: 742e4a5e-ae93-4c3c-a47b-f5f2da3f00e3
	telemetry.sdk.name: opentelemetry
	telemetry.sdk.language: dotnet
	telemetry.sdk.version: 1.10.0

Metric Name: dotnet.thread_pool.work_item.count, Description: The number of work items that the thread pool has completed since the process has started., Unit: {work_item}
(2026-05-16T22:31:07.2507071Z, 2026-05-16T22:31:27.2571278Z] LongSum
Value: 89
Instrumentation scope (Meter):
	Name: System.Runtime
Resource associated with Metric:
	service.name: NatureProtector.Simulator.Host
	service.instance.id: 742e4a5e-ae93-4c3c-a47b-f5f2da3f00e3
	telemetry.sdk.name: opentelemetry
	telemetry.sdk.language: dotnet
	telemetry.sdk.version: 1.10.0

Metric Name: dotnet.thread_pool.queue.length, Description: The number of work items that are currently queued to be processed by the thread pool., Unit: {work_item}
(2026-05-16T22:31:07.2507201Z, 2026-05-16T22:31:27.2571298Z] LongSum
Value: 0
Instrumentation scope (Meter):
	Name: System.Runtime
Resource associated with Metric:
	service.name: NatureProtector.Simulator.Host
	service.instance.id: 742e4a5e-ae93-4c3c-a47b-f5f2da3f00e3
	telemetry.sdk.name: opentelemetry
	telemetry.sdk.language: dotnet
	telemetry.sdk.version: 1.10.0

Metric Name: dotnet.timer.count, Description: The number of timer instances that are currently active. An active timer is registered to tick at some point in the future and has not yet been canceled., Unit: {timer}
(2026-05-16T22:31:07.2507297Z, 2026-05-16T22:31:27.2571301Z] LongSumNonMonotonic
Value: 6
Instrumentation scope (Meter):
	Name: System.Runtime
Resource associated with Metric:
	service.name: NatureProtector.Simulator.Host
	service.instance.id: 742e4a5e-ae93-4c3c-a47b-f5f2da3f00e3
	telemetry.sdk.name: opentelemetry
	telemetry.sdk.language: dotnet
	telemetry.sdk.version: 1.10.0

Metric Name: dotnet.assembly.count, Description: The number of .NET assemblies that are currently loaded., Unit: {assembly}
(2026-05-16T22:31:07.2507382Z, 2026-05-16T22:31:27.2571303Z] LongSumNonMonotonic
Value: 105
Instrumentation scope (Meter):
	Name: System.Runtime
Resource associated with Metric:
	service.name: NatureProtector.Simulator.Host
	service.instance.id: 742e4a5e-ae93-4c3c-a47b-f5f2da3f00e3
	telemetry.sdk.name: opentelemetry
	telemetry.sdk.language: dotnet
	telemetry.sdk.version: 1.10.0

Metric Name: dotnet.process.cpu.count, Description: The number of processors available to the process., Unit: {cpu}
(2026-05-16T22:31:07.2562894Z, 2026-05-16T22:31:27.2571310Z] LongSumNonMonotonic
Value: 16
Instrumentation scope (Meter):
	Name: System.Runtime
Resource associated with Metric:
	service.name: NatureProtector.Simulator.Host
	service.instance.id: 742e4a5e-ae93-4c3c-a47b-f5f2da3f00e3
	telemetry.sdk.name: opentelemetry
	telemetry.sdk.language: dotnet
	telemetry.sdk.version: 1.10.0

Metric Name: dotnet.process.cpu.time, Description: CPU time used by the process., Unit: s
(2026-05-16T22:31:07.2563474Z, 2026-05-16T22:31:27.2571312Z] cpu.mode: user DoubleSum
Value: 1.84375
Instrumentation scope (Meter):
	Name: System.Runtime
Resource associated with Metric:
	service.name: NatureProtector.Simulator.Host
	service.instance.id: 742e4a5e-ae93-4c3c-a47b-f5f2da3f00e3
	telemetry.sdk.name: opentelemetry
	telemetry.sdk.language: dotnet
	telemetry.sdk.version: 1.10.0
(2026-05-16T22:31:07.2563474Z, 2026-05-16T22:31:27.2571312Z] cpu.mode: system DoubleSum
Value: 0.21875
Instrumentation scope (Meter):
	Name: System.Runtime
Resource associated with Metric:
	service.name: NatureProtector.Simulator.Host
	service.instance.id: 742e4a5e-ae93-4c3c-a47b-f5f2da3f00e3
	telemetry.sdk.name: opentelemetry
	telemetry.sdk.language: dotnet
	telemetry.sdk.version: 1.10.0

Metric Name: natureprotector.simulator.context.creations
(2026-05-16T22:31:07.2722042Z, 2026-05-16T22:31:27.2571324Z] LongSum
Value: 1
Instrumentation scope (Meter):
	Name: NatureProtector.Simulator.Host
Resource associated with Metric:
	service.name: NatureProtector.Simulator.Host
	service.instance.id: 742e4a5e-ae93-4c3c-a47b-f5f2da3f00e3
	telemetry.sdk.name: opentelemetry
	telemetry.sdk.language: dotnet
	telemetry.sdk.version: 1.10.0

Metric Name: natureprotector.simulator.context.creation.duration, Unit: ms
(2026-05-16T22:31:07.2728787Z, 2026-05-16T22:31:27.2571338Z] Histogram
Value: Sum: 1126,0018 Count: 1 Min: 1126,0018 Max: 1126,0018 
(-Infinity,0]:0
(0,5]:0
(5,10]:0
(10,25]:0
(25,50]:0
(50,75]:0
(75,100]:0
(100,250]:0
(250,500]:0
(500,750]:0
(750,1000]:0
(1000,2500]:1
(2500,5000]:0
(5000,7500]:0
(7500,10000]:0
(10000,+Infinity]:0

Instrumentation scope (Meter):
	Name: NatureProtector.Simulator.Host
Resource associated with Metric:
	service.name: NatureProtector.Simulator.Host
	service.instance.id: 742e4a5e-ae93-4c3c-a47b-f5f2da3f00e3
	telemetry.sdk.name: opentelemetry
	telemetry.sdk.language: dotnet
	telemetry.sdk.version: 1.10.0

Metric Name: natureprotector.simulator.runs
(2026-05-16T22:31:07.2729152Z, 2026-05-16T22:31:27.2571343Z] np.outcome: started LongSum
Value: 1
Instrumentation scope (Meter):
	Name: NatureProtector.Simulator.Host
Resource associated with Metric:
	service.name: NatureProtector.Simulator.Host
	service.instance.id: 742e4a5e-ae93-4c3c-a47b-f5f2da3f00e3
	telemetry.sdk.name: opentelemetry
	telemetry.sdk.language: dotnet
	telemetry.sdk.version: 1.10.0

Metric Name: natureprotector.simulator.publish.messages
(2026-05-16T22:31:07.2729384Z, 2026-05-16T22:31:27.2571355Z] LongSum
Value: 24
Instrumentation scope (Meter):
	Name: NatureProtector.Simulator.Host
Resource associated with Metric:
	service.name: NatureProtector.Simulator.Host
	service.instance.id: 742e4a5e-ae93-4c3c-a47b-f5f2da3f00e3
	telemetry.sdk.name: opentelemetry
	telemetry.sdk.language: dotnet
	telemetry.sdk.version: 1.10.0

Metric Name: natureprotector.simulator.publish.batch.size
(2026-05-16T22:31:07.2734255Z, 2026-05-16T22:31:27.2571391Z] Histogram
Value: Sum: 24 Count: 4 Min: 6 Max: 6 
(-Infinity,0]:0
(0,5]:0
(5,10]:4
(10,25]:0
(25,50]:0
(50,75]:0
(75,100]:0
(100,250]:0
(250,500]:0
(500,750]:0
(750,1000]:0
(1000,2500]:0
(2500,5000]:0
(5000,7500]:0
(7500,10000]:0
(10000,+Infinity]:0

Instrumentation scope (Meter):
	Name: NatureProtector.Simulator.Host
Resource associated with Metric:
	service.name: NatureProtector.Simulator.Host
	service.instance.id: 742e4a5e-ae93-4c3c-a47b-f5f2da3f00e3
	telemetry.sdk.name: opentelemetry
	telemetry.sdk.language: dotnet
	telemetry.sdk.version: 1.10.0

Metric Name: natureprotector.simulator.publish.duration, Unit: ms
(2026-05-16T22:31:07.2734451Z, 2026-05-16T22:31:27.2571407Z] Histogram
Value: Sum: 300,7803999999999 Count: 28 Min: 0,0547 Max: 134,9287 
(-Infinity,0]:0
(0,5]:23
(5,10]:0
(10,25]:3
(25,50]:0
(50,75]:0
(75,100]:0
(100,250]:2
(250,500]:0
(500,750]:0
(750,1000]:0
(1000,2500]:0
(2500,5000]:0
(5000,7500]:0
(7500,10000]:0
(10000,+Infinity]:0

Instrumentation scope (Meter):
	Name: NatureProtector.Simulator.Host
Resource associated with Metric:
	service.name: NatureProtector.Simulator.Host
	service.instance.id: 742e4a5e-ae93-4c3c-a47b-f5f2da3f00e3
	telemetry.sdk.name: opentelemetry
	telemetry.sdk.language: dotnet
	telemetry.sdk.version: 1.10.0

Metric Name: dns.lookup.duration, Description: Measures the time taken to perform a DNS lookup., Unit: s
(2026-05-16T22:31:08.0927680Z, 2026-05-16T22:31:27.2571415Z] dns.question.name: localhost Histogram
Value: Sum: 0,0072174 Count: 2 Min: 0,0003681 Max: 0,0068493 
(-Infinity,0,005]:1
(0,005,0,01]:1
(0,01,0,025]:0
(0,025,0,05]:0
(0,05,0,075]:0
(0,075,0,1]:0
(0,1,0,25]:0
(0,25,0,5]:0
(0,5,0,75]:0
(0,75,1]:0
(1,2,5]:0
(2,5,5]:0
(5,7,5]:0
(7,5,10]:0
(10,+Infinity]:0

Instrumentation scope (Meter):
	Name: System.Net.NameResolution
Resource associated with Metric:
	service.name: NatureProtector.Simulator.Host
	service.instance.id: 742e4a5e-ae93-4c3c-a47b-f5f2da3f00e3
	telemetry.sdk.name: opentelemetry
	telemetry.sdk.language: dotnet
	telemetry.sdk.version: 1.10.0
Activity.TraceId:            7502d7abe58073c2a5d960d978156d2a
Activity.SpanId:             34f0231a64ed1c9a
Activity.TraceFlags:         Recorded
Activity.ParentSpanId:       25227b6b6a5cabd5
Activity.DisplayName:        natureprotector.simulator.cycle
Activity.Kind:               Internal
Activity.StartTime:          2026-05-16T22:31:23.8298929Z
Activity.Duration:           00:00:05.0222864
Activity.Tags:
    np.simulation_run_id: be6a783b-ad1b-42b0-a541-4245c375f014
    np.area_id: b3f4fb84-bf17-5522-a5f3-70fd1212f381
    np.scenario_id: 6034251c-b502-5f7b-a557-7187178cfb04
Instrumentation scope (ActivitySource):
    Name: NatureProtector.Simulator.Host
Resource associated with Activity:
    service.name: NatureProtector.Simulator.Host
    service.instance.id: 742e4a5e-ae93-4c3c-a47b-f5f2da3f00e3
    telemetry.sdk.name: opentelemetry
    telemetry.sdk.language: dotnet
    telemetry.sdk.version: 1.10.0

info: NatureProtector.Simulator.Host.Services.SimulationRunner[0]
      Starting simulation cycle 5/5 at logical time 09/13/2020 12:00:20 +02:00.
info: NatureProtector.Simulator.Host.Publishing.RabbitMqReadingPublisher[0]
      Published SensorReadingProduced to RabbitMQ | EventId=fb23d213-66f5-478c-890d-3ca0eb757ef7 | CorrelationId=be6a783bad1b42b0a5414245c375f014-0004-22702eee75aa3cf431abb689bfb9a8bc | SensorId=22702eee-75aa-3cf4-31ab-b689bfb9a8bc | SensorName=pilot-humidity-0001 | Value=20.496012966119295
Activity.TraceId:            7502d7abe58073c2a5d960d978156d2a
Activity.SpanId:             6e548f6702e779b0
Activity.TraceFlags:         Recorded
Activity.ParentSpanId:       a7aaff892f084ab2
Activity.DisplayName:        natureprotector.simulator.publish
Activity.Kind:               Internal
Activity.StartTime:          2026-05-16T22:31:28.8559995Z
Activity.Duration:           00:00:00.0001732
Activity.Tags:
    np.event_id: fb23d213-66f5-478c-890d-3ca0eb757ef7
    np.correlation_id: be6a783bad1b42b0a5414245c375f014-0004-22702eee75aa3cf431abb689bfb9a8bc
    np.area_id: b3f4fb84-bf17-5522-a5f3-70fd1212f381
    np.simulation_run_id: be6a783b-ad1b-42b0-a541-4245c375f014
    np.sensor_id: 22702eee-75aa-3cf4-31ab-b689bfb9a8bc
    np.sensor_name: pilot-humidity-0001
    np.metric_type: Humidity
Instrumentation scope (ActivitySource):
    Name: NatureProtector.Simulator.Host
Resource associated with Activity:
    service.name: NatureProtector.Simulator.Host
    service.instance.id: 742e4a5e-ae93-4c3c-a47b-f5f2da3f00e3
    telemetry.sdk.name: opentelemetry
    telemetry.sdk.language: dotnet
    telemetry.sdk.version: 1.10.0

info: NatureProtector.Simulator.Host.Publishing.RabbitMqReadingPublisher[0]
      Published SensorReadingProduced to RabbitMQ | EventId=1a006b20-a772-43cf-9a05-f0ec0be6b8b7 | CorrelationId=be6a783bad1b42b0a5414245c375f014-0004-2f494582407786f29707780861949155 | SensorId=2f494582-4077-86f2-9707-780861949155 | SensorName=pilot-humidity-0230 | Value=21.38652208821274
Activity.TraceId:            7502d7abe58073c2a5d960d978156d2a
Activity.SpanId:             73b3fb2209f35734
Activity.TraceFlags:         Recorded
Activity.ParentSpanId:       a7aaff892f084ab2
Activity.DisplayName:        natureprotector.simulator.publish
Activity.Kind:               Internal
Activity.StartTime:          2026-05-16T22:31:28.8587809Z
Activity.Duration:           00:00:00.0001623
Activity.Tags:
    np.event_id: 1a006b20-a772-43cf-9a05-f0ec0be6b8b7
    np.correlation_id: be6a783bad1b42b0a5414245c375f014-0004-2f494582407786f29707780861949155
    np.area_id: b3f4fb84-bf17-5522-a5f3-70fd1212f381
    np.simulation_run_id: be6a783b-ad1b-42b0-a541-4245c375f014
    np.sensor_id: 2f494582-4077-86f2-9707-780861949155
    np.sensor_name: pilot-humidity-0230
    np.metric_type: Humidity
Instrumentation scope (ActivitySource):
    Name: NatureProtector.Simulator.Host
Resource associated with Activity:
    service.name: NatureProtector.Simulator.Host
    service.instance.id: 742e4a5e-ae93-4c3c-a47b-f5f2da3f00e3
    telemetry.sdk.name: opentelemetry
    telemetry.sdk.language: dotnet
    telemetry.sdk.version: 1.10.0

info: NatureProtector.Simulator.Host.Publishing.RabbitMqReadingPublisher[0]
      Published SensorReadingProduced to RabbitMQ | EventId=f2f8fe67-dc3a-4075-a2a3-c3fd3ed81a00 | CorrelationId=be6a783bad1b42b0a5414245c375f014-0004-27bf9aad094f7dc645b2129a8cc0522e | SensorId=27bf9aad-094f-7dc6-45b2-129a8cc0522e | SensorName=pilot-temperature-0001 | Value=32.41580185358954
Activity.TraceId:            7502d7abe58073c2a5d960d978156d2a
Activity.SpanId:             525db80f63b05e15
Activity.TraceFlags:         Recorded
Activity.ParentSpanId:       a7aaff892f084ab2
Activity.DisplayName:        natureprotector.simulator.publish
Activity.Kind:               Internal
Activity.StartTime:          2026-05-16T22:31:28.8619102Z
Activity.Duration:           00:00:00.0002418
Activity.Tags:
    np.event_id: f2f8fe67-dc3a-4075-a2a3-c3fd3ed81a00
    np.correlation_id: be6a783bad1b42b0a5414245c375f014-0004-27bf9aad094f7dc645b2129a8cc0522e
    np.area_id: b3f4fb84-bf17-5522-a5f3-70fd1212f381
    np.simulation_run_id: be6a783b-ad1b-42b0-a541-4245c375f014
    np.sensor_id: 27bf9aad-094f-7dc6-45b2-129a8cc0522e
    np.sensor_name: pilot-temperature-0001
    np.metric_type: Temperature
Instrumentation scope (ActivitySource):
    Name: NatureProtector.Simulator.Host
Resource associated with Activity:
    service.name: NatureProtector.Simulator.Host
    service.instance.id: 742e4a5e-ae93-4c3c-a47b-f5f2da3f00e3
    telemetry.sdk.name: opentelemetry
    telemetry.sdk.language: dotnet
    telemetry.sdk.version: 1.10.0

info: NatureProtector.Simulator.Host.Publishing.RabbitMqReadingPublisher[0]
      Published SensorReadingProduced to RabbitMQ | EventId=fc851490-973e-469f-abda-36e7df48c5e0 | CorrelationId=be6a783bad1b42b0a5414245c375f014-0004-8e6a3d8a7e654fa58c51fa4597b203b8 | SensorId=8e6a3d8a-7e65-4fa5-8c51-fa4597b203b8 | SensorName=pilot-temperature-0230 | Value=32.119581397201586
Activity.TraceId:            7502d7abe58073c2a5d960d978156d2a
Activity.SpanId:             13b4a86b34d6c75f
Activity.TraceFlags:         Recorded
Activity.ParentSpanId:       a7aaff892f084ab2
Activity.DisplayName:        natureprotector.simulator.publish
Activity.Kind:               Internal
Activity.StartTime:          2026-05-16T22:31:28.8650673Z
Activity.Duration:           00:00:00.0001501
Activity.Tags:
    np.event_id: fc851490-973e-469f-abda-36e7df48c5e0
    np.correlation_id: be6a783bad1b42b0a5414245c375f014-0004-8e6a3d8a7e654fa58c51fa4597b203b8
    np.area_id: b3f4fb84-bf17-5522-a5f3-70fd1212f381
    np.simulation_run_id: be6a783b-ad1b-42b0-a541-4245c375f014
    np.sensor_id: 8e6a3d8a-7e65-4fa5-8c51-fa4597b203b8
    np.sensor_name: pilot-temperature-0230
    np.metric_type: Temperature
Instrumentation scope (ActivitySource):
    Name: NatureProtector.Simulator.Host
Resource associated with Activity:
    service.name: NatureProtector.Simulator.Host
    service.instance.id: 742e4a5e-ae93-4c3c-a47b-f5f2da3f00e3
    telemetry.sdk.name: opentelemetry
    telemetry.sdk.language: dotnet
    telemetry.sdk.version: 1.10.0

info: NatureProtector.Simulator.Host.Publishing.RabbitMqReadingPublisher[0]
      Published SensorReadingProduced to RabbitMQ | EventId=9640b2b7-ab8a-49df-bb38-64a567d420bc | CorrelationId=be6a783bad1b42b0a5414245c375f014-0004-e7660606cadd4212e67b574c09ef789a | SensorId=e7660606-cadd-4212-e67b-574c09ef789a | SensorName=pilot-wind-0001 | Value=5.65633091766169
Activity.TraceId:            7502d7abe58073c2a5d960d978156d2a
Activity.SpanId:             ab6bd5510f079168
Activity.TraceFlags:         Recorded
Activity.ParentSpanId:       a7aaff892f084ab2
Activity.DisplayName:        natureprotector.simulator.publish
Activity.Kind:               Internal
Activity.StartTime:          2026-05-16T22:31:28.8679804Z
Activity.Duration:           00:00:00.0001158
Activity.Tags:
    np.event_id: 9640b2b7-ab8a-49df-bb38-64a567d420bc
    np.correlation_id: be6a783bad1b42b0a5414245c375f014-0004-e7660606cadd4212e67b574c09ef789a
    np.area_id: b3f4fb84-bf17-5522-a5f3-70fd1212f381
    np.simulation_run_id: be6a783b-ad1b-42b0-a541-4245c375f014
    np.sensor_id: e7660606-cadd-4212-e67b-574c09ef789a
    np.sensor_name: pilot-wind-0001
    np.metric_type: WindSpeed
Instrumentation scope (ActivitySource):
    Name: NatureProtector.Simulator.Host
Resource associated with Activity:
    service.name: NatureProtector.Simulator.Host
    service.instance.id: 742e4a5e-ae93-4c3c-a47b-f5f2da3f00e3
    telemetry.sdk.name: opentelemetry
    telemetry.sdk.language: dotnet
    telemetry.sdk.version: 1.10.0

info: NatureProtector.Simulator.Host.Publishing.RabbitMqReadingPublisher[0]
      Published SensorReadingProduced to RabbitMQ | EventId=338f21ca-5392-4043-9f60-896961069278 | CorrelationId=be6a783bad1b42b0a5414245c375f014-0004-17badc17792017acc213db1c12bedfb2 | SensorId=17badc17-7920-17ac-c213-db1c12bedfb2 | SensorName=pilot-wind-0230 | Value=5.787886884569596
Activity.TraceId:            7502d7abe58073c2a5d960d978156d2a
Activity.SpanId:             d44d424a80435bb2
Activity.TraceFlags:         Recorded
Activity.ParentSpanId:       a7aaff892f084ab2
Activity.DisplayName:        natureprotector.simulator.publish
Activity.Kind:               Internal
Activity.StartTime:          2026-05-16T22:31:28.8708138Z
Activity.Duration:           00:00:00.0001124
Activity.Tags:
    np.event_id: 338f21ca-5392-4043-9f60-896961069278
    np.correlation_id: be6a783bad1b42b0a5414245c375f014-0004-17badc17792017acc213db1c12bedfb2
    np.area_id: b3f4fb84-bf17-5522-a5f3-70fd1212f381
    np.simulation_run_id: be6a783b-ad1b-42b0-a541-4245c375f014
    np.sensor_id: 17badc17-7920-17ac-c213-db1c12bedfb2
    np.sensor_name: pilot-wind-0230
    np.metric_type: WindSpeed
Instrumentation scope (ActivitySource):
    Name: NatureProtector.Simulator.Host
Resource associated with Activity:
    service.name: NatureProtector.Simulator.Host
    service.instance.id: 742e4a5e-ae93-4c3c-a47b-f5f2da3f00e3
    telemetry.sdk.name: opentelemetry
    telemetry.sdk.language: dotnet
    telemetry.sdk.version: 1.10.0

Activity.TraceId:            7502d7abe58073c2a5d960d978156d2a
Activity.SpanId:             a7aaff892f084ab2
Activity.TraceFlags:         Recorded
Activity.ParentSpanId:       25227b6b6a5cabd5
Activity.DisplayName:        natureprotector.simulator.cycle
Activity.Kind:               Internal
Activity.StartTime:          2026-05-16T22:31:28.8558443Z
Activity.Duration:           00:00:00.0177710
Activity.Tags:
    np.simulation_run_id: be6a783b-ad1b-42b0-a541-4245c375f014
    np.area_id: b3f4fb84-bf17-5522-a5f3-70fd1212f381
    np.scenario_id: 6034251c-b502-5f7b-a557-7187178cfb04
Instrumentation scope (ActivitySource):
    Name: NatureProtector.Simulator.Host
Resource associated with Activity:
    service.name: NatureProtector.Simulator.Host
    service.instance.id: 742e4a5e-ae93-4c3c-a47b-f5f2da3f00e3
    telemetry.sdk.name: opentelemetry
    telemetry.sdk.language: dotnet
    telemetry.sdk.version: 1.10.0

info: Microsoft.EntityFrameworkCore.Database.Command[20101]
      Executed DbCommand (1ms) [Parameters=[@__run_Id_0='?' (DbType = Guid)], CommandType='Text', CommandTimeout='30']
      SELECT s."Id", s."AreaId", s."ConfigurationVersionId", s."CreatedAt", s."EndedAt", s."ExecutionSeed", s."IntervalSeconds", s."LogicalStartTimestamp", s."MetadataJson", s."NumberOfCycles", s."ScenarioCode", s."ScenarioId", s."ScenarioName", s."StartedAt", s."Status"
      FROM control.simulation_runs AS s
      WHERE s."Id" = @__run_Id_0
      LIMIT 2
info: Microsoft.EntityFrameworkCore.Database.Command[20101]
      Executed DbCommand (2ms) [Parameters=[@p2='?' (DbType = Guid), @p0='?' (DbType = DateTime), @p1='?' (DbType = Int32)], CommandType='Text', CommandTimeout='30']
      UPDATE control.simulation_runs SET "EndedAt" = @p0, "Status" = @p1
      WHERE "Id" = @p2;
info: NatureProtector.Simulator.Host.Services.SimulationRunner[0]
      Simulation completed successfully | SimulationRunId=be6a783b-ad1b-42b0-a541-4245c375f014 | CompletedAt=05/16/2026 22:31:28 +00:00 | LogicalCompletedAt=09/13/2020 12:00:25 +02:00.
Activity.TraceId:            7502d7abe58073c2a5d960d978156d2a
Activity.SpanId:             25227b6b6a5cabd5
Activity.TraceFlags:         Recorded
Activity.DisplayName:        natureprotector.simulator.run
Activity.Kind:               Internal
Activity.StartTime:          2026-05-16T22:31:07.2751622Z
Activity.Duration:           00:00:21.6071388
Activity.Tags:
    np.area_id: b3f4fb84-bf17-5522-a5f3-70fd1212f381
    np.scenario_id: 6034251c-b502-5f7b-a557-7187178cfb04
    np.scenario_code: scenario_b
    np.simulation_run_id: be6a783b-ad1b-42b0-a541-4245c375f014
    np.outcome: completed
Instrumentation scope (ActivitySource):
    Name: NatureProtector.Simulator.Host
Resource associated with Activity:
    service.name: NatureProtector.Simulator.Host
    service.instance.id: 742e4a5e-ae93-4c3c-a47b-f5f2da3f00e3
    telemetry.sdk.name: opentelemetry
    telemetry.sdk.language: dotnet
    telemetry.sdk.version: 1.10.0



=== STDERR ===
