=== STDOUT ===
Using launch settings from src\NatureProtector.Simulator.Host\Properties\launchSettings.json...
Building...
C:\Users\Miguel\UNI\6sem\PS\IMP\D\NatureProtector\src\NatureProtector.Shared\NatureProtector.Shared.csproj : warning NU1902: Package 'OpenTelemetry.Exporter.OpenTelemetryProtocol' 1.10.0 has a known moderate severity vulnerability, https://github.com/advisories/GHSA-4625-4j76-fww9 [C:\Users\Miguel\UNI\6sem\PS\IMP\D\NatureProtector\src\NatureProtector.Simulator.Host\NatureProtector.Simulator.Host.csproj]
C:\Users\Miguel\UNI\6sem\PS\IMP\D\NatureProtector\src\NatureProtector.Shared\NatureProtector.Shared.csproj : warning NU1902: Package 'OpenTelemetry.Exporter.OpenTelemetryProtocol' 1.10.0 has a known moderate severity vulnerability, https://github.com/advisories/GHSA-4625-4j76-fww9
info: NatureProtector.Simulator.Host.Services.SimulationRunner[0]
      Simulation runner starting at 05/16/2026 21:48:04 +00:00.
info: Microsoft.Hosting.Lifetime[0]
      Application started. Press Ctrl+C to shut down.
info: Microsoft.Hosting.Lifetime[0]
      Hosting environment: Development
info: Microsoft.Hosting.Lifetime[0]
      Content root path: C:\Users\Miguel\UNI\6sem\PS\IMP\D\NatureProtector\src\NatureProtector.Simulator.Host
info: Microsoft.EntityFrameworkCore.Database.Command[20101]
      Executed DbCommand (30ms) [Parameters=[@___options_AreaId_0='?' (DbType = Guid)], CommandType='Text', CommandTimeout='30']
      SELECT a."Id", a."Code", a."ConfigurationVersionId", a."CountryCode", a."GeometryGeoJson", a."MetadataJson", a."Name"
      FROM control.areas AS a
      WHERE a."Id" = @___options_AreaId_0
      LIMIT 2
info: Microsoft.EntityFrameworkCore.Database.Command[20101]
      Executed DbCommand (6ms) [Parameters=[@___options_ControlPlaneAreaCode_0='?'], CommandType='Text', CommandTimeout='30']
      SELECT a."Id", a."Code", a."ConfigurationVersionId", a."CountryCode", a."GeometryGeoJson", a."MetadataJson", a."Name"
      FROM control.areas AS a
      WHERE a."Code" = @___options_ControlPlaneAreaCode_0
      LIMIT 2
info: Microsoft.EntityFrameworkCore.Database.Command[20101]
      Executed DbCommand (1ms) [Parameters=[@__areaId_0='?' (DbType = Guid), @___options_ScenarioId_1='?' (DbType = Guid)], CommandType='Text', CommandTimeout='30']
      SELECT s."Id", s."AreaId", s."BaseScenarioId", s."Code", s."ConfigurationVersionId", s."Description", s."Name", s."ParametersJson", s."ScenarioKind"
      FROM control.scenario_definitions AS s
      WHERE s."AreaId" = @__areaId_0 AND s."Id" = @___options_ScenarioId_1
      LIMIT 2
info: Microsoft.EntityFrameworkCore.Database.Command[20101]
      Executed DbCommand (1ms) [Parameters=[@__areaId_0='?' (DbType = Guid), @___options_ControlPlaneScenarioCode_1='?'], CommandType='Text', CommandTimeout='30']
      SELECT s."Id", s."AreaId", s."BaseScenarioId", s."Code", s."ConfigurationVersionId", s."Description", s."Name", s."ParametersJson", s."ScenarioKind"
      FROM control.scenario_definitions AS s
      WHERE s."AreaId" = @__areaId_0 AND s."Code" = @___options_ControlPlaneScenarioCode_1
      LIMIT 2
info: Microsoft.EntityFrameworkCore.Database.Command[20101]
      Executed DbCommand (2ms) [Parameters=[@__area_Id_0='?' (DbType = Guid)], CommandType='Text', CommandTimeout='30']
      SELECT s."Id", s."AltitudeMeters", s."AreaId", s."ConfigurationVersionId", s."GridCellId", s."InstallationProfile", s."IsActive", s."Latitude", s."Longitude", s."Name", s."NetworkId", s."ProfileId", s."Type", s0."Id", s0."AccuracyProfileJson", s0."ConfigurationVersionId", s0."FaultProfileJson", s0."Name", s0."NoiseProfileJson", s0."PublicationPolicyJson", s0."SensorFamily"
      FROM control.sensor_nodes AS s
      INNER JOIN control.sensor_profiles AS s0 ON s."ProfileId" = s0."Id"
      WHERE s."AreaId" = @__area_Id_0 AND s."IsActive"
      ORDER BY s."Name"
Activity.TraceId:            98983099365c0d72f6d2ad45a0708a7e
Activity.SpanId:             dc8a7d011d69e0d0
Activity.TraceFlags:         Recorded
Activity.ParentSpanId:       e8724d943856c962
Activity.DisplayName:        natureprotector.simulator.context.create_from_postgres
Activity.Kind:               Internal
Activity.StartTime:          2026-05-16T21:48:04.1285097Z
Activity.Duration:           00:00:01.1747106
Activity.Tags:
    np.area_id: b3f4fb84-bf17-5522-a5f3-70fd1212f381
    np.scenario_id: 6034251c-b502-5f7b-a557-7187178cfb04
    np.scenario_code: scenario_b
    np.configuration_version: c03be3d5-1f70-15cb-2fc0-3c86a204a644
    np.outcome: completed
Instrumentation scope (ActivitySource):
    Name: NatureProtector.Simulator.Host
Resource associated with Activity:
    service.name: NatureProtector.Simulator.Host
    service.instance.id: 6474e93b-2aec-4ad6-8689-3d912d9ea719
    telemetry.sdk.name: opentelemetry
    telemetry.sdk.language: dotnet
    telemetry.sdk.version: 1.10.0

info: NatureProtector.Simulator.Host.Services.SimulationRunner[0]
      Simulation context created | AreaId=b3f4fb84-bf17-5522-a5f3-70fd1212f381 | ScenarioId=6034251c-b502-5f7b-a557-7187178cfb04 | ScenarioName=Scenario B - High Risk Proenca-a-Nova | Seed=12345 | Cycles=5 | Interval=5s
info: Microsoft.EntityFrameworkCore.Database.Command[20101]
      Executed DbCommand (1ms) [Parameters=[@__run_Id_0='?' (DbType = Guid)], CommandType='Text', CommandTimeout='30']
      SELECT s."Id", s."AreaId", s."ConfigurationVersionId", s."CreatedAt", s."EndedAt", s."ExecutionSeed", s."IntervalSeconds", s."LogicalStartTimestamp", s."MetadataJson", s."NumberOfCycles", s."ScenarioCode", s."ScenarioId", s."ScenarioName", s."StartedAt", s."Status"
      FROM control.simulation_runs AS s
      WHERE s."Id" = @__run_Id_0
      LIMIT 2
info: Microsoft.EntityFrameworkCore.Database.Command[20101]
      Executed DbCommand (10ms) [Parameters=[@p0='?' (DbType = Guid), @p1='?' (DbType = Guid), @p2='?' (DbType = Guid), @p3='?' (DbType = DateTime), @p4='?' (DbType = DateTime), @p5='?' (DbType = Int32), @p6='?' (DbType = Int32), @p7='?' (DbType = DateTime), @p8='?', @p9='?' (DbType = Int32), @p10='?', @p11='?' (DbType = Guid), @p12='?', @p13='?' (DbType = DateTime), @p14='?' (DbType = Int32)], CommandType='Text', CommandTimeout='30']
      INSERT INTO control.simulation_runs ("Id", "AreaId", "ConfigurationVersionId", "CreatedAt", "EndedAt", "ExecutionSeed", "IntervalSeconds", "LogicalStartTimestamp", "MetadataJson", "NumberOfCycles", "ScenarioCode", "ScenarioId", "ScenarioName", "StartedAt", "Status")
      VALUES (@p0, @p1, @p2, @p3, @p4, @p5, @p6, @p7, @p8, @p9, @p10, @p11, @p12, @p13, @p14);
info: Microsoft.EntityFrameworkCore.Database.Command[20101]
      Executed DbCommand (1ms) [Parameters=[@__run_Id_0='?' (DbType = Guid)], CommandType='Text', CommandTimeout='30']
      SELECT s."Id", s."AreaId", s."ConfigurationVersionId", s."CreatedAt", s."EndedAt", s."ExecutionSeed", s."IntervalSeconds", s."LogicalStartTimestamp", s."MetadataJson", s."NumberOfCycles", s."ScenarioCode", s."ScenarioId", s."ScenarioName", s."StartedAt", s."Status"
      FROM control.simulation_runs AS s
      WHERE s."Id" = @__run_Id_0
      LIMIT 2
info: Microsoft.EntityFrameworkCore.Database.Command[20101]
      Executed DbCommand (3ms) [Parameters=[@p2='?' (DbType = Guid), @p0='?' (DbType = DateTime), @p1='?' (DbType = Int32)], CommandType='Text', CommandTimeout='30']
      UPDATE control.simulation_runs SET "StartedAt" = @p0, "Status" = @p1
      WHERE "Id" = @p2;
info: NatureProtector.Simulator.Host.Services.SimulationRunner[0]
      Simulation run started | SimulationRunId=6003e540-920f-49bf-a955-78cef436e9ee | StartedAt=05/16/2026 21:48:05 +00:00 | LogicalStartTimestamp=09/13/2020 12:00:00 +02:00
info: NatureProtector.Simulator.Host.Services.SimulationRunner[0]
      Starting simulation cycle 1/5 at logical time 09/13/2020 12:00:00 +02:00.
info: NatureProtector.Simulator.Host.Publishing.RabbitMqReadingPublisher[0]
      RabbitMQ publisher connected | Host=localhost | Port=5672 | Exchange=np.events
info: NatureProtector.Simulator.Host.Publishing.RabbitMqReadingPublisher[0]
      Published SensorReadingProduced to RabbitMQ | EventId=704e7ef4-5eec-4b7b-a391-7378368bb989 | CorrelationId=6003e540920f49bfa95578cef436e9ee-0000-22702eee75aa3cf431abb689bfb9a8bc | SensorId=22702eee-75aa-3cf4-31ab-b689bfb9a8bc | SensorName=pilot-humidity-0001 | Value=24.183303066870806
Activity.TraceId:            98983099365c0d72f6d2ad45a0708a7e
Activity.SpanId:             a90ae7faa7bc6e0f
Activity.TraceFlags:         Recorded
Activity.ParentSpanId:       21347c2cb582b6e7
Activity.DisplayName:        natureprotector.simulator.publish
Activity.Kind:               Internal
Activity.StartTime:          2026-05-16T21:48:05.5073266Z
Activity.Duration:           00:00:00.2017688
Activity.Tags:
    np.event_id: 704e7ef4-5eec-4b7b-a391-7378368bb989
    np.correlation_id: 6003e540920f49bfa95578cef436e9ee-0000-22702eee75aa3cf431abb689bfb9a8bc
    np.area_id: b3f4fb84-bf17-5522-a5f3-70fd1212f381
    np.simulation_run_id: 6003e540-920f-49bf-a955-78cef436e9ee
    np.sensor_id: 22702eee-75aa-3cf4-31ab-b689bfb9a8bc
    np.sensor_name: pilot-humidity-0001
    np.metric_type: Humidity
Instrumentation scope (ActivitySource):
    Name: NatureProtector.Simulator.Host
Resource associated with Activity:
    service.name: NatureProtector.Simulator.Host
    service.instance.id: 6474e93b-2aec-4ad6-8689-3d912d9ea719
    telemetry.sdk.name: opentelemetry
    telemetry.sdk.language: dotnet
    telemetry.sdk.version: 1.10.0

info: NatureProtector.Simulator.Host.Publishing.RabbitMqReadingPublisher[0]
      Published SensorReadingProduced to RabbitMQ | EventId=9a43d00c-600d-405f-8164-289412149a45 | CorrelationId=6003e540920f49bfa95578cef436e9ee-0000-2f494582407786f29707780861949155 | SensorId=2f494582-4077-86f2-9707-780861949155 | SensorName=pilot-humidity-0230 | Value=25.02116461064255
Activity.TraceId:            98983099365c0d72f6d2ad45a0708a7e
Activity.SpanId:             dcff5e7729c324da
Activity.TraceFlags:         Recorded
Activity.ParentSpanId:       21347c2cb582b6e7
Activity.DisplayName:        natureprotector.simulator.publish
Activity.Kind:               Internal
Activity.StartTime:          2026-05-16T21:48:05.7147186Z
Activity.Duration:           00:00:00.0006930
Activity.Tags:
    np.event_id: 9a43d00c-600d-405f-8164-289412149a45
    np.correlation_id: 6003e540920f49bfa95578cef436e9ee-0000-2f494582407786f29707780861949155
    np.area_id: b3f4fb84-bf17-5522-a5f3-70fd1212f381
    np.simulation_run_id: 6003e540-920f-49bf-a955-78cef436e9ee
    np.sensor_id: 2f494582-4077-86f2-9707-780861949155
    np.sensor_name: pilot-humidity-0230
    np.metric_type: Humidity
Instrumentation scope (ActivitySource):
    Name: NatureProtector.Simulator.Host
Resource associated with Activity:
    service.name: NatureProtector.Simulator.Host
    service.instance.id: 6474e93b-2aec-4ad6-8689-3d912d9ea719
    telemetry.sdk.name: opentelemetry
    telemetry.sdk.language: dotnet
    telemetry.sdk.version: 1.10.0

info: NatureProtector.Simulator.Host.Publishing.RabbitMqReadingPublisher[0]
      Published SensorReadingProduced to RabbitMQ | EventId=9673d685-544e-481e-9df9-2a8b260cbc4b | CorrelationId=6003e540920f49bfa95578cef436e9ee-0000-27bf9aad094f7dc645b2129a8cc0522e | SensorId=27bf9aad-094f-7dc6-45b2-129a8cc0522e | SensorName=pilot-temperature-0001 | Value=31.235661969536757
Activity.TraceId:            98983099365c0d72f6d2ad45a0708a7e
Activity.SpanId:             136842ec586b7984
Activity.TraceFlags:         Recorded
Activity.ParentSpanId:       21347c2cb582b6e7
Activity.DisplayName:        natureprotector.simulator.publish
Activity.Kind:               Internal
Activity.StartTime:          2026-05-16T21:48:05.7203039Z
Activity.Duration:           00:00:00.0003667
Activity.Tags:
    np.event_id: 9673d685-544e-481e-9df9-2a8b260cbc4b
    np.correlation_id: 6003e540920f49bfa95578cef436e9ee-0000-27bf9aad094f7dc645b2129a8cc0522e
    np.area_id: b3f4fb84-bf17-5522-a5f3-70fd1212f381
    np.simulation_run_id: 6003e540-920f-49bf-a955-78cef436e9ee
    np.sensor_id: 27bf9aad-094f-7dc6-45b2-129a8cc0522e
    np.sensor_name: pilot-temperature-0001
    np.metric_type: Temperature
Instrumentation scope (ActivitySource):
    Name: NatureProtector.Simulator.Host
Resource associated with Activity:
    service.name: NatureProtector.Simulator.Host
    service.instance.id: 6474e93b-2aec-4ad6-8689-3d912d9ea719
    telemetry.sdk.name: opentelemetry
    telemetry.sdk.language: dotnet
    telemetry.sdk.version: 1.10.0

info: NatureProtector.Simulator.Host.Publishing.RabbitMqReadingPublisher[0]
      Published SensorReadingProduced to RabbitMQ | EventId=fdc8e493-8845-4961-93b2-223697e2732e | CorrelationId=6003e540920f49bfa95578cef436e9ee-0000-8e6a3d8a7e654fa58c51fa4597b203b8 | SensorId=8e6a3d8a-7e65-4fa5-8c51-fa4597b203b8 | SensorName=pilot-temperature-0230 | Value=31.17001404891257
Activity.TraceId:            98983099365c0d72f6d2ad45a0708a7e
Activity.SpanId:             0b12751b28152839
Activity.TraceFlags:         Recorded
Activity.ParentSpanId:       21347c2cb582b6e7
Activity.DisplayName:        natureprotector.simulator.publish
Activity.Kind:               Internal
Activity.StartTime:          2026-05-16T21:48:05.7328485Z
Activity.Duration:           00:00:00.0005872
Activity.Tags:
    np.event_id: fdc8e493-8845-4961-93b2-223697e2732e
    np.correlation_id: 6003e540920f49bfa95578cef436e9ee-0000-8e6a3d8a7e654fa58c51fa4597b203b8
    np.area_id: b3f4fb84-bf17-5522-a5f3-70fd1212f381
    np.simulation_run_id: 6003e540-920f-49bf-a955-78cef436e9ee
    np.sensor_id: 8e6a3d8a-7e65-4fa5-8c51-fa4597b203b8
    np.sensor_name: pilot-temperature-0230
    np.metric_type: Temperature
Instrumentation scope (ActivitySource):
    Name: NatureProtector.Simulator.Host
Resource associated with Activity:
    service.name: NatureProtector.Simulator.Host
    service.instance.id: 6474e93b-2aec-4ad6-8689-3d912d9ea719
    telemetry.sdk.name: opentelemetry
    telemetry.sdk.language: dotnet
    telemetry.sdk.version: 1.10.0

info: NatureProtector.Simulator.Host.Publishing.RabbitMqReadingPublisher[0]
      Published SensorReadingProduced to RabbitMQ | EventId=9ce322b0-7332-449f-8996-0f2da20a129d | CorrelationId=6003e540920f49bfa95578cef436e9ee-0000-e7660606cadd4212e67b574c09ef789a | SensorId=e7660606-cadd-4212-e67b-574c09ef789a | SensorName=pilot-wind-0001 | Value=3.7836029106488462
Activity.TraceId:            98983099365c0d72f6d2ad45a0708a7e
Activity.SpanId:             6fbba50e53e13b51
Activity.TraceFlags:         Recorded
Activity.ParentSpanId:       21347c2cb582b6e7
Activity.DisplayName:        natureprotector.simulator.publish
Activity.Kind:               Internal
Activity.StartTime:          2026-05-16T21:48:05.7388040Z
Activity.Duration:           00:00:00.0003241
Activity.Tags:
    np.event_id: 9ce322b0-7332-449f-8996-0f2da20a129d
    np.correlation_id: 6003e540920f49bfa95578cef436e9ee-0000-e7660606cadd4212e67b574c09ef789a
    np.area_id: b3f4fb84-bf17-5522-a5f3-70fd1212f381
    np.simulation_run_id: 6003e540-920f-49bf-a955-78cef436e9ee
    np.sensor_id: e7660606-cadd-4212-e67b-574c09ef789a
    np.sensor_name: pilot-wind-0001
    np.metric_type: WindSpeed
Instrumentation scope (ActivitySource):
    Name: NatureProtector.Simulator.Host
Resource associated with Activity:
    service.name: NatureProtector.Simulator.Host
    service.instance.id: 6474e93b-2aec-4ad6-8689-3d912d9ea719
    telemetry.sdk.name: opentelemetry
    telemetry.sdk.language: dotnet
    telemetry.sdk.version: 1.10.0

info: NatureProtector.Simulator.Host.Publishing.RabbitMqReadingPublisher[0]
      Published SensorReadingProduced to RabbitMQ | EventId=40d2dcec-4adb-4a40-bb23-53dd77504051 | CorrelationId=6003e540920f49bfa95578cef436e9ee-0000-17badc17792017acc213db1c12bedfb2 | SensorId=17badc17-7920-17ac-c213-db1c12bedfb2 | SensorName=pilot-wind-0230 | Value=3.712284265957905
Activity.TraceId:            98983099365c0d72f6d2ad45a0708a7e
Activity.SpanId:             600e867fd9dd62ed
Activity.TraceFlags:         Recorded
Activity.ParentSpanId:       21347c2cb582b6e7
Activity.DisplayName:        natureprotector.simulator.publish
Activity.Kind:               Internal
Activity.StartTime:          2026-05-16T21:48:05.7553023Z
Activity.Duration:           00:00:00.0002697
Activity.Tags:
    np.event_id: 40d2dcec-4adb-4a40-bb23-53dd77504051
    np.correlation_id: 6003e540920f49bfa95578cef436e9ee-0000-17badc17792017acc213db1c12bedfb2
    np.area_id: b3f4fb84-bf17-5522-a5f3-70fd1212f381
    np.simulation_run_id: 6003e540-920f-49bf-a955-78cef436e9ee
    np.sensor_id: 17badc17-7920-17ac-c213-db1c12bedfb2
    np.sensor_name: pilot-wind-0230
    np.metric_type: WindSpeed
Instrumentation scope (ActivitySource):
    Name: NatureProtector.Simulator.Host
Resource associated with Activity:
    service.name: NatureProtector.Simulator.Host
    service.instance.id: 6474e93b-2aec-4ad6-8689-3d912d9ea719
    telemetry.sdk.name: opentelemetry
    telemetry.sdk.language: dotnet
    telemetry.sdk.version: 1.10.0

Activity.TraceId:            98983099365c0d72f6d2ad45a0708a7e
Activity.SpanId:             21347c2cb582b6e7
Activity.TraceFlags:         Recorded
Activity.ParentSpanId:       e8724d943856c962
Activity.DisplayName:        natureprotector.simulator.cycle
Activity.Kind:               Internal
Activity.StartTime:          2026-05-16T21:48:05.5020516Z
Activity.Duration:           00:00:05.2836213
Activity.Tags:
    np.simulation_run_id: 6003e540-920f-49bf-a955-78cef436e9ee
    np.area_id: b3f4fb84-bf17-5522-a5f3-70fd1212f381
    np.scenario_id: 6034251c-b502-5f7b-a557-7187178cfb04
Instrumentation scope (ActivitySource):
    Name: NatureProtector.Simulator.Host
Resource associated with Activity:
    service.name: NatureProtector.Simulator.Host
    service.instance.id: 6474e93b-2aec-4ad6-8689-3d912d9ea719
    telemetry.sdk.name: opentelemetry
    telemetry.sdk.language: dotnet
    telemetry.sdk.version: 1.10.0

info: NatureProtector.Simulator.Host.Services.SimulationRunner[0]
      Starting simulation cycle 2/5 at logical time 09/13/2020 12:00:05 +02:00.
info: NatureProtector.Simulator.Host.Publishing.RabbitMqReadingPublisher[0]
      Published SensorReadingProduced to RabbitMQ | EventId=9aa2777f-9640-4306-ae4f-cf2ef18cb608 | CorrelationId=6003e540920f49bfa95578cef436e9ee-0001-22702eee75aa3cf431abb689bfb9a8bc | SensorId=22702eee-75aa-3cf4-31ab-b689bfb9a8bc | SensorName=pilot-humidity-0001 | Value=22.780761894123312
Activity.TraceId:            98983099365c0d72f6d2ad45a0708a7e
Activity.SpanId:             cfde77e83ad6c4ab
Activity.TraceFlags:         Recorded
Activity.ParentSpanId:       a4d0bf4c7df4cff3
Activity.DisplayName:        natureprotector.simulator.publish
Activity.Kind:               Internal
Activity.StartTime:          2026-05-16T21:48:10.7886412Z
Activity.Duration:           00:00:00.0002160
Activity.Tags:
    np.event_id: 9aa2777f-9640-4306-ae4f-cf2ef18cb608
    np.correlation_id: 6003e540920f49bfa95578cef436e9ee-0001-22702eee75aa3cf431abb689bfb9a8bc
    np.area_id: b3f4fb84-bf17-5522-a5f3-70fd1212f381
    np.simulation_run_id: 6003e540-920f-49bf-a955-78cef436e9ee
    np.sensor_id: 22702eee-75aa-3cf4-31ab-b689bfb9a8bc
    np.sensor_name: pilot-humidity-0001
    np.metric_type: Humidity
Instrumentation scope (ActivitySource):
    Name: NatureProtector.Simulator.Host
Resource associated with Activity:
    service.name: NatureProtector.Simulator.Host
    service.instance.id: 6474e93b-2aec-4ad6-8689-3d912d9ea719
    telemetry.sdk.name: opentelemetry
    telemetry.sdk.language: dotnet
    telemetry.sdk.version: 1.10.0

info: NatureProtector.Simulator.Host.Publishing.RabbitMqReadingPublisher[0]
      Published SensorReadingProduced to RabbitMQ | EventId=26707582-0a63-4548-b483-ba92835c7ef5 | CorrelationId=6003e540920f49bfa95578cef436e9ee-0001-2f494582407786f29707780861949155 | SensorId=2f494582-4077-86f2-9707-780861949155 | SensorName=pilot-humidity-0230 | Value=24.14880150658049
Activity.TraceId:            98983099365c0d72f6d2ad45a0708a7e
Activity.SpanId:             eb9c1505d519db83
Activity.TraceFlags:         Recorded
Activity.ParentSpanId:       a4d0bf4c7df4cff3
Activity.DisplayName:        natureprotector.simulator.publish
Activity.Kind:               Internal
Activity.StartTime:          2026-05-16T21:48:10.7920956Z
Activity.Duration:           00:00:00.0003085
Activity.Tags:
    np.event_id: 26707582-0a63-4548-b483-ba92835c7ef5
    np.correlation_id: 6003e540920f49bfa95578cef436e9ee-0001-2f494582407786f29707780861949155
    np.area_id: b3f4fb84-bf17-5522-a5f3-70fd1212f381
    np.simulation_run_id: 6003e540-920f-49bf-a955-78cef436e9ee
    np.sensor_id: 2f494582-4077-86f2-9707-780861949155
    np.sensor_name: pilot-humidity-0230
    np.metric_type: Humidity
Instrumentation scope (ActivitySource):
    Name: NatureProtector.Simulator.Host
Resource associated with Activity:
    service.name: NatureProtector.Simulator.Host
    service.instance.id: 6474e93b-2aec-4ad6-8689-3d912d9ea719
    telemetry.sdk.name: opentelemetry
    telemetry.sdk.language: dotnet
    telemetry.sdk.version: 1.10.0

info: NatureProtector.Simulator.Host.Publishing.RabbitMqReadingPublisher[0]
      Published SensorReadingProduced to RabbitMQ | EventId=1ad8586f-75a0-4ad9-a479-96694a48eb72 | CorrelationId=6003e540920f49bfa95578cef436e9ee-0001-27bf9aad094f7dc645b2129a8cc0522e | SensorId=27bf9aad-094f-7dc6-45b2-129a8cc0522e | SensorName=pilot-temperature-0001 | Value=31.769460532638128
Activity.TraceId:            98983099365c0d72f6d2ad45a0708a7e
Activity.SpanId:             7d7a2a6ebc181986
Activity.TraceFlags:         Recorded
Activity.ParentSpanId:       a4d0bf4c7df4cff3
Activity.DisplayName:        natureprotector.simulator.publish
Activity.Kind:               Internal
Activity.StartTime:          2026-05-16T21:48:10.7958088Z
Activity.Duration:           00:00:00.0002779
Activity.Tags:
    np.event_id: 1ad8586f-75a0-4ad9-a479-96694a48eb72
    np.correlation_id: 6003e540920f49bfa95578cef436e9ee-0001-27bf9aad094f7dc645b2129a8cc0522e
    np.area_id: b3f4fb84-bf17-5522-a5f3-70fd1212f381
    np.simulation_run_id: 6003e540-920f-49bf-a955-78cef436e9ee
    np.sensor_id: 27bf9aad-094f-7dc6-45b2-129a8cc0522e
    np.sensor_name: pilot-temperature-0001
    np.metric_type: Temperature
Instrumentation scope (ActivitySource):
    Name: NatureProtector.Simulator.Host
Resource associated with Activity:
    service.name: NatureProtector.Simulator.Host
    service.instance.id: 6474e93b-2aec-4ad6-8689-3d912d9ea719
    telemetry.sdk.name: opentelemetry
    telemetry.sdk.language: dotnet
    telemetry.sdk.version: 1.10.0

info: NatureProtector.Simulator.Host.Publishing.RabbitMqReadingPublisher[0]
      Published SensorReadingProduced to RabbitMQ | EventId=e770231e-00a2-4e7d-80d5-2a901804a920 | CorrelationId=6003e540920f49bfa95578cef436e9ee-0001-8e6a3d8a7e654fa58c51fa4597b203b8 | SensorId=8e6a3d8a-7e65-4fa5-8c51-fa4597b203b8 | SensorName=pilot-temperature-0230 | Value=31.389174891133546
Activity.TraceId:            98983099365c0d72f6d2ad45a0708a7e
Activity.SpanId:             3a4896729b3dd34d
Activity.TraceFlags:         Recorded
Activity.ParentSpanId:       a4d0bf4c7df4cff3
Activity.DisplayName:        natureprotector.simulator.publish
Activity.Kind:               Internal
Activity.StartTime:          2026-05-16T21:48:10.7993384Z
Activity.Duration:           00:00:00.0002265
Activity.Tags:
    np.event_id: e770231e-00a2-4e7d-80d5-2a901804a920
    np.correlation_id: 6003e540920f49bfa95578cef436e9ee-0001-8e6a3d8a7e654fa58c51fa4597b203b8
    np.area_id: b3f4fb84-bf17-5522-a5f3-70fd1212f381
    np.simulation_run_id: 6003e540-920f-49bf-a955-78cef436e9ee
    np.sensor_id: 8e6a3d8a-7e65-4fa5-8c51-fa4597b203b8
    np.sensor_name: pilot-temperature-0230
    np.metric_type: Temperature
Instrumentation scope (ActivitySource):
    Name: NatureProtector.Simulator.Host
Resource associated with Activity:
    service.name: NatureProtector.Simulator.Host
    service.instance.id: 6474e93b-2aec-4ad6-8689-3d912d9ea719
    telemetry.sdk.name: opentelemetry
    telemetry.sdk.language: dotnet
    telemetry.sdk.version: 1.10.0

info: NatureProtector.Simulator.Host.Publishing.RabbitMqReadingPublisher[0]
      Published SensorReadingProduced to RabbitMQ | EventId=680dd3c8-be4e-4035-acd3-9e556748abaf | CorrelationId=6003e540920f49bfa95578cef436e9ee-0001-e7660606cadd4212e67b574c09ef789a | SensorId=e7660606-cadd-4212-e67b-574c09ef789a | SensorName=pilot-wind-0001 | Value=4.386700285182078
Activity.TraceId:            98983099365c0d72f6d2ad45a0708a7e
Activity.SpanId:             b844d7ed5dc1e076
Activity.TraceFlags:         Recorded
Activity.ParentSpanId:       a4d0bf4c7df4cff3
Activity.DisplayName:        natureprotector.simulator.publish
Activity.Kind:               Internal
Activity.StartTime:          2026-05-16T21:48:10.8025763Z
Activity.Duration:           00:00:00.0001455
Activity.Tags:
    np.event_id: 680dd3c8-be4e-4035-acd3-9e556748abaf
    np.correlation_id: 6003e540920f49bfa95578cef436e9ee-0001-e7660606cadd4212e67b574c09ef789a
    np.area_id: b3f4fb84-bf17-5522-a5f3-70fd1212f381
    np.simulation_run_id: 6003e540-920f-49bf-a955-78cef436e9ee
    np.sensor_id: e7660606-cadd-4212-e67b-574c09ef789a
    np.sensor_name: pilot-wind-0001
    np.metric_type: WindSpeed
Instrumentation scope (ActivitySource):
    Name: NatureProtector.Simulator.Host
Resource associated with Activity:
    service.name: NatureProtector.Simulator.Host
    service.instance.id: 6474e93b-2aec-4ad6-8689-3d912d9ea719
    telemetry.sdk.name: opentelemetry
    telemetry.sdk.language: dotnet
    telemetry.sdk.version: 1.10.0

info: NatureProtector.Simulator.Host.Publishing.RabbitMqReadingPublisher[0]
      Published SensorReadingProduced to RabbitMQ | EventId=e8a49490-ba2f-47bc-a9ad-4ed0cf5dad0d | CorrelationId=6003e540920f49bfa95578cef436e9ee-0001-17badc17792017acc213db1c12bedfb2 | SensorId=17badc17-7920-17ac-c213-db1c12bedfb2 | SensorName=pilot-wind-0230 | Value=4.493453742941936
Activity.TraceId:            98983099365c0d72f6d2ad45a0708a7e
Activity.SpanId:             4fb7e8f3ba161182
Activity.TraceFlags:         Recorded
Activity.ParentSpanId:       a4d0bf4c7df4cff3
Activity.DisplayName:        natureprotector.simulator.publish
Activity.Kind:               Internal
Activity.StartTime:          2026-05-16T21:48:10.8054273Z
Activity.Duration:           00:00:00.0001505
Activity.Tags:
    np.event_id: e8a49490-ba2f-47bc-a9ad-4ed0cf5dad0d
    np.correlation_id: 6003e540920f49bfa95578cef436e9ee-0001-17badc17792017acc213db1c12bedfb2
    np.area_id: b3f4fb84-bf17-5522-a5f3-70fd1212f381
    np.simulation_run_id: 6003e540-920f-49bf-a955-78cef436e9ee
    np.sensor_id: 17badc17-7920-17ac-c213-db1c12bedfb2
    np.sensor_name: pilot-wind-0230
    np.metric_type: WindSpeed
Instrumentation scope (ActivitySource):
    Name: NatureProtector.Simulator.Host
Resource associated with Activity:
    service.name: NatureProtector.Simulator.Host
    service.instance.id: 6474e93b-2aec-4ad6-8689-3d912d9ea719
    telemetry.sdk.name: opentelemetry
    telemetry.sdk.language: dotnet
    telemetry.sdk.version: 1.10.0


Metric Name: process.memory.usage, Description: The amount of physical memory in use., Unit: By
(2026-05-16T21:48:04.0988767Z, 2026-05-16T21:48:14.1085607Z] LongSumNonMonotonic
Value: 109027328
Instrumentation scope (Meter):
	Name: OpenTelemetry.Instrumentation.Process
	Version: 1.10.0-beta.1
Resource associated with Metric:
	service.name: NatureProtector.Simulator.Host
	service.instance.id: 6474e93b-2aec-4ad6-8689-3d912d9ea719
	telemetry.sdk.name: opentelemetry
	telemetry.sdk.language: dotnet
	telemetry.sdk.version: 1.10.0

Metric Name: process.memory.virtual, Description: The amount of committed virtual memory., Unit: By
(2026-05-16T21:48:04.0999584Z, 2026-05-16T21:48:14.1085913Z] LongSumNonMonotonic
Value: 2481007869952
Instrumentation scope (Meter):
	Name: OpenTelemetry.Instrumentation.Process
	Version: 1.10.0-beta.1
Resource associated with Metric:
	service.name: NatureProtector.Simulator.Host
	service.instance.id: 6474e93b-2aec-4ad6-8689-3d912d9ea719
	telemetry.sdk.name: opentelemetry
	telemetry.sdk.language: dotnet
	telemetry.sdk.version: 1.10.0

Metric Name: process.cpu.time, Description: Total CPU seconds broken down by different states., Unit: s
(2026-05-16T21:48:04.1001518Z, 2026-05-16T21:48:14.1086091Z] process.cpu.state: user DoubleSum
Value: 1.5625
Instrumentation scope (Meter):
	Name: OpenTelemetry.Instrumentation.Process
	Version: 1.10.0-beta.1
Resource associated with Metric:
	service.name: NatureProtector.Simulator.Host
	service.instance.id: 6474e93b-2aec-4ad6-8689-3d912d9ea719
	telemetry.sdk.name: opentelemetry
	telemetry.sdk.language: dotnet
	telemetry.sdk.version: 1.10.0
(2026-05-16T21:48:04.1001518Z, 2026-05-16T21:48:14.1086091Z] process.cpu.state: system DoubleSum
Value: 0.171875
Instrumentation scope (Meter):
	Name: OpenTelemetry.Instrumentation.Process
	Version: 1.10.0-beta.1
Resource associated with Metric:
	service.name: NatureProtector.Simulator.Host
	service.instance.id: 6474e93b-2aec-4ad6-8689-3d912d9ea719
	telemetry.sdk.name: opentelemetry
	telemetry.sdk.language: dotnet
	telemetry.sdk.version: 1.10.0

Metric Name: process.cpu.count, Description: The number of processors (CPU cores) available to the current process., Unit: {processors}
(2026-05-16T21:48:04.1001684Z, 2026-05-16T21:48:14.1086097Z] LongSumNonMonotonic
Value: 16
Instrumentation scope (Meter):
	Name: OpenTelemetry.Instrumentation.Process
	Version: 1.10.0-beta.1
Resource associated with Metric:
	service.name: NatureProtector.Simulator.Host
	service.instance.id: 6474e93b-2aec-4ad6-8689-3d912d9ea719
	telemetry.sdk.name: opentelemetry
	telemetry.sdk.language: dotnet
	telemetry.sdk.version: 1.10.0

Metric Name: process.thread.count, Description: Process threads count., Unit: {thread}
(2026-05-16T21:48:04.1001833Z, 2026-05-16T21:48:14.1086103Z] LongSumNonMonotonic
Value: 23
Instrumentation scope (Meter):
	Name: OpenTelemetry.Instrumentation.Process
	Version: 1.10.0-beta.1
Resource associated with Metric:
	service.name: NatureProtector.Simulator.Host
	service.instance.id: 6474e93b-2aec-4ad6-8689-3d912d9ea719
	telemetry.sdk.name: opentelemetry
	telemetry.sdk.language: dotnet
	telemetry.sdk.version: 1.10.0

Metric Name: dotnet.gc.collections, Description: The number of garbage collections that have occurred since the process has started., Unit: {collection}
(2026-05-16T21:48:04.1001941Z, 2026-05-16T21:48:14.1086107Z] gc.heap.generation: gen2 LongSum
Value: 1
Instrumentation scope (Meter):
	Name: System.Runtime
Resource associated with Metric:
	service.name: NatureProtector.Simulator.Host
	service.instance.id: 6474e93b-2aec-4ad6-8689-3d912d9ea719
	telemetry.sdk.name: opentelemetry
	telemetry.sdk.language: dotnet
	telemetry.sdk.version: 1.10.0
(2026-05-16T21:48:04.1001941Z, 2026-05-16T21:48:14.1086107Z] gc.heap.generation: gen1 LongSum
Value: 1
Instrumentation scope (Meter):
	Name: System.Runtime
Resource associated with Metric:
	service.name: NatureProtector.Simulator.Host
	service.instance.id: 6474e93b-2aec-4ad6-8689-3d912d9ea719
	telemetry.sdk.name: opentelemetry
	telemetry.sdk.language: dotnet
	telemetry.sdk.version: 1.10.0
(2026-05-16T21:48:04.1001941Z, 2026-05-16T21:48:14.1086107Z] gc.heap.generation: gen0 LongSum
Value: 2
Instrumentation scope (Meter):
	Name: System.Runtime
Resource associated with Metric:
	service.name: NatureProtector.Simulator.Host
	service.instance.id: 6474e93b-2aec-4ad6-8689-3d912d9ea719
	telemetry.sdk.name: opentelemetry
	telemetry.sdk.language: dotnet
	telemetry.sdk.version: 1.10.0

Metric Name: dotnet.process.memory.working_set, Description: The number of bytes of physical memory mapped to the process context., Unit: By
(2026-05-16T21:48:04.1002036Z, 2026-05-16T21:48:14.1086110Z] LongSumNonMonotonic
Value: 108793856
Instrumentation scope (Meter):
	Name: System.Runtime
Resource associated with Metric:
	service.name: NatureProtector.Simulator.Host
	service.instance.id: 6474e93b-2aec-4ad6-8689-3d912d9ea719
	telemetry.sdk.name: opentelemetry
	telemetry.sdk.language: dotnet
	telemetry.sdk.version: 1.10.0

Metric Name: dotnet.gc.heap.total_allocated, Description: The approximate number of bytes allocated on the managed GC heap since the process has started. The returned value does not include any native allocations., Unit: By
(2026-05-16T21:48:04.1002127Z, 2026-05-16T21:48:14.1086113Z] LongSum
Value: 38903504
Instrumentation scope (Meter):
	Name: System.Runtime
Resource associated with Metric:
	service.name: NatureProtector.Simulator.Host
	service.instance.id: 6474e93b-2aec-4ad6-8689-3d912d9ea719
	telemetry.sdk.name: opentelemetry
	telemetry.sdk.language: dotnet
	telemetry.sdk.version: 1.10.0

Metric Name: dotnet.gc.last_collection.memory.committed_size, Description: The amount of committed virtual memory in use by the .NET GC, as observed during the latest garbage collection., Unit: By
(2026-05-16T21:48:04.1002192Z, 2026-05-16T21:48:14.1086115Z] LongSumNonMonotonic
Value: 20783104
Instrumentation scope (Meter):
	Name: System.Runtime
Resource associated with Metric:
	service.name: NatureProtector.Simulator.Host
	service.instance.id: 6474e93b-2aec-4ad6-8689-3d912d9ea719
	telemetry.sdk.name: opentelemetry
	telemetry.sdk.language: dotnet
	telemetry.sdk.version: 1.10.0

Metric Name: dotnet.gc.last_collection.heap.size, Description: The managed GC heap size (including fragmentation), as observed during the latest garbage collection., Unit: By
(2026-05-16T21:48:04.1008626Z, 2026-05-16T21:48:14.1086119Z] gc.heap.generation: gen0 LongSumNonMonotonic
Value: 144720
Instrumentation scope (Meter):
	Name: System.Runtime
Resource associated with Metric:
	service.name: NatureProtector.Simulator.Host
	service.instance.id: 6474e93b-2aec-4ad6-8689-3d912d9ea719
	telemetry.sdk.name: opentelemetry
	telemetry.sdk.language: dotnet
	telemetry.sdk.version: 1.10.0
(2026-05-16T21:48:04.1008626Z, 2026-05-16T21:48:14.1086119Z] gc.heap.generation: gen1 LongSumNonMonotonic
Value: 4134408
Instrumentation scope (Meter):
	Name: System.Runtime
Resource associated with Metric:
	service.name: NatureProtector.Simulator.Host
	service.instance.id: 6474e93b-2aec-4ad6-8689-3d912d9ea719
	telemetry.sdk.name: opentelemetry
	telemetry.sdk.language: dotnet
	telemetry.sdk.version: 1.10.0
(2026-05-16T21:48:04.1008626Z, 2026-05-16T21:48:14.1086119Z] gc.heap.generation: gen2 LongSumNonMonotonic
Value: 901456
Instrumentation scope (Meter):
	Name: System.Runtime
Resource associated with Metric:
	service.name: NatureProtector.Simulator.Host
	service.instance.id: 6474e93b-2aec-4ad6-8689-3d912d9ea719
	telemetry.sdk.name: opentelemetry
	telemetry.sdk.language: dotnet
	telemetry.sdk.version: 1.10.0
(2026-05-16T21:48:04.1008626Z, 2026-05-16T21:48:14.1086119Z] gc.heap.generation: loh LongSumNonMonotonic
Value: 6986640
Instrumentation scope (Meter):
	Name: System.Runtime
Resource associated with Metric:
	service.name: NatureProtector.Simulator.Host
	service.instance.id: 6474e93b-2aec-4ad6-8689-3d912d9ea719
	telemetry.sdk.name: opentelemetry
	telemetry.sdk.language: dotnet
	telemetry.sdk.version: 1.10.0
(2026-05-16T21:48:04.1008626Z, 2026-05-16T21:48:14.1086119Z] gc.heap.generation: poh LongSumNonMonotonic
Value: 58240
Instrumentation scope (Meter):
	Name: System.Runtime
Resource associated with Metric:
	service.name: NatureProtector.Simulator.Host
	service.instance.id: 6474e93b-2aec-4ad6-8689-3d912d9ea719
	telemetry.sdk.name: opentelemetry
	telemetry.sdk.language: dotnet
	telemetry.sdk.version: 1.10.0

Metric Name: dotnet.gc.last_collection.heap.fragmentation.size, Description: The heap fragmentation, as observed during the latest garbage collection., Unit: By
(2026-05-16T21:48:04.1008699Z, 2026-05-16T21:48:14.1086123Z] gc.heap.generation: gen0 LongSumNonMonotonic
Value: 136336
Instrumentation scope (Meter):
	Name: System.Runtime
Resource associated with Metric:
	service.name: NatureProtector.Simulator.Host
	service.instance.id: 6474e93b-2aec-4ad6-8689-3d912d9ea719
	telemetry.sdk.name: opentelemetry
	telemetry.sdk.language: dotnet
	telemetry.sdk.version: 1.10.0
(2026-05-16T21:48:04.1008699Z, 2026-05-16T21:48:14.1086123Z] gc.heap.generation: gen1 LongSumNonMonotonic
Value: 68568
Instrumentation scope (Meter):
	Name: System.Runtime
Resource associated with Metric:
	service.name: NatureProtector.Simulator.Host
	service.instance.id: 6474e93b-2aec-4ad6-8689-3d912d9ea719
	telemetry.sdk.name: opentelemetry
	telemetry.sdk.language: dotnet
	telemetry.sdk.version: 1.10.0
(2026-05-16T21:48:04.1008699Z, 2026-05-16T21:48:14.1086123Z] gc.heap.generation: gen2 LongSumNonMonotonic
Value: 0
Instrumentation scope (Meter):
	Name: System.Runtime
Resource associated with Metric:
	service.name: NatureProtector.Simulator.Host
	service.instance.id: 6474e93b-2aec-4ad6-8689-3d912d9ea719
	telemetry.sdk.name: opentelemetry
	telemetry.sdk.language: dotnet
	telemetry.sdk.version: 1.10.0
(2026-05-16T21:48:04.1008699Z, 2026-05-16T21:48:14.1086123Z] gc.heap.generation: loh LongSumNonMonotonic
Value: 1120
Instrumentation scope (Meter):
	Name: System.Runtime
Resource associated with Metric:
	service.name: NatureProtector.Simulator.Host
	service.instance.id: 6474e93b-2aec-4ad6-8689-3d912d9ea719
	telemetry.sdk.name: opentelemetry
	telemetry.sdk.language: dotnet
	telemetry.sdk.version: 1.10.0
(2026-05-16T21:48:04.1008699Z, 2026-05-16T21:48:14.1086123Z] gc.heap.generation: poh LongSumNonMonotonic
Value: 0
Instrumentation scope (Meter):
	Name: System.Runtime
Resource associated with Metric:
	service.name: NatureProtector.Simulator.Host
	service.instance.id: 6474e93b-2aec-4ad6-8689-3d912d9ea719
	telemetry.sdk.name: opentelemetry
	telemetry.sdk.language: dotnet
	telemetry.sdk.version: 1.10.0

Metric Name: dotnet.gc.pause.time, Description: The total amount of time paused in GC since the process has started., Unit: s
(2026-05-16T21:48:04.1008801Z, 2026-05-16T21:48:14.1086126Z] DoubleSum
Value: 0.017616
Instrumentation scope (Meter):
	Name: System.Runtime
Resource associated with Metric:
	service.name: NatureProtector.Simulator.Host
	service.instance.id: 6474e93b-2aec-4ad6-8689-3d912d9ea719
	telemetry.sdk.name: opentelemetry
	telemetry.sdk.language: dotnet
	telemetry.sdk.version: 1.10.0

Metric Name: dotnet.jit.compiled_il.size, Description: Count of bytes of intermediate language that have been compiled since the process has started., Unit: By
(2026-05-16T21:48:04.1008892Z, 2026-05-16T21:48:14.1086134Z] LongSum
Value: 1024296
Instrumentation scope (Meter):
	Name: System.Runtime
Resource associated with Metric:
	service.name: NatureProtector.Simulator.Host
	service.instance.id: 6474e93b-2aec-4ad6-8689-3d912d9ea719
	telemetry.sdk.name: opentelemetry
	telemetry.sdk.language: dotnet
	telemetry.sdk.version: 1.10.0

Metric Name: dotnet.jit.compiled_methods, Description: The number of times the JIT compiler (re)compiled methods since the process has started., Unit: {method}
(2026-05-16T21:48:04.1008962Z, 2026-05-16T21:48:14.1086137Z] LongSum
Value: 13376
Instrumentation scope (Meter):
	Name: System.Runtime
Resource associated with Metric:
	service.name: NatureProtector.Simulator.Host
	service.instance.id: 6474e93b-2aec-4ad6-8689-3d912d9ea719
	telemetry.sdk.name: opentelemetry
	telemetry.sdk.language: dotnet
	telemetry.sdk.version: 1.10.0

Metric Name: dotnet.jit.compilation.time, Description: The number of times the JIT compiler (re)compiled methods since the process has started., Unit: s
(2026-05-16T21:48:04.1009064Z, 2026-05-16T21:48:14.1086142Z] DoubleSum
Value: 1.232314
Instrumentation scope (Meter):
	Name: System.Runtime
Resource associated with Metric:
	service.name: NatureProtector.Simulator.Host
	service.instance.id: 6474e93b-2aec-4ad6-8689-3d912d9ea719
	telemetry.sdk.name: opentelemetry
	telemetry.sdk.language: dotnet
	telemetry.sdk.version: 1.10.0

Metric Name: dotnet.monitor.lock_contentions, Description: The number of times there was contention when trying to acquire a monitor lock since the process has started., Unit: {contention}
(2026-05-16T21:48:04.1009178Z, 2026-05-16T21:48:14.1086153Z] LongSum
Value: 14
Instrumentation scope (Meter):
	Name: System.Runtime
Resource associated with Metric:
	service.name: NatureProtector.Simulator.Host
	service.instance.id: 6474e93b-2aec-4ad6-8689-3d912d9ea719
	telemetry.sdk.name: opentelemetry
	telemetry.sdk.language: dotnet
	telemetry.sdk.version: 1.10.0

Metric Name: dotnet.thread_pool.thread.count, Description: The number of thread pool threads that currently exist., Unit: {thread}
(2026-05-16T21:48:04.1009256Z, 2026-05-16T21:48:14.1086155Z] LongSum
Value: 3
Instrumentation scope (Meter):
	Name: System.Runtime
Resource associated with Metric:
	service.name: NatureProtector.Simulator.Host
	service.instance.id: 6474e93b-2aec-4ad6-8689-3d912d9ea719
	telemetry.sdk.name: opentelemetry
	telemetry.sdk.language: dotnet
	telemetry.sdk.version: 1.10.0

Metric Name: dotnet.thread_pool.work_item.count, Description: The number of work items that the thread pool has completed since the process has started., Unit: {work_item}
(2026-05-16T21:48:04.1009316Z, 2026-05-16T21:48:14.1086159Z] LongSum
Value: 69
Instrumentation scope (Meter):
	Name: System.Runtime
Resource associated with Metric:
	service.name: NatureProtector.Simulator.Host
	service.instance.id: 6474e93b-2aec-4ad6-8689-3d912d9ea719
	telemetry.sdk.name: opentelemetry
	telemetry.sdk.language: dotnet
	telemetry.sdk.version: 1.10.0

Metric Name: dotnet.thread_pool.queue.length, Description: The number of work items that are currently queued to be processed by the thread pool., Unit: {work_item}
(2026-05-16T21:48:04.1009422Z, 2026-05-16T21:48:14.1086161Z] LongSum
Value: 0
Instrumentation scope (Meter):
	Name: System.Runtime
Resource associated with Metric:
	service.name: NatureProtector.Simulator.Host
	service.instance.id: 6474e93b-2aec-4ad6-8689-3d912d9ea719
	telemetry.sdk.name: opentelemetry
	telemetry.sdk.language: dotnet
	telemetry.sdk.version: 1.10.0

Metric Name: dotnet.timer.count, Description: The number of timer instances that are currently active. An active timer is registered to tick at some point in the future and has not yet been canceled., Unit: {timer}
(2026-05-16T21:48:04.1009507Z, 2026-05-16T21:48:14.1086164Z] LongSumNonMonotonic
Value: 6
Instrumentation scope (Meter):
	Name: System.Runtime
Resource associated with Metric:
	service.name: NatureProtector.Simulator.Host
	service.instance.id: 6474e93b-2aec-4ad6-8689-3d912d9ea719
	telemetry.sdk.name: opentelemetry
	telemetry.sdk.language: dotnet
	telemetry.sdk.version: 1.10.0

Metric Name: dotnet.assembly.count, Description: The number of .NET assemblies that are currently loaded., Unit: {assembly}
(2026-05-16T21:48:04.1009610Z, 2026-05-16T21:48:14.1086166Z] LongSumNonMonotonic
Value: 105
Instrumentation scope (Meter):
	Name: System.Runtime
Resource associated with Metric:
	service.name: NatureProtector.Simulator.Host
	service.instance.id: 6474e93b-2aec-4ad6-8689-3d912d9ea719
	telemetry.sdk.name: opentelemetry
	telemetry.sdk.language: dotnet
	telemetry.sdk.version: 1.10.0

Metric Name: dotnet.process.cpu.count, Description: The number of processors available to the process., Unit: {cpu}
(2026-05-16T21:48:04.1043276Z, 2026-05-16T21:48:14.1086172Z] LongSumNonMonotonic
Value: 16
Instrumentation scope (Meter):
	Name: System.Runtime
Resource associated with Metric:
	service.name: NatureProtector.Simulator.Host
	service.instance.id: 6474e93b-2aec-4ad6-8689-3d912d9ea719
	telemetry.sdk.name: opentelemetry
	telemetry.sdk.language: dotnet
	telemetry.sdk.version: 1.10.0

Metric Name: dotnet.process.cpu.time, Description: CPU time used by the process., Unit: s
(2026-05-16T21:48:04.1043688Z, 2026-05-16T21:48:14.1086174Z] cpu.mode: user DoubleSum
Value: 1.578125
Instrumentation scope (Meter):
	Name: System.Runtime
Resource associated with Metric:
	service.name: NatureProtector.Simulator.Host
	service.instance.id: 6474e93b-2aec-4ad6-8689-3d912d9ea719
	telemetry.sdk.name: opentelemetry
	telemetry.sdk.language: dotnet
	telemetry.sdk.version: 1.10.0
(2026-05-16T21:48:04.1043688Z, 2026-05-16T21:48:14.1086174Z] cpu.mode: system DoubleSum
Value: 0.171875
Instrumentation scope (Meter):
	Name: System.Runtime
Resource associated with Metric:
	service.name: NatureProtector.Simulator.Host
	service.instance.id: 6474e93b-2aec-4ad6-8689-3d912d9ea719
	telemetry.sdk.name: opentelemetry
	telemetry.sdk.language: dotnet
	telemetry.sdk.version: 1.10.0

Metric Name: natureprotector.simulator.context.creations
(2026-05-16T21:48:04.1196963Z, 2026-05-16T21:48:14.1086181Z] LongSum
Value: 1
Instrumentation scope (Meter):
	Name: NatureProtector.Simulator.Host
Resource associated with Metric:
	service.name: NatureProtector.Simulator.Host
	service.instance.id: 6474e93b-2aec-4ad6-8689-3d912d9ea719
	telemetry.sdk.name: opentelemetry
	telemetry.sdk.language: dotnet
	telemetry.sdk.version: 1.10.0

Metric Name: natureprotector.simulator.context.creation.duration, Unit: ms
(2026-05-16T21:48:04.1201416Z, 2026-05-16T21:48:14.1087009Z] Histogram
Value: Sum: 1170,4865 Count: 1 Min: 1170,4865 Max: 1170,4865 
(-Infinity,0]:0
(0,5]:0
(5,10]:0
(10,25]:0
(25,50]:0
(50,75]:0
(75,100]:0
(100,250]:0
(250,500]:0
(500,750]:0
(750,1000]:0
(1000,2500]:1
(2500,5000]:0
(5000,7500]:0
(7500,10000]:0
(10000,+Infinity]:0

Instrumentation scope (Meter):
	Name: NatureProtector.Simulator.Host
Resource associated with Metric:
	service.name: NatureProtector.Simulator.Host
	service.instance.id: 6474e93b-2aec-4ad6-8689-3d912d9ea719
	telemetry.sdk.name: opentelemetry
	telemetry.sdk.language: dotnet
	telemetry.sdk.version: 1.10.0

Metric Name: natureprotector.simulator.runs
(2026-05-16T21:48:04.1201571Z, 2026-05-16T21:48:14.1087017Z] np.outcome: started LongSum
Value: 1
Instrumentation scope (Meter):
	Name: NatureProtector.Simulator.Host
Resource associated with Metric:
	service.name: NatureProtector.Simulator.Host
	service.instance.id: 6474e93b-2aec-4ad6-8689-3d912d9ea719
	telemetry.sdk.name: opentelemetry
	telemetry.sdk.language: dotnet
	telemetry.sdk.version: 1.10.0

Metric Name: natureprotector.simulator.publish.messages
(2026-05-16T21:48:04.1201735Z, 2026-05-16T21:48:14.1087026Z] LongSum
Value: 12
Instrumentation scope (Meter):
	Name: NatureProtector.Simulator.Host
Resource associated with Metric:
	service.name: NatureProtector.Simulator.Host
	service.instance.id: 6474e93b-2aec-4ad6-8689-3d912d9ea719
	telemetry.sdk.name: opentelemetry
	telemetry.sdk.language: dotnet
	telemetry.sdk.version: 1.10.0

Metric Name: natureprotector.simulator.publish.batch.size
(2026-05-16T21:48:04.1205926Z, 2026-05-16T21:48:14.1087041Z] Histogram
Value: Sum: 12 Count: 2 Min: 6 Max: 6 
(-Infinity,0]:0
(0,5]:0
(5,10]:2
(10,25]:0
(25,50]:0
(50,75]:0
(75,100]:0
(100,250]:0
(250,500]:0
(500,750]:0
(750,1000]:0
(1000,2500]:0
(2500,5000]:0
(5000,7500]:0
(7500,10000]:0
(10000,+Infinity]:0

Instrumentation scope (Meter):
	Name: NatureProtector.Simulator.Host
Resource associated with Metric:
	service.name: NatureProtector.Simulator.Host
	service.instance.id: 6474e93b-2aec-4ad6-8689-3d912d9ea719
	telemetry.sdk.name: opentelemetry
	telemetry.sdk.language: dotnet
	telemetry.sdk.version: 1.10.0

Metric Name: natureprotector.simulator.publish.duration, Unit: ms
(2026-05-16T21:48:04.1206095Z, 2026-05-16T21:48:14.1087048Z] Histogram
Value: Sum: 492,9328999999999 Count: 14 Min: 0,1282 Max: 268,4834 
(-Infinity,0]:0
(0,5]:11
(5,10]:0
(10,25]:1
(25,50]:0
(50,75]:0
(75,100]:0
(100,250]:1
(250,500]:1
(500,750]:0
(750,1000]:0
(1000,2500]:0
(2500,5000]:0
(5000,7500]:0
(7500,10000]:0
(10000,+Infinity]:0

Instrumentation scope (Meter):
	Name: NatureProtector.Simulator.Host
Resource associated with Metric:
	service.name: NatureProtector.Simulator.Host
	service.instance.id: 6474e93b-2aec-4ad6-8689-3d912d9ea719
	telemetry.sdk.name: opentelemetry
	telemetry.sdk.language: dotnet
	telemetry.sdk.version: 1.10.0

Metric Name: dns.lookup.duration, Description: Measures the time taken to perform a DNS lookup., Unit: s
(2026-05-16T21:48:04.9943110Z, 2026-05-16T21:48:14.1087056Z] dns.question.name: localhost Histogram
Value: Sum: 0,0079844 Count: 2 Min: 0,0003981 Max: 0,0075863 
(-Infinity,0,005]:1
(0,005,0,01]:1
(0,01,0,025]:0
(0,025,0,05]:0
(0,05,0,075]:0
(0,075,0,1]:0
(0,1,0,25]:0
(0,25,0,5]:0
(0,5,0,75]:0
(0,75,1]:0
(1,2,5]:0
(2,5,5]:0
(5,7,5]:0
(7,5,10]:0
(10,+Infinity]:0

Instrumentation scope (Meter):
	Name: System.Net.NameResolution
Resource associated with Metric:
	service.name: NatureProtector.Simulator.Host
	service.instance.id: 6474e93b-2aec-4ad6-8689-3d912d9ea719
	telemetry.sdk.name: opentelemetry
	telemetry.sdk.language: dotnet
	telemetry.sdk.version: 1.10.0
Activity.TraceId:            98983099365c0d72f6d2ad45a0708a7e
Activity.SpanId:             a4d0bf4c7df4cff3
Activity.TraceFlags:         Recorded
Activity.ParentSpanId:       e8724d943856c962
Activity.DisplayName:        natureprotector.simulator.cycle
Activity.Kind:               Internal
Activity.StartTime:          2026-05-16T21:48:10.7885693Z
Activity.Duration:           00:00:05.0303084
Activity.Tags:
    np.simulation_run_id: 6003e540-920f-49bf-a955-78cef436e9ee
    np.area_id: b3f4fb84-bf17-5522-a5f3-70fd1212f381
    np.scenario_id: 6034251c-b502-5f7b-a557-7187178cfb04
Instrumentation scope (ActivitySource):
    Name: NatureProtector.Simulator.Host
Resource associated with Activity:
    service.name: NatureProtector.Simulator.Host
    service.instance.id: 6474e93b-2aec-4ad6-8689-3d912d9ea719
    telemetry.sdk.name: opentelemetry
    telemetry.sdk.language: dotnet
    telemetry.sdk.version: 1.10.0

info: NatureProtector.Simulator.Host.Services.SimulationRunner[0]
      Starting simulation cycle 3/5 at logical time 09/13/2020 12:00:10 +02:00.
info: NatureProtector.Simulator.Host.Publishing.RabbitMqReadingPublisher[0]
      Published SensorReadingProduced to RabbitMQ | EventId=41929277-da6c-4d60-aed8-2073d28d670a | CorrelationId=6003e540920f49bfa95578cef436e9ee-0002-22702eee75aa3cf431abb689bfb9a8bc | SensorId=22702eee-75aa-3cf4-31ab-b689bfb9a8bc | SensorName=pilot-humidity-0001 | Value=22.75556260069929
Activity.TraceId:            98983099365c0d72f6d2ad45a0708a7e
Activity.SpanId:             c9c2827180cbbc06
Activity.TraceFlags:         Recorded
Activity.ParentSpanId:       e4f9583730319097
Activity.DisplayName:        natureprotector.simulator.publish
Activity.Kind:               Internal
Activity.StartTime:          2026-05-16T21:48:15.8217111Z
Activity.Duration:           00:00:00.0001186
Activity.Tags:
    np.event_id: 41929277-da6c-4d60-aed8-2073d28d670a
    np.correlation_id: 6003e540920f49bfa95578cef436e9ee-0002-22702eee75aa3cf431abb689bfb9a8bc
    np.area_id: b3f4fb84-bf17-5522-a5f3-70fd1212f381
    np.simulation_run_id: 6003e540-920f-49bf-a955-78cef436e9ee
    np.sensor_id: 22702eee-75aa-3cf4-31ab-b689bfb9a8bc
    np.sensor_name: pilot-humidity-0001
    np.metric_type: Humidity
Instrumentation scope (ActivitySource):
    Name: NatureProtector.Simulator.Host
Resource associated with Activity:
    service.name: NatureProtector.Simulator.Host
    service.instance.id: 6474e93b-2aec-4ad6-8689-3d912d9ea719
    telemetry.sdk.name: opentelemetry
    telemetry.sdk.language: dotnet
    telemetry.sdk.version: 1.10.0

info: NatureProtector.Simulator.Host.Publishing.RabbitMqReadingPublisher[0]
      Published SensorReadingProduced to RabbitMQ | EventId=c1344dec-e933-4961-86e9-121e30c1680e | CorrelationId=6003e540920f49bfa95578cef436e9ee-0002-2f494582407786f29707780861949155 | SensorId=2f494582-4077-86f2-9707-780861949155 | SensorName=pilot-humidity-0230 | Value=22.99749799370021
Activity.TraceId:            98983099365c0d72f6d2ad45a0708a7e
Activity.SpanId:             2696a4448c3842fd
Activity.TraceFlags:         Recorded
Activity.ParentSpanId:       e4f9583730319097
Activity.DisplayName:        natureprotector.simulator.publish
Activity.Kind:               Internal
Activity.StartTime:          2026-05-16T21:48:15.8245647Z
Activity.Duration:           00:00:00.0001005
Activity.Tags:
    np.event_id: c1344dec-e933-4961-86e9-121e30c1680e
    np.correlation_id: 6003e540920f49bfa95578cef436e9ee-0002-2f494582407786f29707780861949155
    np.area_id: b3f4fb84-bf17-5522-a5f3-70fd1212f381
    np.simulation_run_id: 6003e540-920f-49bf-a955-78cef436e9ee
    np.sensor_id: 2f494582-4077-86f2-9707-780861949155
    np.sensor_name: pilot-humidity-0230
    np.metric_type: Humidity
Instrumentation scope (ActivitySource):
    Name: NatureProtector.Simulator.Host
Resource associated with Activity:
    service.name: NatureProtector.Simulator.Host
    service.instance.id: 6474e93b-2aec-4ad6-8689-3d912d9ea719
    telemetry.sdk.name: opentelemetry
    telemetry.sdk.language: dotnet
    telemetry.sdk.version: 1.10.0

info: NatureProtector.Simulator.Host.Publishing.RabbitMqReadingPublisher[0]
      Published SensorReadingProduced to RabbitMQ | EventId=6dd920be-8ebe-468e-b0b7-bbae1a028d8c | CorrelationId=6003e540920f49bfa95578cef436e9ee-0002-27bf9aad094f7dc645b2129a8cc0522e | SensorId=27bf9aad-094f-7dc6-45b2-129a8cc0522e | SensorName=pilot-temperature-0001 | Value=31.74413991733475
Activity.TraceId:            98983099365c0d72f6d2ad45a0708a7e
Activity.SpanId:             bfe1eac4d68aea15
Activity.TraceFlags:         Recorded
Activity.ParentSpanId:       e4f9583730319097
Activity.DisplayName:        natureprotector.simulator.publish
Activity.Kind:               Internal
Activity.StartTime:          2026-05-16T21:48:15.8272655Z
Activity.Duration:           00:00:00.0000903
Activity.Tags:
    np.event_id: 6dd920be-8ebe-468e-b0b7-bbae1a028d8c
    np.correlation_id: 6003e540920f49bfa95578cef436e9ee-0002-27bf9aad094f7dc645b2129a8cc0522e
    np.area_id: b3f4fb84-bf17-5522-a5f3-70fd1212f381
    np.simulation_run_id: 6003e540-920f-49bf-a955-78cef436e9ee
    np.sensor_id: 27bf9aad-094f-7dc6-45b2-129a8cc0522e
    np.sensor_name: pilot-temperature-0001
    np.metric_type: Temperature
Instrumentation scope (ActivitySource):
    Name: NatureProtector.Simulator.Host
Resource associated with Activity:
    service.name: NatureProtector.Simulator.Host
    service.instance.id: 6474e93b-2aec-4ad6-8689-3d912d9ea719
    telemetry.sdk.name: opentelemetry
    telemetry.sdk.language: dotnet
    telemetry.sdk.version: 1.10.0

info: NatureProtector.Simulator.Host.Publishing.RabbitMqReadingPublisher[0]
      Published SensorReadingProduced to RabbitMQ | EventId=59fb79d9-17b5-43aa-8c07-235ee4c48f1c | CorrelationId=6003e540920f49bfa95578cef436e9ee-0002-8e6a3d8a7e654fa58c51fa4597b203b8 | SensorId=8e6a3d8a-7e65-4fa5-8c51-fa4597b203b8 | SensorName=pilot-temperature-0230 | Value=31.719147964099168
Activity.TraceId:            98983099365c0d72f6d2ad45a0708a7e
Activity.SpanId:             4688bcdcddecd606
Activity.TraceFlags:         Recorded
Activity.ParentSpanId:       e4f9583730319097
Activity.DisplayName:        natureprotector.simulator.publish
Activity.Kind:               Internal
Activity.StartTime:          2026-05-16T21:48:15.8301307Z
Activity.Duration:           00:00:00.0000999
Activity.Tags:
    np.event_id: 59fb79d9-17b5-43aa-8c07-235ee4c48f1c
    np.correlation_id: 6003e540920f49bfa95578cef436e9ee-0002-8e6a3d8a7e654fa58c51fa4597b203b8
    np.area_id: b3f4fb84-bf17-5522-a5f3-70fd1212f381
    np.simulation_run_id: 6003e540-920f-49bf-a955-78cef436e9ee
    np.sensor_id: 8e6a3d8a-7e65-4fa5-8c51-fa4597b203b8
    np.sensor_name: pilot-temperature-0230
    np.metric_type: Temperature
Instrumentation scope (ActivitySource):
    Name: NatureProtector.Simulator.Host
Resource associated with Activity:
    service.name: NatureProtector.Simulator.Host
    service.instance.id: 6474e93b-2aec-4ad6-8689-3d912d9ea719
    telemetry.sdk.name: opentelemetry
    telemetry.sdk.language: dotnet
    telemetry.sdk.version: 1.10.0

info: NatureProtector.Simulator.Host.Publishing.RabbitMqReadingPublisher[0]
      Published SensorReadingProduced to RabbitMQ | EventId=4070a3ca-f740-484d-b182-cebfb2baa0e8 | CorrelationId=6003e540920f49bfa95578cef436e9ee-0002-e7660606cadd4212e67b574c09ef789a | SensorId=e7660606-cadd-4212-e67b-574c09ef789a | SensorName=pilot-wind-0001 | Value=4.8843002245984355
Activity.TraceId:            98983099365c0d72f6d2ad45a0708a7e
Activity.SpanId:             25d44f135b299e82
Activity.TraceFlags:         Recorded
Activity.ParentSpanId:       e4f9583730319097
Activity.DisplayName:        natureprotector.simulator.publish
Activity.Kind:               Internal
Activity.StartTime:          2026-05-16T21:48:15.8327709Z
Activity.Duration:           00:00:00.0000688
Activity.Tags:
    np.event_id: 4070a3ca-f740-484d-b182-cebfb2baa0e8
    np.correlation_id: 6003e540920f49bfa95578cef436e9ee-0002-e7660606cadd4212e67b574c09ef789a
    np.area_id: b3f4fb84-bf17-5522-a5f3-70fd1212f381
    np.simulation_run_id: 6003e540-920f-49bf-a955-78cef436e9ee
    np.sensor_id: e7660606-cadd-4212-e67b-574c09ef789a
    np.sensor_name: pilot-wind-0001
    np.metric_type: WindSpeed
Instrumentation scope (ActivitySource):
    Name: NatureProtector.Simulator.Host
Resource associated with Activity:
    service.name: NatureProtector.Simulator.Host
    service.instance.id: 6474e93b-2aec-4ad6-8689-3d912d9ea719
    telemetry.sdk.name: opentelemetry
    telemetry.sdk.language: dotnet
    telemetry.sdk.version: 1.10.0

info: NatureProtector.Simulator.Host.Publishing.RabbitMqReadingPublisher[0]
      Published SensorReadingProduced to RabbitMQ | EventId=e35cb806-5940-42bf-bdfa-b1a92a011cee | CorrelationId=6003e540920f49bfa95578cef436e9ee-0002-17badc17792017acc213db1c12bedfb2 | SensorId=17badc17-7920-17ac-c213-db1c12bedfb2 | SensorName=pilot-wind-0230 | Value=5.055532955014659
Activity.TraceId:            98983099365c0d72f6d2ad45a0708a7e
Activity.SpanId:             1a60df4045d55ba8
Activity.TraceFlags:         Recorded
Activity.ParentSpanId:       e4f9583730319097
Activity.DisplayName:        natureprotector.simulator.publish
Activity.Kind:               Internal
Activity.StartTime:          2026-05-16T21:48:15.8355609Z
Activity.Duration:           00:00:00.0000813
Activity.Tags:
    np.event_id: e35cb806-5940-42bf-bdfa-b1a92a011cee
    np.correlation_id: 6003e540920f49bfa95578cef436e9ee-0002-17badc17792017acc213db1c12bedfb2
    np.area_id: b3f4fb84-bf17-5522-a5f3-70fd1212f381
    np.simulation_run_id: 6003e540-920f-49bf-a955-78cef436e9ee
    np.sensor_id: 17badc17-7920-17ac-c213-db1c12bedfb2
    np.sensor_name: pilot-wind-0230
    np.metric_type: WindSpeed
Instrumentation scope (ActivitySource):
    Name: NatureProtector.Simulator.Host
Resource associated with Activity:
    service.name: NatureProtector.Simulator.Host
    service.instance.id: 6474e93b-2aec-4ad6-8689-3d912d9ea719
    telemetry.sdk.name: opentelemetry
    telemetry.sdk.language: dotnet
    telemetry.sdk.version: 1.10.0

Activity.TraceId:            98983099365c0d72f6d2ad45a0708a7e
Activity.SpanId:             e4f9583730319097
Activity.TraceFlags:         Recorded
Activity.ParentSpanId:       e8724d943856c962
Activity.DisplayName:        natureprotector.simulator.cycle
Activity.Kind:               Internal
Activity.StartTime:          2026-05-16T21:48:15.8216680Z
Activity.Duration:           00:00:05.0513268
Activity.Tags:
    np.simulation_run_id: 6003e540-920f-49bf-a955-78cef436e9ee
    np.area_id: b3f4fb84-bf17-5522-a5f3-70fd1212f381
    np.scenario_id: 6034251c-b502-5f7b-a557-7187178cfb04
Instrumentation scope (ActivitySource):
    Name: NatureProtector.Simulator.Host
Resource associated with Activity:
    service.name: NatureProtector.Simulator.Host
    service.instance.id: 6474e93b-2aec-4ad6-8689-3d912d9ea719
    telemetry.sdk.name: opentelemetry
    telemetry.sdk.language: dotnet
    telemetry.sdk.version: 1.10.0

info: NatureProtector.Simulator.Host.Services.SimulationRunner[0]
      Starting simulation cycle 4/5 at logical time 09/13/2020 12:00:15 +02:00.
info: NatureProtector.Simulator.Host.Publishing.RabbitMqReadingPublisher[0]
      Published SensorReadingProduced to RabbitMQ | EventId=b396e3b2-4244-43ba-80fb-0823ca680341 | CorrelationId=6003e540920f49bfa95578cef436e9ee-0003-22702eee75aa3cf431abb689bfb9a8bc | SensorId=22702eee-75aa-3cf4-31ab-b689bfb9a8bc | SensorName=pilot-humidity-0001 | Value=0
Activity.TraceId:            98983099365c0d72f6d2ad45a0708a7e
Activity.SpanId:             b20f1e5d4ac2e480
Activity.TraceFlags:         Recorded
Activity.ParentSpanId:       ce6a407363a05347
Activity.DisplayName:        natureprotector.simulator.publish
Activity.Kind:               Internal
Activity.StartTime:          2026-05-16T21:48:20.8774175Z
Activity.Duration:           00:00:00.0002418
Activity.Tags:
    np.event_id: b396e3b2-4244-43ba-80fb-0823ca680341
    np.correlation_id: 6003e540920f49bfa95578cef436e9ee-0003-22702eee75aa3cf431abb689bfb9a8bc
    np.area_id: b3f4fb84-bf17-5522-a5f3-70fd1212f381
    np.simulation_run_id: 6003e540-920f-49bf-a955-78cef436e9ee
    np.sensor_id: 22702eee-75aa-3cf4-31ab-b689bfb9a8bc
    np.sensor_name: pilot-humidity-0001
    np.metric_type: Humidity
Instrumentation scope (ActivitySource):
    Name: NatureProtector.Simulator.Host
Resource associated with Activity:
    service.name: NatureProtector.Simulator.Host
    service.instance.id: 6474e93b-2aec-4ad6-8689-3d912d9ea719
    telemetry.sdk.name: opentelemetry
    telemetry.sdk.language: dotnet
    telemetry.sdk.version: 1.10.0

info: NatureProtector.Simulator.Host.Publishing.RabbitMqReadingPublisher[0]
      Published SensorReadingProduced to RabbitMQ | EventId=4d40bef2-ea56-44f8-9525-913a1e4b3284 | CorrelationId=6003e540920f49bfa95578cef436e9ee-0003-2f494582407786f29707780861949155 | SensorId=2f494582-4077-86f2-9707-780861949155 | SensorName=pilot-humidity-0230 | Value=21.53523607714356
Activity.TraceId:            98983099365c0d72f6d2ad45a0708a7e
Activity.SpanId:             6c1f011474624e82
Activity.TraceFlags:         Recorded
Activity.ParentSpanId:       ce6a407363a05347
Activity.DisplayName:        natureprotector.simulator.publish
Activity.Kind:               Internal
Activity.StartTime:          2026-05-16T21:48:20.8821607Z
Activity.Duration:           00:00:00.0002346
Activity.Tags:
    np.event_id: 4d40bef2-ea56-44f8-9525-913a1e4b3284
    np.correlation_id: 6003e540920f49bfa95578cef436e9ee-0003-2f494582407786f29707780861949155
    np.area_id: b3f4fb84-bf17-5522-a5f3-70fd1212f381
    np.simulation_run_id: 6003e540-920f-49bf-a955-78cef436e9ee
    np.sensor_id: 2f494582-4077-86f2-9707-780861949155
    np.sensor_name: pilot-humidity-0230
    np.metric_type: Humidity
Instrumentation scope (ActivitySource):
    Name: NatureProtector.Simulator.Host
Resource associated with Activity:
    service.name: NatureProtector.Simulator.Host
    service.instance.id: 6474e93b-2aec-4ad6-8689-3d912d9ea719
    telemetry.sdk.name: opentelemetry
    telemetry.sdk.language: dotnet
    telemetry.sdk.version: 1.10.0

info: NatureProtector.Simulator.Host.Publishing.RabbitMqReadingPublisher[0]
      Published SensorReadingProduced to RabbitMQ | EventId=13e9f497-a3dd-433a-b0ac-80753d285932 | CorrelationId=6003e540920f49bfa95578cef436e9ee-0003-27bf9aad094f7dc645b2129a8cc0522e | SensorId=27bf9aad-094f-7dc6-45b2-129a8cc0522e | SensorName=pilot-temperature-0001 | Value=32.41454219848126
Activity.TraceId:            98983099365c0d72f6d2ad45a0708a7e
Activity.SpanId:             a8306ef26f518b5c
Activity.TraceFlags:         Recorded
Activity.ParentSpanId:       ce6a407363a05347
Activity.DisplayName:        natureprotector.simulator.publish
Activity.Kind:               Internal
Activity.StartTime:          2026-05-16T21:48:20.8862293Z
Activity.Duration:           00:00:00.0005534
Activity.Tags:
    np.event_id: 13e9f497-a3dd-433a-b0ac-80753d285932
    np.correlation_id: 6003e540920f49bfa95578cef436e9ee-0003-27bf9aad094f7dc645b2129a8cc0522e
    np.area_id: b3f4fb84-bf17-5522-a5f3-70fd1212f381
    np.simulation_run_id: 6003e540-920f-49bf-a955-78cef436e9ee
    np.sensor_id: 27bf9aad-094f-7dc6-45b2-129a8cc0522e
    np.sensor_name: pilot-temperature-0001
    np.metric_type: Temperature
Instrumentation scope (ActivitySource):
    Name: NatureProtector.Simulator.Host
Resource associated with Activity:
    service.name: NatureProtector.Simulator.Host
    service.instance.id: 6474e93b-2aec-4ad6-8689-3d912d9ea719
    telemetry.sdk.name: opentelemetry
    telemetry.sdk.language: dotnet
    telemetry.sdk.version: 1.10.0

info: NatureProtector.Simulator.Host.Publishing.RabbitMqReadingPublisher[0]
      Published SensorReadingProduced to RabbitMQ | EventId=b7b8876d-dc83-42e5-afb8-df29547075b9 | CorrelationId=6003e540920f49bfa95578cef436e9ee-0003-8e6a3d8a7e654fa58c51fa4597b203b8 | SensorId=8e6a3d8a-7e65-4fa5-8c51-fa4597b203b8 | SensorName=pilot-temperature-0230 | Value=32.0965721742094
Activity.TraceId:            98983099365c0d72f6d2ad45a0708a7e
Activity.SpanId:             9d33491817bc0a7e
Activity.TraceFlags:         Recorded
Activity.ParentSpanId:       ce6a407363a05347
Activity.DisplayName:        natureprotector.simulator.publish
Activity.Kind:               Internal
Activity.StartTime:          2026-05-16T21:48:20.8899894Z
Activity.Duration:           00:00:00.0001907
Activity.Tags:
    np.event_id: b7b8876d-dc83-42e5-afb8-df29547075b9
    np.correlation_id: 6003e540920f49bfa95578cef436e9ee-0003-8e6a3d8a7e654fa58c51fa4597b203b8
    np.area_id: b3f4fb84-bf17-5522-a5f3-70fd1212f381
    np.simulation_run_id: 6003e540-920f-49bf-a955-78cef436e9ee
    np.sensor_id: 8e6a3d8a-7e65-4fa5-8c51-fa4597b203b8
    np.sensor_name: pilot-temperature-0230
    np.metric_type: Temperature
Instrumentation scope (ActivitySource):
    Name: NatureProtector.Simulator.Host
Resource associated with Activity:
    service.name: NatureProtector.Simulator.Host
    service.instance.id: 6474e93b-2aec-4ad6-8689-3d912d9ea719
    telemetry.sdk.name: opentelemetry
    telemetry.sdk.language: dotnet
    telemetry.sdk.version: 1.10.0

info: NatureProtector.Simulator.Host.Publishing.RabbitMqReadingPublisher[0]
      Published SensorReadingProduced to RabbitMQ | EventId=daf6be18-7145-4098-84fa-65303c7f8524 | CorrelationId=6003e540920f49bfa95578cef436e9ee-0003-e7660606cadd4212e67b574c09ef789a | SensorId=e7660606-cadd-4212-e67b-574c09ef789a | SensorName=pilot-wind-0001 | Value=5.375792604999472
Activity.TraceId:            98983099365c0d72f6d2ad45a0708a7e
Activity.SpanId:             a5b9a44129252327
Activity.TraceFlags:         Recorded
Activity.ParentSpanId:       ce6a407363a05347
Activity.DisplayName:        natureprotector.simulator.publish
Activity.Kind:               Internal
Activity.StartTime:          2026-05-16T21:48:20.8931426Z
Activity.Duration:           00:00:00.0001969
Activity.Tags:
    np.event_id: daf6be18-7145-4098-84fa-65303c7f8524
    np.correlation_id: 6003e540920f49bfa95578cef436e9ee-0003-e7660606cadd4212e67b574c09ef789a
    np.area_id: b3f4fb84-bf17-5522-a5f3-70fd1212f381
    np.simulation_run_id: 6003e540-920f-49bf-a955-78cef436e9ee
    np.sensor_id: e7660606-cadd-4212-e67b-574c09ef789a
    np.sensor_name: pilot-wind-0001
    np.metric_type: WindSpeed
Instrumentation scope (ActivitySource):
    Name: NatureProtector.Simulator.Host
Resource associated with Activity:
    service.name: NatureProtector.Simulator.Host
    service.instance.id: 6474e93b-2aec-4ad6-8689-3d912d9ea719
    telemetry.sdk.name: opentelemetry
    telemetry.sdk.language: dotnet
    telemetry.sdk.version: 1.10.0

info: NatureProtector.Simulator.Host.Publishing.RabbitMqReadingPublisher[0]
      Published SensorReadingProduced to RabbitMQ | EventId=e9377ade-eb6d-4f92-93b2-c15ddfdfe56b | CorrelationId=6003e540920f49bfa95578cef436e9ee-0003-17badc17792017acc213db1c12bedfb2 | SensorId=17badc17-7920-17ac-c213-db1c12bedfb2 | SensorName=pilot-wind-0230 | Value=5.216367930414279
Activity.TraceId:            98983099365c0d72f6d2ad45a0708a7e
Activity.SpanId:             0e72d667099b808f
Activity.TraceFlags:         Recorded
Activity.ParentSpanId:       ce6a407363a05347
Activity.DisplayName:        natureprotector.simulator.publish
Activity.Kind:               Internal
Activity.StartTime:          2026-05-16T21:48:20.8963546Z
Activity.Duration:           00:00:00.0002667
Activity.Tags:
    np.event_id: e9377ade-eb6d-4f92-93b2-c15ddfdfe56b
    np.correlation_id: 6003e540920f49bfa95578cef436e9ee-0003-17badc17792017acc213db1c12bedfb2
    np.area_id: b3f4fb84-bf17-5522-a5f3-70fd1212f381
    np.simulation_run_id: 6003e540-920f-49bf-a955-78cef436e9ee
    np.sensor_id: 17badc17-7920-17ac-c213-db1c12bedfb2
    np.sensor_name: pilot-wind-0230
    np.metric_type: WindSpeed
Instrumentation scope (ActivitySource):
    Name: NatureProtector.Simulator.Host
Resource associated with Activity:
    service.name: NatureProtector.Simulator.Host
    service.instance.id: 6474e93b-2aec-4ad6-8689-3d912d9ea719
    telemetry.sdk.name: opentelemetry
    telemetry.sdk.language: dotnet
    telemetry.sdk.version: 1.10.0


Metric Name: process.memory.usage, Description: The amount of physical memory in use., Unit: By
(2026-05-16T21:48:04.0988767Z, 2026-05-16T21:48:24.1003309Z] LongSumNonMonotonic
Value: 106344448
Instrumentation scope (Meter):
	Name: OpenTelemetry.Instrumentation.Process
	Version: 1.10.0-beta.1
Resource associated with Metric:
	service.name: NatureProtector.Simulator.Host
	service.instance.id: 6474e93b-2aec-4ad6-8689-3d912d9ea719
	telemetry.sdk.name: opentelemetry
	telemetry.sdk.language: dotnet
	telemetry.sdk.version: 1.10.0

Metric Name: process.memory.virtual, Description: The amount of committed virtual memory., Unit: By
(2026-05-16T21:48:04.0999584Z, 2026-05-16T21:48:24.1003331Z] LongSumNonMonotonic
Value: 2481008787456
Instrumentation scope (Meter):
	Name: OpenTelemetry.Instrumentation.Process
	Version: 1.10.0-beta.1
Resource associated with Metric:
	service.name: NatureProtector.Simulator.Host
	service.instance.id: 6474e93b-2aec-4ad6-8689-3d912d9ea719
	telemetry.sdk.name: opentelemetry
	telemetry.sdk.language: dotnet
	telemetry.sdk.version: 1.10.0

Metric Name: process.cpu.time, Description: Total CPU seconds broken down by different states., Unit: s
(2026-05-16T21:48:04.1001518Z, 2026-05-16T21:48:24.1003338Z] process.cpu.state: user DoubleSum
Value: 1.71875
Instrumentation scope (Meter):
	Name: OpenTelemetry.Instrumentation.Process
	Version: 1.10.0-beta.1
Resource associated with Metric:
	service.name: NatureProtector.Simulator.Host
	service.instance.id: 6474e93b-2aec-4ad6-8689-3d912d9ea719
	telemetry.sdk.name: opentelemetry
	telemetry.sdk.language: dotnet
	telemetry.sdk.version: 1.10.0
(2026-05-16T21:48:04.1001518Z, 2026-05-16T21:48:24.1003338Z] process.cpu.state: system DoubleSum
Value: 0.234375
Instrumentation scope (Meter):
	Name: OpenTelemetry.Instrumentation.Process
	Version: 1.10.0-beta.1
Resource associated with Metric:
	service.name: NatureProtector.Simulator.Host
	service.instance.id: 6474e93b-2aec-4ad6-8689-3d912d9ea719
	telemetry.sdk.name: opentelemetry
	telemetry.sdk.language: dotnet
	telemetry.sdk.version: 1.10.0

Metric Name: process.cpu.count, Description: The number of processors (CPU cores) available to the current process., Unit: {processors}
(2026-05-16T21:48:04.1001684Z, 2026-05-16T21:48:24.1003344Z] LongSumNonMonotonic
Value: 16
Instrumentation scope (Meter):
	Name: OpenTelemetry.Instrumentation.Process
	Version: 1.10.0-beta.1
Resource associated with Metric:
	service.name: NatureProtector.Simulator.Host
	service.instance.id: 6474e93b-2aec-4ad6-8689-3d912d9ea719
	telemetry.sdk.name: opentelemetry
	telemetry.sdk.language: dotnet
	telemetry.sdk.version: 1.10.0

Metric Name: process.thread.count, Description: Process threads count., Unit: {thread}
(2026-05-16T21:48:04.1001833Z, 2026-05-16T21:48:24.1003348Z] LongSumNonMonotonic
Value: 23
Instrumentation scope (Meter):
	Name: OpenTelemetry.Instrumentation.Process
	Version: 1.10.0-beta.1
Resource associated with Metric:
	service.name: NatureProtector.Simulator.Host
	service.instance.id: 6474e93b-2aec-4ad6-8689-3d912d9ea719
	telemetry.sdk.name: opentelemetry
	telemetry.sdk.language: dotnet
	telemetry.sdk.version: 1.10.0

Metric Name: dotnet.gc.collections, Description: The number of garbage collections that have occurred since the process has started., Unit: {collection}
(2026-05-16T21:48:04.1001941Z, 2026-05-16T21:48:24.1003352Z] gc.heap.generation: gen2 LongSum
Value: 1
Instrumentation scope (Meter):
	Name: System.Runtime
Resource associated with Metric:
	service.name: NatureProtector.Simulator.Host
	service.instance.id: 6474e93b-2aec-4ad6-8689-3d912d9ea719
	telemetry.sdk.name: opentelemetry
	telemetry.sdk.language: dotnet
	telemetry.sdk.version: 1.10.0
(2026-05-16T21:48:04.1001941Z, 2026-05-16T21:48:24.1003352Z] gc.heap.generation: gen1 LongSum
Value: 1
Instrumentation scope (Meter):
	Name: System.Runtime
Resource associated with Metric:
	service.name: NatureProtector.Simulator.Host
	service.instance.id: 6474e93b-2aec-4ad6-8689-3d912d9ea719
	telemetry.sdk.name: opentelemetry
	telemetry.sdk.language: dotnet
	telemetry.sdk.version: 1.10.0
(2026-05-16T21:48:04.1001941Z, 2026-05-16T21:48:24.1003352Z] gc.heap.generation: gen0 LongSum
Value: 2
Instrumentation scope (Meter):
	Name: System.Runtime
Resource associated with Metric:
	service.name: NatureProtector.Simulator.Host
	service.instance.id: 6474e93b-2aec-4ad6-8689-3d912d9ea719
	telemetry.sdk.name: opentelemetry
	telemetry.sdk.language: dotnet
	telemetry.sdk.version: 1.10.0

Metric Name: dotnet.process.memory.working_set, Description: The number of bytes of physical memory mapped to the process context., Unit: By
(2026-05-16T21:48:04.1002036Z, 2026-05-16T21:48:24.1003355Z] LongSumNonMonotonic
Value: 105615360
Instrumentation scope (Meter):
	Name: System.Runtime
Resource associated with Metric:
	service.name: NatureProtector.Simulator.Host
	service.instance.id: 6474e93b-2aec-4ad6-8689-3d912d9ea719
	telemetry.sdk.name: opentelemetry
	telemetry.sdk.language: dotnet
	telemetry.sdk.version: 1.10.0

Metric Name: dotnet.gc.heap.total_allocated, Description: The approximate number of bytes allocated on the managed GC heap since the process has started. The returned value does not include any native allocations., Unit: By
(2026-05-16T21:48:04.1002127Z, 2026-05-16T21:48:24.1003358Z] LongSum
Value: 39246936
Instrumentation scope (Meter):
	Name: System.Runtime
Resource associated with Metric:
	service.name: NatureProtector.Simulator.Host
	service.instance.id: 6474e93b-2aec-4ad6-8689-3d912d9ea719
	telemetry.sdk.name: opentelemetry
	telemetry.sdk.language: dotnet
	telemetry.sdk.version: 1.10.0

Metric Name: dotnet.gc.last_collection.memory.committed_size, Description: The amount of committed virtual memory in use by the .NET GC, as observed during the latest garbage collection., Unit: By
(2026-05-16T21:48:04.1002192Z, 2026-05-16T21:48:24.1003362Z] LongSumNonMonotonic
Value: 20783104
Instrumentation scope (Meter):
	Name: System.Runtime
Resource associated with Metric:
	service.name: NatureProtector.Simulator.Host
	service.instance.id: 6474e93b-2aec-4ad6-8689-3d912d9ea719
	telemetry.sdk.name: opentelemetry
	telemetry.sdk.language: dotnet
	telemetry.sdk.version: 1.10.0

Metric Name: dotnet.gc.last_collection.heap.size, Description: The managed GC heap size (including fragmentation), as observed during the latest garbage collection., Unit: By
(2026-05-16T21:48:04.1008626Z, 2026-05-16T21:48:24.1003370Z] gc.heap.generation: gen0 LongSumNonMonotonic
Value: 144720
Instrumentation scope (Meter):
	Name: System.Runtime
Resource associated with Metric:
	service.name: NatureProtector.Simulator.Host
	service.instance.id: 6474e93b-2aec-4ad6-8689-3d912d9ea719
	telemetry.sdk.name: opentelemetry
	telemetry.sdk.language: dotnet
	telemetry.sdk.version: 1.10.0
(2026-05-16T21:48:04.1008626Z, 2026-05-16T21:48:24.1003370Z] gc.heap.generation: gen1 LongSumNonMonotonic
Value: 4134408
Instrumentation scope (Meter):
	Name: System.Runtime
Resource associated with Metric:
	service.name: NatureProtector.Simulator.Host
	service.instance.id: 6474e93b-2aec-4ad6-8689-3d912d9ea719
	telemetry.sdk.name: opentelemetry
	telemetry.sdk.language: dotnet
	telemetry.sdk.version: 1.10.0
(2026-05-16T21:48:04.1008626Z, 2026-05-16T21:48:24.1003370Z] gc.heap.generation: gen2 LongSumNonMonotonic
Value: 901456
Instrumentation scope (Meter):
	Name: System.Runtime
Resource associated with Metric:
	service.name: NatureProtector.Simulator.Host
	service.instance.id: 6474e93b-2aec-4ad6-8689-3d912d9ea719
	telemetry.sdk.name: opentelemetry
	telemetry.sdk.language: dotnet
	telemetry.sdk.version: 1.10.0
(2026-05-16T21:48:04.1008626Z, 2026-05-16T21:48:24.1003370Z] gc.heap.generation: loh LongSumNonMonotonic
Value: 6986640
Instrumentation scope (Meter):
	Name: System.Runtime
Resource associated with Metric:
	service.name: NatureProtector.Simulator.Host
	service.instance.id: 6474e93b-2aec-4ad6-8689-3d912d9ea719
	telemetry.sdk.name: opentelemetry
	telemetry.sdk.language: dotnet
	telemetry.sdk.version: 1.10.0
(2026-05-16T21:48:04.1008626Z, 2026-05-16T21:48:24.1003370Z] gc.heap.generation: poh LongSumNonMonotonic
Value: 58240
Instrumentation scope (Meter):
	Name: System.Runtime
Resource associated with Metric:
	service.name: NatureProtector.Simulator.Host
	service.instance.id: 6474e93b-2aec-4ad6-8689-3d912d9ea719
	telemetry.sdk.name: opentelemetry
	telemetry.sdk.language: dotnet
	telemetry.sdk.version: 1.10.0

Metric Name: dotnet.gc.last_collection.heap.fragmentation.size, Description: The heap fragmentation, as observed during the latest garbage collection., Unit: By
(2026-05-16T21:48:04.1008699Z, 2026-05-16T21:48:24.1003380Z] gc.heap.generation: gen0 LongSumNonMonotonic
Value: 136336
Instrumentation scope (Meter):
	Name: System.Runtime
Resource associated with Metric:
	service.name: NatureProtector.Simulator.Host
	service.instance.id: 6474e93b-2aec-4ad6-8689-3d912d9ea719
	telemetry.sdk.name: opentelemetry
	telemetry.sdk.language: dotnet
	telemetry.sdk.version: 1.10.0
(2026-05-16T21:48:04.1008699Z, 2026-05-16T21:48:24.1003380Z] gc.heap.generation: gen1 LongSumNonMonotonic
Value: 68568
Instrumentation scope (Meter):
	Name: System.Runtime
Resource associated with Metric:
	service.name: NatureProtector.Simulator.Host
	service.instance.id: 6474e93b-2aec-4ad6-8689-3d912d9ea719
	telemetry.sdk.name: opentelemetry
	telemetry.sdk.language: dotnet
	telemetry.sdk.version: 1.10.0
(2026-05-16T21:48:04.1008699Z, 2026-05-16T21:48:24.1003380Z] gc.heap.generation: gen2 LongSumNonMonotonic
Value: 0
Instrumentation scope (Meter):
	Name: System.Runtime
Resource associated with Metric:
	service.name: NatureProtector.Simulator.Host
	service.instance.id: 6474e93b-2aec-4ad6-8689-3d912d9ea719
	telemetry.sdk.name: opentelemetry
	telemetry.sdk.language: dotnet
	telemetry.sdk.version: 1.10.0
(2026-05-16T21:48:04.1008699Z, 2026-05-16T21:48:24.1003380Z] gc.heap.generation: loh LongSumNonMonotonic
Value: 1120
Instrumentation scope (Meter):
	Name: System.Runtime
Resource associated with Metric:
	service.name: NatureProtector.Simulator.Host
	service.instance.id: 6474e93b-2aec-4ad6-8689-3d912d9ea719
	telemetry.sdk.name: opentelemetry
	telemetry.sdk.language: dotnet
	telemetry.sdk.version: 1.10.0
(2026-05-16T21:48:04.1008699Z, 2026-05-16T21:48:24.1003380Z] gc.heap.generation: poh LongSumNonMonotonic
Value: 0
Instrumentation scope (Meter):
	Name: System.Runtime
Resource associated with Metric:
	service.name: NatureProtector.Simulator.Host
	service.instance.id: 6474e93b-2aec-4ad6-8689-3d912d9ea719
	telemetry.sdk.name: opentelemetry
	telemetry.sdk.language: dotnet
	telemetry.sdk.version: 1.10.0

Metric Name: dotnet.gc.pause.time, Description: The total amount of time paused in GC since the process has started., Unit: s
(2026-05-16T21:48:04.1008801Z, 2026-05-16T21:48:24.1003382Z] DoubleSum
Value: 0.017616
Instrumentation scope (Meter):
	Name: System.Runtime
Resource associated with Metric:
	service.name: NatureProtector.Simulator.Host
	service.instance.id: 6474e93b-2aec-4ad6-8689-3d912d9ea719
	telemetry.sdk.name: opentelemetry
	telemetry.sdk.language: dotnet
	telemetry.sdk.version: 1.10.0

Metric Name: dotnet.jit.compiled_il.size, Description: Count of bytes of intermediate language that have been compiled since the process has started., Unit: By
(2026-05-16T21:48:04.1008892Z, 2026-05-16T21:48:24.1003385Z] LongSum
Value: 1070911
Instrumentation scope (Meter):
	Name: System.Runtime
Resource associated with Metric:
	service.name: NatureProtector.Simulator.Host
	service.instance.id: 6474e93b-2aec-4ad6-8689-3d912d9ea719
	telemetry.sdk.name: opentelemetry
	telemetry.sdk.language: dotnet
	telemetry.sdk.version: 1.10.0

Metric Name: dotnet.jit.compiled_methods, Description: The number of times the JIT compiler (re)compiled methods since the process has started., Unit: {method}
(2026-05-16T21:48:04.1008962Z, 2026-05-16T21:48:24.1003388Z] LongSum
Value: 13861
Instrumentation scope (Meter):
	Name: System.Runtime
Resource associated with Metric:
	service.name: NatureProtector.Simulator.Host
	service.instance.id: 6474e93b-2aec-4ad6-8689-3d912d9ea719
	telemetry.sdk.name: opentelemetry
	telemetry.sdk.language: dotnet
	telemetry.sdk.version: 1.10.0

Metric Name: dotnet.jit.compilation.time, Description: The number of times the JIT compiler (re)compiled methods since the process has started., Unit: s
(2026-05-16T21:48:04.1009064Z, 2026-05-16T21:48:24.1003396Z] DoubleSum
Value: 1.361193
Instrumentation scope (Meter):
	Name: System.Runtime
Resource associated with Metric:
	service.name: NatureProtector.Simulator.Host
	service.instance.id: 6474e93b-2aec-4ad6-8689-3d912d9ea719
	telemetry.sdk.name: opentelemetry
	telemetry.sdk.language: dotnet
	telemetry.sdk.version: 1.10.0

Metric Name: dotnet.monitor.lock_contentions, Description: The number of times there was contention when trying to acquire a monitor lock since the process has started., Unit: {contention}
(2026-05-16T21:48:04.1009178Z, 2026-05-16T21:48:24.1003399Z] LongSum
Value: 26
Instrumentation scope (Meter):
	Name: System.Runtime
Resource associated with Metric:
	service.name: NatureProtector.Simulator.Host
	service.instance.id: 6474e93b-2aec-4ad6-8689-3d912d9ea719
	telemetry.sdk.name: opentelemetry
	telemetry.sdk.language: dotnet
	telemetry.sdk.version: 1.10.0

Metric Name: dotnet.thread_pool.thread.count, Description: The number of thread pool threads that currently exist., Unit: {thread}
(2026-05-16T21:48:04.1009256Z, 2026-05-16T21:48:24.1003401Z] LongSum
Value: 3
Instrumentation scope (Meter):
	Name: System.Runtime
Resource associated with Metric:
	service.name: NatureProtector.Simulator.Host
	service.instance.id: 6474e93b-2aec-4ad6-8689-3d912d9ea719
	telemetry.sdk.name: opentelemetry
	telemetry.sdk.language: dotnet
	telemetry.sdk.version: 1.10.0

Metric Name: dotnet.thread_pool.work_item.count, Description: The number of work items that the thread pool has completed since the process has started., Unit: {work_item}
(2026-05-16T21:48:04.1009316Z, 2026-05-16T21:48:24.1003405Z] LongSum
Value: 88
Instrumentation scope (Meter):
	Name: System.Runtime
Resource associated with Metric:
	service.name: NatureProtector.Simulator.Host
	service.instance.id: 6474e93b-2aec-4ad6-8689-3d912d9ea719
	telemetry.sdk.name: opentelemetry
	telemetry.sdk.language: dotnet
	telemetry.sdk.version: 1.10.0

Metric Name: dotnet.thread_pool.queue.length, Description: The number of work items that are currently queued to be processed by the thread pool., Unit: {work_item}
(2026-05-16T21:48:04.1009422Z, 2026-05-16T21:48:24.1003419Z] LongSum
Value: 0
Instrumentation scope (Meter):
	Name: System.Runtime
Resource associated with Metric:
	service.name: NatureProtector.Simulator.Host
	service.instance.id: 6474e93b-2aec-4ad6-8689-3d912d9ea719
	telemetry.sdk.name: opentelemetry
	telemetry.sdk.language: dotnet
	telemetry.sdk.version: 1.10.0

Metric Name: dotnet.timer.count, Description: The number of timer instances that are currently active. An active timer is registered to tick at some point in the future and has not yet been canceled., Unit: {timer}
(2026-05-16T21:48:04.1009507Z, 2026-05-16T21:48:24.1003423Z] LongSumNonMonotonic
Value: 6
Instrumentation scope (Meter):
	Name: System.Runtime
Resource associated with Metric:
	service.name: NatureProtector.Simulator.Host
	service.instance.id: 6474e93b-2aec-4ad6-8689-3d912d9ea719
	telemetry.sdk.name: opentelemetry
	telemetry.sdk.language: dotnet
	telemetry.sdk.version: 1.10.0

Metric Name: dotnet.assembly.count, Description: The number of .NET assemblies that are currently loaded., Unit: {assembly}
(2026-05-16T21:48:04.1009610Z, 2026-05-16T21:48:24.1003426Z] LongSumNonMonotonic
Value: 105
Instrumentation scope (Meter):
	Name: System.Runtime
Resource associated with Metric:
	service.name: NatureProtector.Simulator.Host
	service.instance.id: 6474e93b-2aec-4ad6-8689-3d912d9ea719
	telemetry.sdk.name: opentelemetry
	telemetry.sdk.language: dotnet
	telemetry.sdk.version: 1.10.0

Metric Name: dotnet.process.cpu.count, Description: The number of processors available to the process., Unit: {cpu}
(2026-05-16T21:48:04.1043276Z, 2026-05-16T21:48:24.1003432Z] LongSumNonMonotonic
Value: 16
Instrumentation scope (Meter):
	Name: System.Runtime
Resource associated with Metric:
	service.name: NatureProtector.Simulator.Host
	service.instance.id: 6474e93b-2aec-4ad6-8689-3d912d9ea719
	telemetry.sdk.name: opentelemetry
	telemetry.sdk.language: dotnet
	telemetry.sdk.version: 1.10.0

Metric Name: dotnet.process.cpu.time, Description: CPU time used by the process., Unit: s
(2026-05-16T21:48:04.1043688Z, 2026-05-16T21:48:24.1003436Z] cpu.mode: user DoubleSum
Value: 1.71875
Instrumentation scope (Meter):
	Name: System.Runtime
Resource associated with Metric:
	service.name: NatureProtector.Simulator.Host
	service.instance.id: 6474e93b-2aec-4ad6-8689-3d912d9ea719
	telemetry.sdk.name: opentelemetry
	telemetry.sdk.language: dotnet
	telemetry.sdk.version: 1.10.0
(2026-05-16T21:48:04.1043688Z, 2026-05-16T21:48:24.1003436Z] cpu.mode: system DoubleSum
Value: 0.234375
Instrumentation scope (Meter):
	Name: System.Runtime
Resource associated with Metric:
	service.name: NatureProtector.Simulator.Host
	service.instance.id: 6474e93b-2aec-4ad6-8689-3d912d9ea719
	telemetry.sdk.name: opentelemetry
	telemetry.sdk.language: dotnet
	telemetry.sdk.version: 1.10.0

Metric Name: natureprotector.simulator.context.creations
(2026-05-16T21:48:04.1196963Z, 2026-05-16T21:48:24.1003448Z] LongSum
Value: 1
Instrumentation scope (Meter):
	Name: NatureProtector.Simulator.Host
Resource associated with Metric:
	service.name: NatureProtector.Simulator.Host
	service.instance.id: 6474e93b-2aec-4ad6-8689-3d912d9ea719
	telemetry.sdk.name: opentelemetry
	telemetry.sdk.language: dotnet
	telemetry.sdk.version: 1.10.0

Metric Name: natureprotector.simulator.context.creation.duration, Unit: ms
(2026-05-16T21:48:04.1201416Z, 2026-05-16T21:48:24.1003457Z] Histogram
Value: Sum: 1170,4865 Count: 1 Min: 1170,4865 Max: 1170,4865 
(-Infinity,0]:0
(0,5]:0
(5,10]:0
(10,25]:0
(25,50]:0
(50,75]:0
(75,100]:0
(100,250]:0
(250,500]:0
(500,750]:0
(750,1000]:0
(1000,2500]:1
(2500,5000]:0
(5000,7500]:0
(7500,10000]:0
(10000,+Infinity]:0

Instrumentation scope (Meter):
	Name: NatureProtector.Simulator.Host
Resource associated with Metric:
	service.name: NatureProtector.Simulator.Host
	service.instance.id: 6474e93b-2aec-4ad6-8689-3d912d9ea719
	telemetry.sdk.name: opentelemetry
	telemetry.sdk.language: dotnet
	telemetry.sdk.version: 1.10.0

Metric Name: natureprotector.simulator.runs
(2026-05-16T21:48:04.1201571Z, 2026-05-16T21:48:24.1003461Z] np.outcome: started LongSum
Value: 1
Instrumentation scope (Meter):
	Name: NatureProtector.Simulator.Host
Resource associated with Metric:
	service.name: NatureProtector.Simulator.Host
	service.instance.id: 6474e93b-2aec-4ad6-8689-3d912d9ea719
	telemetry.sdk.name: opentelemetry
	telemetry.sdk.language: dotnet
	telemetry.sdk.version: 1.10.0

Metric Name: natureprotector.simulator.publish.messages
(2026-05-16T21:48:04.1201735Z, 2026-05-16T21:48:24.1003477Z] LongSum
Value: 24
Instrumentation scope (Meter):
	Name: NatureProtector.Simulator.Host
Resource associated with Metric:
	service.name: NatureProtector.Simulator.Host
	service.instance.id: 6474e93b-2aec-4ad6-8689-3d912d9ea719
	telemetry.sdk.name: opentelemetry
	telemetry.sdk.language: dotnet
	telemetry.sdk.version: 1.10.0

Metric Name: natureprotector.simulator.publish.batch.size
(2026-05-16T21:48:04.1205926Z, 2026-05-16T21:48:24.1003504Z] Histogram
Value: Sum: 24 Count: 4 Min: 6 Max: 6 
(-Infinity,0]:0
(0,5]:0
(5,10]:4
(10,25]:0
(25,50]:0
(50,75]:0
(75,100]:0
(100,250]:0
(250,500]:0
(500,750]:0
(750,1000]:0
(1000,2500]:0
(2500,5000]:0
(5000,7500]:0
(7500,10000]:0
(10000,+Infinity]:0

Instrumentation scope (Meter):
	Name: NatureProtector.Simulator.Host
Resource associated with Metric:
	service.name: NatureProtector.Simulator.Host
	service.instance.id: 6474e93b-2aec-4ad6-8689-3d912d9ea719
	telemetry.sdk.name: opentelemetry
	telemetry.sdk.language: dotnet
	telemetry.sdk.version: 1.10.0

Metric Name: natureprotector.simulator.publish.duration, Unit: ms
(2026-05-16T21:48:04.1206095Z, 2026-05-16T21:48:24.1003520Z] Histogram
Value: Sum: 534,1436999999999 Count: 28 Min: 0,0621 Max: 268,4834 
(-Infinity,0]:0
(0,5]:23
(5,10]:0
(10,25]:3
(25,50]:0
(50,75]:0
(75,100]:0
(100,250]:1
(250,500]:1
(500,750]:0
(750,1000]:0
(1000,2500]:0
(2500,5000]:0
(5000,7500]:0
(7500,10000]:0
(10000,+Infinity]:0

Instrumentation scope (Meter):
	Name: NatureProtector.Simulator.Host
Resource associated with Metric:
	service.name: NatureProtector.Simulator.Host
	service.instance.id: 6474e93b-2aec-4ad6-8689-3d912d9ea719
	telemetry.sdk.name: opentelemetry
	telemetry.sdk.language: dotnet
	telemetry.sdk.version: 1.10.0

Metric Name: dns.lookup.duration, Description: Measures the time taken to perform a DNS lookup., Unit: s
(2026-05-16T21:48:04.9943110Z, 2026-05-16T21:48:24.1003528Z] dns.question.name: localhost Histogram
Value: Sum: 0,0079844 Count: 2 Min: 0,0003981 Max: 0,0075863 
(-Infinity,0,005]:1
(0,005,0,01]:1
(0,01,0,025]:0
(0,025,0,05]:0
(0,05,0,075]:0
(0,075,0,1]:0
(0,1,0,25]:0
(0,25,0,5]:0
(0,5,0,75]:0
(0,75,1]:0
(1,2,5]:0
(2,5,5]:0
(5,7,5]:0
(7,5,10]:0
(10,+Infinity]:0

Instrumentation scope (Meter):
	Name: System.Net.NameResolution
Resource associated with Metric:
	service.name: NatureProtector.Simulator.Host
	service.instance.id: 6474e93b-2aec-4ad6-8689-3d912d9ea719
	telemetry.sdk.name: opentelemetry
	telemetry.sdk.language: dotnet
	telemetry.sdk.version: 1.10.0
Activity.TraceId:            98983099365c0d72f6d2ad45a0708a7e
Activity.SpanId:             ce6a407363a05347
Activity.TraceFlags:         Recorded
Activity.ParentSpanId:       e8724d943856c962
Activity.DisplayName:        natureprotector.simulator.cycle
Activity.Kind:               Internal
Activity.StartTime:          2026-05-16T21:48:20.8773143Z
Activity.Duration:           00:00:05.0278179
Activity.Tags:
    np.simulation_run_id: 6003e540-920f-49bf-a955-78cef436e9ee
    np.area_id: b3f4fb84-bf17-5522-a5f3-70fd1212f381
    np.scenario_id: 6034251c-b502-5f7b-a557-7187178cfb04
Instrumentation scope (ActivitySource):
    Name: NatureProtector.Simulator.Host
Resource associated with Activity:
    service.name: NatureProtector.Simulator.Host
    service.instance.id: 6474e93b-2aec-4ad6-8689-3d912d9ea719
    telemetry.sdk.name: opentelemetry
    telemetry.sdk.language: dotnet
    telemetry.sdk.version: 1.10.0

info: NatureProtector.Simulator.Host.Services.SimulationRunner[0]
      Starting simulation cycle 5/5 at logical time 09/13/2020 12:00:20 +02:00.
info: NatureProtector.Simulator.Host.Publishing.RabbitMqReadingPublisher[0]
      Published SensorReadingProduced to RabbitMQ | EventId=e64adbb7-1984-4997-a078-e72b76c624c8 | CorrelationId=6003e540920f49bfa95578cef436e9ee-0004-22702eee75aa3cf431abb689bfb9a8bc | SensorId=22702eee-75aa-3cf4-31ab-b689bfb9a8bc | SensorName=pilot-humidity-0001 | Value=20.496012966119295
Activity.TraceId:            98983099365c0d72f6d2ad45a0708a7e
Activity.SpanId:             7efd25a5a26704ef
Activity.TraceFlags:         Recorded
Activity.ParentSpanId:       44678dc0a12074ee
Activity.DisplayName:        natureprotector.simulator.publish
Activity.Kind:               Internal
Activity.StartTime:          2026-05-16T21:48:25.9079230Z
Activity.Duration:           00:00:00.0000963
Activity.Tags:
    np.event_id: e64adbb7-1984-4997-a078-e72b76c624c8
    np.correlation_id: 6003e540920f49bfa95578cef436e9ee-0004-22702eee75aa3cf431abb689bfb9a8bc
    np.area_id: b3f4fb84-bf17-5522-a5f3-70fd1212f381
    np.simulation_run_id: 6003e540-920f-49bf-a955-78cef436e9ee
    np.sensor_id: 22702eee-75aa-3cf4-31ab-b689bfb9a8bc
    np.sensor_name: pilot-humidity-0001
    np.metric_type: Humidity
Instrumentation scope (ActivitySource):
    Name: NatureProtector.Simulator.Host
Resource associated with Activity:
    service.name: NatureProtector.Simulator.Host
    service.instance.id: 6474e93b-2aec-4ad6-8689-3d912d9ea719
    telemetry.sdk.name: opentelemetry
    telemetry.sdk.language: dotnet
    telemetry.sdk.version: 1.10.0

info: NatureProtector.Simulator.Host.Publishing.RabbitMqReadingPublisher[0]
      Published SensorReadingProduced to RabbitMQ | EventId=b1bf7dbc-2e3d-42f7-abd5-e0744240b0fd | CorrelationId=6003e540920f49bfa95578cef436e9ee-0004-2f494582407786f29707780861949155 | SensorId=2f494582-4077-86f2-9707-780861949155 | SensorName=pilot-humidity-0230 | Value=21.38652208821274
Activity.TraceId:            98983099365c0d72f6d2ad45a0708a7e
Activity.SpanId:             0d220b6a2967a016
Activity.TraceFlags:         Recorded
Activity.ParentSpanId:       44678dc0a12074ee
Activity.DisplayName:        natureprotector.simulator.publish
Activity.Kind:               Internal
Activity.StartTime:          2026-05-16T21:48:25.9107287Z
Activity.Duration:           00:00:00.0000811
Activity.Tags:
    np.event_id: b1bf7dbc-2e3d-42f7-abd5-e0744240b0fd
    np.correlation_id: 6003e540920f49bfa95578cef436e9ee-0004-2f494582407786f29707780861949155
    np.area_id: b3f4fb84-bf17-5522-a5f3-70fd1212f381
    np.simulation_run_id: 6003e540-920f-49bf-a955-78cef436e9ee
    np.sensor_id: 2f494582-4077-86f2-9707-780861949155
    np.sensor_name: pilot-humidity-0230
    np.metric_type: Humidity
Instrumentation scope (ActivitySource):
    Name: NatureProtector.Simulator.Host
Resource associated with Activity:
    service.name: NatureProtector.Simulator.Host
    service.instance.id: 6474e93b-2aec-4ad6-8689-3d912d9ea719
    telemetry.sdk.name: opentelemetry
    telemetry.sdk.language: dotnet
    telemetry.sdk.version: 1.10.0

info: NatureProtector.Simulator.Host.Publishing.RabbitMqReadingPublisher[0]
      Published SensorReadingProduced to RabbitMQ | EventId=a014b6e4-e03d-4a65-8a5b-84bb1c5fbe49 | CorrelationId=6003e540920f49bfa95578cef436e9ee-0004-27bf9aad094f7dc645b2129a8cc0522e | SensorId=27bf9aad-094f-7dc6-45b2-129a8cc0522e | SensorName=pilot-temperature-0001 | Value=32.41580185358954
Activity.TraceId:            98983099365c0d72f6d2ad45a0708a7e
Activity.SpanId:             be0eced2c054bcc4
Activity.TraceFlags:         Recorded
Activity.ParentSpanId:       44678dc0a12074ee
Activity.DisplayName:        natureprotector.simulator.publish
Activity.Kind:               Internal
Activity.StartTime:          2026-05-16T21:48:25.9135845Z
Activity.Duration:           00:00:00.0000834
Activity.Tags:
    np.event_id: a014b6e4-e03d-4a65-8a5b-84bb1c5fbe49
    np.correlation_id: 6003e540920f49bfa95578cef436e9ee-0004-27bf9aad094f7dc645b2129a8cc0522e
    np.area_id: b3f4fb84-bf17-5522-a5f3-70fd1212f381
    np.simulation_run_id: 6003e540-920f-49bf-a955-78cef436e9ee
    np.sensor_id: 27bf9aad-094f-7dc6-45b2-129a8cc0522e
    np.sensor_name: pilot-temperature-0001
    np.metric_type: Temperature
Instrumentation scope (ActivitySource):
    Name: NatureProtector.Simulator.Host
Resource associated with Activity:
    service.name: NatureProtector.Simulator.Host
    service.instance.id: 6474e93b-2aec-4ad6-8689-3d912d9ea719
    telemetry.sdk.name: opentelemetry
    telemetry.sdk.language: dotnet
    telemetry.sdk.version: 1.10.0

info: NatureProtector.Simulator.Host.Publishing.RabbitMqReadingPublisher[0]
      Published SensorReadingProduced to RabbitMQ | EventId=8173677c-cd70-4fe1-8909-a6d7b32bd8ee | CorrelationId=6003e540920f49bfa95578cef436e9ee-0004-8e6a3d8a7e654fa58c51fa4597b203b8 | SensorId=8e6a3d8a-7e65-4fa5-8c51-fa4597b203b8 | SensorName=pilot-temperature-0230 | Value=32.119581397201586
Activity.TraceId:            98983099365c0d72f6d2ad45a0708a7e
Activity.SpanId:             795300b82148ae51
Activity.TraceFlags:         Recorded
Activity.ParentSpanId:       44678dc0a12074ee
Activity.DisplayName:        natureprotector.simulator.publish
Activity.Kind:               Internal
Activity.StartTime:          2026-05-16T21:48:25.9162964Z
Activity.Duration:           00:00:00.0000972
Activity.Tags:
    np.event_id: 8173677c-cd70-4fe1-8909-a6d7b32bd8ee
    np.correlation_id: 6003e540920f49bfa95578cef436e9ee-0004-8e6a3d8a7e654fa58c51fa4597b203b8
    np.area_id: b3f4fb84-bf17-5522-a5f3-70fd1212f381
    np.simulation_run_id: 6003e540-920f-49bf-a955-78cef436e9ee
    np.sensor_id: 8e6a3d8a-7e65-4fa5-8c51-fa4597b203b8
    np.sensor_name: pilot-temperature-0230
    np.metric_type: Temperature
Instrumentation scope (ActivitySource):
    Name: NatureProtector.Simulator.Host
Resource associated with Activity:
    service.name: NatureProtector.Simulator.Host
    service.instance.id: 6474e93b-2aec-4ad6-8689-3d912d9ea719
    telemetry.sdk.name: opentelemetry
    telemetry.sdk.language: dotnet
    telemetry.sdk.version: 1.10.0

info: NatureProtector.Simulator.Host.Publishing.RabbitMqReadingPublisher[0]
      Published SensorReadingProduced to RabbitMQ | EventId=c368c6f0-6b55-4988-89b6-01e3e83b8591 | CorrelationId=6003e540920f49bfa95578cef436e9ee-0004-e7660606cadd4212e67b574c09ef789a | SensorId=e7660606-cadd-4212-e67b-574c09ef789a | SensorName=pilot-wind-0001 | Value=5.65633091766169
Activity.TraceId:            98983099365c0d72f6d2ad45a0708a7e
Activity.SpanId:             cb2ecc3c63411fd9
Activity.TraceFlags:         Recorded
Activity.ParentSpanId:       44678dc0a12074ee
Activity.DisplayName:        natureprotector.simulator.publish
Activity.Kind:               Internal
Activity.StartTime:          2026-05-16T21:48:25.9189770Z
Activity.Duration:           00:00:00.0000736
Activity.Tags:
    np.event_id: c368c6f0-6b55-4988-89b6-01e3e83b8591
    np.correlation_id: 6003e540920f49bfa95578cef436e9ee-0004-e7660606cadd4212e67b574c09ef789a
    np.area_id: b3f4fb84-bf17-5522-a5f3-70fd1212f381
    np.simulation_run_id: 6003e540-920f-49bf-a955-78cef436e9ee
    np.sensor_id: e7660606-cadd-4212-e67b-574c09ef789a
    np.sensor_name: pilot-wind-0001
    np.metric_type: WindSpeed
Instrumentation scope (ActivitySource):
    Name: NatureProtector.Simulator.Host
Resource associated with Activity:
    service.name: NatureProtector.Simulator.Host
    service.instance.id: 6474e93b-2aec-4ad6-8689-3d912d9ea719
    telemetry.sdk.name: opentelemetry
    telemetry.sdk.language: dotnet
    telemetry.sdk.version: 1.10.0

info: NatureProtector.Simulator.Host.Publishing.RabbitMqReadingPublisher[0]
      Published SensorReadingProduced to RabbitMQ | EventId=7bab40eb-1f14-4e9a-adef-1fb6394d6932 | CorrelationId=6003e540920f49bfa95578cef436e9ee-0004-17badc17792017acc213db1c12bedfb2 | SensorId=17badc17-7920-17ac-c213-db1c12bedfb2 | SensorName=pilot-wind-0230 | Value=5.787886884569596
Activity.TraceId:            98983099365c0d72f6d2ad45a0708a7e
Activity.SpanId:             e5677883352d8c14
Activity.TraceFlags:         Recorded
Activity.ParentSpanId:       44678dc0a12074ee
Activity.DisplayName:        natureprotector.simulator.publish
Activity.Kind:               Internal
Activity.StartTime:          2026-05-16T21:48:25.9217317Z
Activity.Duration:           00:00:00.0000671
Activity.Tags:
    np.event_id: 7bab40eb-1f14-4e9a-adef-1fb6394d6932
    np.correlation_id: 6003e540920f49bfa95578cef436e9ee-0004-17badc17792017acc213db1c12bedfb2
    np.area_id: b3f4fb84-bf17-5522-a5f3-70fd1212f381
    np.simulation_run_id: 6003e540-920f-49bf-a955-78cef436e9ee
    np.sensor_id: 17badc17-7920-17ac-c213-db1c12bedfb2
    np.sensor_name: pilot-wind-0230
    np.metric_type: WindSpeed
Instrumentation scope (ActivitySource):
    Name: NatureProtector.Simulator.Host
Resource associated with Activity:
    service.name: NatureProtector.Simulator.Host
    service.instance.id: 6474e93b-2aec-4ad6-8689-3d912d9ea719
    telemetry.sdk.name: opentelemetry
    telemetry.sdk.language: dotnet
    telemetry.sdk.version: 1.10.0

Activity.TraceId:            98983099365c0d72f6d2ad45a0708a7e
Activity.SpanId:             44678dc0a12074ee
Activity.TraceFlags:         Recorded
Activity.ParentSpanId:       e8724d943856c962
Activity.DisplayName:        natureprotector.simulator.cycle
Activity.Kind:               Internal
Activity.StartTime:          2026-05-16T21:48:25.9078326Z
Activity.Duration:           00:00:00.0166807
Activity.Tags:
    np.simulation_run_id: 6003e540-920f-49bf-a955-78cef436e9ee
    np.area_id: b3f4fb84-bf17-5522-a5f3-70fd1212f381
    np.scenario_id: 6034251c-b502-5f7b-a557-7187178cfb04
Instrumentation scope (ActivitySource):
    Name: NatureProtector.Simulator.Host
Resource associated with Activity:
    service.name: NatureProtector.Simulator.Host
    service.instance.id: 6474e93b-2aec-4ad6-8689-3d912d9ea719
    telemetry.sdk.name: opentelemetry
    telemetry.sdk.language: dotnet
    telemetry.sdk.version: 1.10.0

info: Microsoft.EntityFrameworkCore.Database.Command[20101]
      Executed DbCommand (1ms) [Parameters=[@__run_Id_0='?' (DbType = Guid)], CommandType='Text', CommandTimeout='30']
      SELECT s."Id", s."AreaId", s."ConfigurationVersionId", s."CreatedAt", s."EndedAt", s."ExecutionSeed", s."IntervalSeconds", s."LogicalStartTimestamp", s."MetadataJson", s."NumberOfCycles", s."ScenarioCode", s."ScenarioId", s."ScenarioName", s."StartedAt", s."Status"
      FROM control.simulation_runs AS s
      WHERE s."Id" = @__run_Id_0
      LIMIT 2
info: Microsoft.EntityFrameworkCore.Database.Command[20101]
      Executed DbCommand (2ms) [Parameters=[@p3='?' (DbType = Guid), @p0='?' (DbType = DateTime), @p1='?' (DbType = DateTime), @p2='?' (DbType = Int32)], CommandType='Text', CommandTimeout='30']
      UPDATE control.simulation_runs SET "EndedAt" = @p0, "StartedAt" = @p1, "Status" = @p2
      WHERE "Id" = @p3;
info: NatureProtector.Simulator.Host.Services.SimulationRunner[0]
      Simulation completed successfully | SimulationRunId=6003e540-920f-49bf-a955-78cef436e9ee | CompletedAt=05/16/2026 21:48:25 +00:00 | LogicalCompletedAt=09/13/2020 12:00:25 +02:00.
Activity.TraceId:            98983099365c0d72f6d2ad45a0708a7e
Activity.SpanId:             e8724d943856c962
Activity.TraceFlags:         Recorded
Activity.DisplayName:        natureprotector.simulator.run
Activity.Kind:               Internal
Activity.StartTime:          2026-05-16T21:48:04.1222425Z
Activity.Duration:           00:00:21.8118347
Activity.Tags:
    np.area_id: b3f4fb84-bf17-5522-a5f3-70fd1212f381
    np.scenario_id: 6034251c-b502-5f7b-a557-7187178cfb04
    np.scenario_code: scenario_b
    np.simulation_run_id: 6003e540-920f-49bf-a955-78cef436e9ee
    np.outcome: completed
Instrumentation scope (ActivitySource):
    Name: NatureProtector.Simulator.Host
Resource associated with Activity:
    service.name: NatureProtector.Simulator.Host
    service.instance.id: 6474e93b-2aec-4ad6-8689-3d912d9ea719
    telemetry.sdk.name: opentelemetry
    telemetry.sdk.language: dotnet
    telemetry.sdk.version: 1.10.0



=== STDERR ===
