=== STDOUT ===
Using launch settings from src\NatureProtector.Simulator.Host\Properties\launchSettings.json...
Building...
C:\Users\Miguel\UNI\6sem\PS\IMP\A\NatureProtector\src\NatureProtector.Shared\NatureProtector.Shared.csproj : warning NU1902: Package 'OpenTelemetry.Exporter.OpenTelemetryProtocol' 1.10.0 has a known moderate severity vulnerability, https://github.com/advisories/GHSA-4625-4j76-fww9 [C:\Users\Miguel\UNI\6sem\PS\IMP\A\NatureProtector\src\NatureProtector.Simulator.Host\NatureProtector.Simulator.Host.csproj]
C:\Users\Miguel\UNI\6sem\PS\IMP\A\NatureProtector\src\NatureProtector.Shared\NatureProtector.Shared.csproj : warning NU1902: Package 'OpenTelemetry.Exporter.OpenTelemetryProtocol' 1.10.0 has a known moderate severity vulnerability, https://github.com/advisories/GHSA-4625-4j76-fww9
info: NatureProtector.Simulator.Host.Services.SimulationRunner[0]
      Simulation runner starting at 05/15/2026 19:47:51 +00:00.
info: Microsoft.Hosting.Lifetime[0]
      Application started. Press Ctrl+C to shut down.
info: Microsoft.Hosting.Lifetime[0]
      Hosting environment: Development
info: Microsoft.Hosting.Lifetime[0]
      Content root path: C:\Users\Miguel\UNI\6sem\PS\IMP\A\NatureProtector\src\NatureProtector.Simulator.Host
info: Microsoft.EntityFrameworkCore.Database.Command[20101]
      Executed DbCommand (30ms) [Parameters=[@___options_AreaId_0='?' (DbType = Guid)], CommandType='Text', CommandTimeout='30']
      SELECT a."Id", a."Code", a."ConfigurationVersionId", a."CountryCode", a."GeometryGeoJson", a."MetadataJson", a."Name"
      FROM control.areas AS a
      WHERE a."Id" = @___options_AreaId_0
      LIMIT 2
info: Microsoft.EntityFrameworkCore.Database.Command[20101]
      Executed DbCommand (6ms) [Parameters=[@___options_ControlPlaneAreaCode_0='?'], CommandType='Text', CommandTimeout='30']
      SELECT a."Id", a."Code", a."ConfigurationVersionId", a."CountryCode", a."GeometryGeoJson", a."MetadataJson", a."Name"
      FROM control.areas AS a
      WHERE a."Code" = @___options_ControlPlaneAreaCode_0
      LIMIT 2
info: Microsoft.EntityFrameworkCore.Database.Command[20101]
      Executed DbCommand (1ms) [Parameters=[@__areaId_0='?' (DbType = Guid), @___options_ScenarioId_1='?' (DbType = Guid)], CommandType='Text', CommandTimeout='30']
      SELECT s."Id", s."AreaId", s."BaseScenarioId", s."Code", s."ConfigurationVersionId", s."Description", s."Name", s."ParametersJson", s."ScenarioKind"
      FROM control.scenario_definitions AS s
      WHERE s."AreaId" = @__areaId_0 AND s."Id" = @___options_ScenarioId_1
      LIMIT 2
info: Microsoft.EntityFrameworkCore.Database.Command[20101]
      Executed DbCommand (1ms) [Parameters=[@__areaId_0='?' (DbType = Guid), @___options_ControlPlaneScenarioCode_1='?'], CommandType='Text', CommandTimeout='30']
      SELECT s."Id", s."AreaId", s."BaseScenarioId", s."Code", s."ConfigurationVersionId", s."Description", s."Name", s."ParametersJson", s."ScenarioKind"
      FROM control.scenario_definitions AS s
      WHERE s."AreaId" = @__areaId_0 AND s."Code" = @___options_ControlPlaneScenarioCode_1
      LIMIT 2
info: Microsoft.EntityFrameworkCore.Database.Command[20101]
      Executed DbCommand (2ms) [Parameters=[@__area_Id_0='?' (DbType = Guid)], CommandType='Text', CommandTimeout='30']
      SELECT s."Id", s."AltitudeMeters", s."AreaId", s."ConfigurationVersionId", s."GridCellId", s."InstallationProfile", s."IsActive", s."Latitude", s."Longitude", s."Name", s."NetworkId", s."ProfileId", s."Type", s0."Id", s0."AccuracyProfileJson", s0."ConfigurationVersionId", s0."FaultProfileJson", s0."Name", s0."NoiseProfileJson", s0."PublicationPolicyJson", s0."SensorFamily"
      FROM control.sensor_nodes AS s
      INNER JOIN control.sensor_profiles AS s0 ON s."ProfileId" = s0."Id"
      WHERE s."AreaId" = @__area_Id_0 AND s."IsActive"
      ORDER BY s."Name"
Activity.TraceId:            f7dab5b5732bc4e34b0656dcb95819dd
Activity.SpanId:             cda9ec7308f2f84c
Activity.TraceFlags:         Recorded
Activity.ParentSpanId:       6ff7ff619cef8ff7
Activity.DisplayName:        natureprotector.simulator.context.create_from_postgres
Activity.Kind:               Internal
Activity.StartTime:          2026-05-15T19:47:51.8773602Z
Activity.Duration:           00:00:01.0759204
Activity.Tags:
    np.area_id: b3f4fb84-bf17-5522-a5f3-70fd1212f381
    np.scenario_id: 6034251c-b502-5f7b-a557-7187178cfb04
    np.scenario_code: scenario_b
    np.configuration_version: c03be3d5-1f70-15cb-2fc0-3c86a204a644
    np.outcome: completed
Instrumentation scope (ActivitySource):
    Name: NatureProtector.Simulator.Host
Resource associated with Activity:
    service.name: NatureProtector.Simulator.Host
    service.instance.id: c2f8297e-a893-491c-8415-d33e5ab48cbb
    telemetry.sdk.name: opentelemetry
    telemetry.sdk.language: dotnet
    telemetry.sdk.version: 1.10.0

info: NatureProtector.Simulator.Host.Services.SimulationRunner[0]
      Simulation context created | AreaId=b3f4fb84-bf17-5522-a5f3-70fd1212f381 | ScenarioId=6034251c-b502-5f7b-a557-7187178cfb04 | ScenarioName=Scenario B - High Risk Proenca-a-Nova | Seed=12345 | Cycles=5 | Interval=5s
info: Microsoft.EntityFrameworkCore.Database.Command[20101]
      Executed DbCommand (2ms) [Parameters=[@__run_Id_0='?' (DbType = Guid)], CommandType='Text', CommandTimeout='30']
      SELECT s."Id", s."AreaId", s."ConfigurationVersionId", s."CreatedAt", s."EndedAt", s."ExecutionSeed", s."IntervalSeconds", s."LogicalStartTimestamp", s."MetadataJson", s."NumberOfCycles", s."ScenarioCode", s."ScenarioId", s."ScenarioName", s."StartedAt", s."Status"
      FROM control.simulation_runs AS s
      WHERE s."Id" = @__run_Id_0
      LIMIT 2
info: Microsoft.EntityFrameworkCore.Database.Command[20101]
      Executed DbCommand (6ms) [Parameters=[@p0='?' (DbType = Guid), @p1='?' (DbType = Guid), @p2='?' (DbType = Guid), @p3='?' (DbType = DateTime), @p4='?' (DbType = DateTime), @p5='?' (DbType = Int32), @p6='?' (DbType = Int32), @p7='?' (DbType = DateTime), @p8='?', @p9='?' (DbType = Int32), @p10='?', @p11='?' (DbType = Guid), @p12='?', @p13='?' (DbType = DateTime), @p14='?' (DbType = Int32)], CommandType='Text', CommandTimeout='30']
      INSERT INTO control.simulation_runs ("Id", "AreaId", "ConfigurationVersionId", "CreatedAt", "EndedAt", "ExecutionSeed", "IntervalSeconds", "LogicalStartTimestamp", "MetadataJson", "NumberOfCycles", "ScenarioCode", "ScenarioId", "ScenarioName", "StartedAt", "Status")
      VALUES (@p0, @p1, @p2, @p3, @p4, @p5, @p6, @p7, @p8, @p9, @p10, @p11, @p12, @p13, @p14);
info: Microsoft.EntityFrameworkCore.Database.Command[20101]
      Executed DbCommand (2ms) [Parameters=[@__run_Id_0='?' (DbType = Guid)], CommandType='Text', CommandTimeout='30']
      SELECT s."Id", s."AreaId", s."ConfigurationVersionId", s."CreatedAt", s."EndedAt", s."ExecutionSeed", s."IntervalSeconds", s."LogicalStartTimestamp", s."MetadataJson", s."NumberOfCycles", s."ScenarioCode", s."ScenarioId", s."ScenarioName", s."StartedAt", s."Status"
      FROM control.simulation_runs AS s
      WHERE s."Id" = @__run_Id_0
      LIMIT 2
info: Microsoft.EntityFrameworkCore.Database.Command[20101]
      Executed DbCommand (3ms) [Parameters=[@p2='?' (DbType = Guid), @p0='?' (DbType = DateTime), @p1='?' (DbType = Int32)], CommandType='Text', CommandTimeout='30']
      UPDATE control.simulation_runs SET "StartedAt" = @p0, "Status" = @p1
      WHERE "Id" = @p2;
info: NatureProtector.Simulator.Host.Services.SimulationRunner[0]
      Simulation run started | SimulationRunId=c8a664e0-8145-40f9-bb00-aaf5a51ebec0 | StartedAt=05/15/2026 19:47:53 +00:00 | LogicalStartTimestamp=09/13/2020 12:00:00 +02:00
info: NatureProtector.Simulator.Host.Services.SimulationRunner[0]
      Starting simulation cycle 1/5 at logical time 09/13/2020 12:00:00 +02:00.
info: NatureProtector.Simulator.Host.Publishing.RabbitMqReadingPublisher[0]
      RabbitMQ publisher connected | Host=localhost | Port=5672 | Exchange=np.events
info: NatureProtector.Simulator.Host.Publishing.RabbitMqReadingPublisher[0]
      Published SensorReadingProduced to RabbitMQ | EventId=f0911e47-4318-4b5e-806b-8b0784d00190 | CorrelationId=c8a664e0814540f9bb00aaf5a51ebec0-0000-22702eee75aa3cf431abb689bfb9a8bc | SensorId=22702eee-75aa-3cf4-31ab-b689bfb9a8bc | SensorName=pilot-humidity-0001 | Value=24.183303066870806
Activity.TraceId:            f7dab5b5732bc4e34b0656dcb95819dd
Activity.SpanId:             14e127c429329f72
Activity.TraceFlags:         Recorded
Activity.ParentSpanId:       b0f0e51d673ae6a8
Activity.DisplayName:        natureprotector.simulator.publish
Activity.Kind:               Internal
Activity.StartTime:          2026-05-15T19:47:53.1563552Z
Activity.Duration:           00:00:00.1151476
Activity.Tags:
    np.event_id: f0911e47-4318-4b5e-806b-8b0784d00190
    np.correlation_id: c8a664e0814540f9bb00aaf5a51ebec0-0000-22702eee75aa3cf431abb689bfb9a8bc
    np.area_id: b3f4fb84-bf17-5522-a5f3-70fd1212f381
    np.simulation_run_id: c8a664e0-8145-40f9-bb00-aaf5a51ebec0
    np.sensor_id: 22702eee-75aa-3cf4-31ab-b689bfb9a8bc
    np.sensor_name: pilot-humidity-0001
    np.metric_type: Humidity
Instrumentation scope (ActivitySource):
    Name: NatureProtector.Simulator.Host
Resource associated with Activity:
    service.name: NatureProtector.Simulator.Host
    service.instance.id: c2f8297e-a893-491c-8415-d33e5ab48cbb
    telemetry.sdk.name: opentelemetry
    telemetry.sdk.language: dotnet
    telemetry.sdk.version: 1.10.0

info: NatureProtector.Simulator.Host.Publishing.RabbitMqReadingPublisher[0]
      Published SensorReadingProduced to RabbitMQ | EventId=a5e604b8-6ff6-4e67-a37c-fd4b8963ce0f | CorrelationId=c8a664e0814540f9bb00aaf5a51ebec0-0000-2f494582407786f29707780861949155 | SensorId=2f494582-4077-86f2-9707-780861949155 | SensorName=pilot-humidity-0230 | Value=25.02116461064255
Activity.TraceId:            f7dab5b5732bc4e34b0656dcb95819dd
Activity.SpanId:             fb26e5d857e4ff48
Activity.TraceFlags:         Recorded
Activity.ParentSpanId:       b0f0e51d673ae6a8
Activity.DisplayName:        natureprotector.simulator.publish
Activity.Kind:               Internal
Activity.StartTime:          2026-05-15T19:47:53.2751170Z
Activity.Duration:           00:00:00.0003564
Activity.Tags:
    np.event_id: a5e604b8-6ff6-4e67-a37c-fd4b8963ce0f
    np.correlation_id: c8a664e0814540f9bb00aaf5a51ebec0-0000-2f494582407786f29707780861949155
    np.area_id: b3f4fb84-bf17-5522-a5f3-70fd1212f381
    np.simulation_run_id: c8a664e0-8145-40f9-bb00-aaf5a51ebec0
    np.sensor_id: 2f494582-4077-86f2-9707-780861949155
    np.sensor_name: pilot-humidity-0230
    np.metric_type: Humidity
Instrumentation scope (ActivitySource):
    Name: NatureProtector.Simulator.Host
Resource associated with Activity:
    service.name: NatureProtector.Simulator.Host
    service.instance.id: c2f8297e-a893-491c-8415-d33e5ab48cbb
    telemetry.sdk.name: opentelemetry
    telemetry.sdk.language: dotnet
    telemetry.sdk.version: 1.10.0

info: NatureProtector.Simulator.Host.Publishing.RabbitMqReadingPublisher[0]
      Published SensorReadingProduced to RabbitMQ | EventId=cd14cd54-8697-4ea2-a08f-931af891b9d3 | CorrelationId=c8a664e0814540f9bb00aaf5a51ebec0-0000-27bf9aad094f7dc645b2129a8cc0522e | SensorId=27bf9aad-094f-7dc6-45b2-129a8cc0522e | SensorName=pilot-temperature-0001 | Value=31.235661969536757
Activity.TraceId:            f7dab5b5732bc4e34b0656dcb95819dd
Activity.SpanId:             17208a64016f0959
Activity.TraceFlags:         Recorded
Activity.ParentSpanId:       b0f0e51d673ae6a8
Activity.DisplayName:        natureprotector.simulator.publish
Activity.Kind:               Internal
Activity.StartTime:          2026-05-15T19:47:53.2794791Z
Activity.Duration:           00:00:00.0002043
Activity.Tags:
    np.event_id: cd14cd54-8697-4ea2-a08f-931af891b9d3
    np.correlation_id: c8a664e0814540f9bb00aaf5a51ebec0-0000-27bf9aad094f7dc645b2129a8cc0522e
    np.area_id: b3f4fb84-bf17-5522-a5f3-70fd1212f381
    np.simulation_run_id: c8a664e0-8145-40f9-bb00-aaf5a51ebec0
    np.sensor_id: 27bf9aad-094f-7dc6-45b2-129a8cc0522e
    np.sensor_name: pilot-temperature-0001
    np.metric_type: Temperature
Instrumentation scope (ActivitySource):
    Name: NatureProtector.Simulator.Host
Resource associated with Activity:
    service.name: NatureProtector.Simulator.Host
    service.instance.id: c2f8297e-a893-491c-8415-d33e5ab48cbb
    telemetry.sdk.name: opentelemetry
    telemetry.sdk.language: dotnet
    telemetry.sdk.version: 1.10.0

info: NatureProtector.Simulator.Host.Publishing.RabbitMqReadingPublisher[0]
      Published SensorReadingProduced to RabbitMQ | EventId=1e738d30-dada-4710-ac19-9adf8ed1b0f8 | CorrelationId=c8a664e0814540f9bb00aaf5a51ebec0-0000-8e6a3d8a7e654fa58c51fa4597b203b8 | SensorId=8e6a3d8a-7e65-4fa5-8c51-fa4597b203b8 | SensorName=pilot-temperature-0230 | Value=31.17001404891257
Activity.TraceId:            f7dab5b5732bc4e34b0656dcb95819dd
Activity.SpanId:             f862d83e2dea69f5
Activity.TraceFlags:         Recorded
Activity.ParentSpanId:       b0f0e51d673ae6a8
Activity.DisplayName:        natureprotector.simulator.publish
Activity.Kind:               Internal
Activity.StartTime:          2026-05-15T19:47:53.2843183Z
Activity.Duration:           00:00:00.0001859
Activity.Tags:
    np.event_id: 1e738d30-dada-4710-ac19-9adf8ed1b0f8
    np.correlation_id: c8a664e0814540f9bb00aaf5a51ebec0-0000-8e6a3d8a7e654fa58c51fa4597b203b8
    np.area_id: b3f4fb84-bf17-5522-a5f3-70fd1212f381
    np.simulation_run_id: c8a664e0-8145-40f9-bb00-aaf5a51ebec0
    np.sensor_id: 8e6a3d8a-7e65-4fa5-8c51-fa4597b203b8
    np.sensor_name: pilot-temperature-0230
    np.metric_type: Temperature
Instrumentation scope (ActivitySource):
    Name: NatureProtector.Simulator.Host
Resource associated with Activity:
    service.name: NatureProtector.Simulator.Host
    service.instance.id: c2f8297e-a893-491c-8415-d33e5ab48cbb
    telemetry.sdk.name: opentelemetry
    telemetry.sdk.language: dotnet
    telemetry.sdk.version: 1.10.0

info: NatureProtector.Simulator.Host.Publishing.RabbitMqReadingPublisher[0]
      Published SensorReadingProduced to RabbitMQ | EventId=42e8aab3-3202-4b50-b7d4-ec5805bde294 | CorrelationId=c8a664e0814540f9bb00aaf5a51ebec0-0000-e7660606cadd4212e67b574c09ef789a | SensorId=e7660606-cadd-4212-e67b-574c09ef789a | SensorName=pilot-wind-0001 | Value=3.7836029106488462
Activity.TraceId:            f7dab5b5732bc4e34b0656dcb95819dd
Activity.SpanId:             1e128e2bdc171cc6
Activity.TraceFlags:         Recorded
Activity.ParentSpanId:       b0f0e51d673ae6a8
Activity.DisplayName:        natureprotector.simulator.publish
Activity.Kind:               Internal
Activity.StartTime:          2026-05-15T19:47:53.2883454Z
Activity.Duration:           00:00:00.0002343
Activity.Tags:
    np.event_id: 42e8aab3-3202-4b50-b7d4-ec5805bde294
    np.correlation_id: c8a664e0814540f9bb00aaf5a51ebec0-0000-e7660606cadd4212e67b574c09ef789a
    np.area_id: b3f4fb84-bf17-5522-a5f3-70fd1212f381
    np.simulation_run_id: c8a664e0-8145-40f9-bb00-aaf5a51ebec0
    np.sensor_id: e7660606-cadd-4212-e67b-574c09ef789a
    np.sensor_name: pilot-wind-0001
    np.metric_type: WindSpeed
Instrumentation scope (ActivitySource):
    Name: NatureProtector.Simulator.Host
Resource associated with Activity:
    service.name: NatureProtector.Simulator.Host
    service.instance.id: c2f8297e-a893-491c-8415-d33e5ab48cbb
    telemetry.sdk.name: opentelemetry
    telemetry.sdk.language: dotnet
    telemetry.sdk.version: 1.10.0

info: NatureProtector.Simulator.Host.Publishing.RabbitMqReadingPublisher[0]
      Published SensorReadingProduced to RabbitMQ | EventId=c75e5b6d-5dfd-444a-8b2a-c323a2723c54 | CorrelationId=c8a664e0814540f9bb00aaf5a51ebec0-0000-17badc17792017acc213db1c12bedfb2 | SensorId=17badc17-7920-17ac-c213-db1c12bedfb2 | SensorName=pilot-wind-0230 | Value=3.712284265957905
Activity.TraceId:            f7dab5b5732bc4e34b0656dcb95819dd
Activity.SpanId:             ba7f26aeb960a4ab
Activity.TraceFlags:         Recorded
Activity.ParentSpanId:       b0f0e51d673ae6a8
Activity.DisplayName:        natureprotector.simulator.publish
Activity.Kind:               Internal
Activity.StartTime:          2026-05-15T19:47:53.2935321Z
Activity.Duration:           00:00:00.0002089
Activity.Tags:
    np.event_id: c75e5b6d-5dfd-444a-8b2a-c323a2723c54
    np.correlation_id: c8a664e0814540f9bb00aaf5a51ebec0-0000-17badc17792017acc213db1c12bedfb2
    np.area_id: b3f4fb84-bf17-5522-a5f3-70fd1212f381
    np.simulation_run_id: c8a664e0-8145-40f9-bb00-aaf5a51ebec0
    np.sensor_id: 17badc17-7920-17ac-c213-db1c12bedfb2
    np.sensor_name: pilot-wind-0230
    np.metric_type: WindSpeed
Instrumentation scope (ActivitySource):
    Name: NatureProtector.Simulator.Host
Resource associated with Activity:
    service.name: NatureProtector.Simulator.Host
    service.instance.id: c2f8297e-a893-491c-8415-d33e5ab48cbb
    telemetry.sdk.name: opentelemetry
    telemetry.sdk.language: dotnet
    telemetry.sdk.version: 1.10.0

Activity.TraceId:            f7dab5b5732bc4e34b0656dcb95819dd
Activity.SpanId:             b0f0e51d673ae6a8
Activity.TraceFlags:         Recorded
Activity.ParentSpanId:       6ff7ff619cef8ff7
Activity.DisplayName:        natureprotector.simulator.cycle
Activity.Kind:               Internal
Activity.StartTime:          2026-05-15T19:47:53.1521446Z
Activity.Duration:           00:00:05.1471932
Activity.Tags:
    np.simulation_run_id: c8a664e0-8145-40f9-bb00-aaf5a51ebec0
    np.area_id: b3f4fb84-bf17-5522-a5f3-70fd1212f381
    np.scenario_id: 6034251c-b502-5f7b-a557-7187178cfb04
Instrumentation scope (ActivitySource):
    Name: NatureProtector.Simulator.Host
Resource associated with Activity:
    service.name: NatureProtector.Simulator.Host
    service.instance.id: c2f8297e-a893-491c-8415-d33e5ab48cbb
    telemetry.sdk.name: opentelemetry
    telemetry.sdk.language: dotnet
    telemetry.sdk.version: 1.10.0

info: NatureProtector.Simulator.Host.Services.SimulationRunner[0]
      Starting simulation cycle 2/5 at logical time 09/13/2020 12:00:05 +02:00.
info: NatureProtector.Simulator.Host.Publishing.RabbitMqReadingPublisher[0]
      Published SensorReadingProduced to RabbitMQ | EventId=871af69b-cf21-4a28-bdb5-3eaf4b73ce15 | CorrelationId=c8a664e0814540f9bb00aaf5a51ebec0-0001-22702eee75aa3cf431abb689bfb9a8bc | SensorId=22702eee-75aa-3cf4-31ab-b689bfb9a8bc | SensorName=pilot-humidity-0001 | Value=22.780761894123312
Activity.TraceId:            f7dab5b5732bc4e34b0656dcb95819dd
Activity.SpanId:             0683092787839f6c
Activity.TraceFlags:         Recorded
Activity.ParentSpanId:       06c4e4eb5b85e7b5
Activity.DisplayName:        natureprotector.simulator.publish
Activity.Kind:               Internal
Activity.StartTime:          2026-05-15T19:47:58.3031253Z
Activity.Duration:           00:00:00.0001549
Activity.Tags:
    np.event_id: 871af69b-cf21-4a28-bdb5-3eaf4b73ce15
    np.correlation_id: c8a664e0814540f9bb00aaf5a51ebec0-0001-22702eee75aa3cf431abb689bfb9a8bc
    np.area_id: b3f4fb84-bf17-5522-a5f3-70fd1212f381
    np.simulation_run_id: c8a664e0-8145-40f9-bb00-aaf5a51ebec0
    np.sensor_id: 22702eee-75aa-3cf4-31ab-b689bfb9a8bc
    np.sensor_name: pilot-humidity-0001
    np.metric_type: Humidity
Instrumentation scope (ActivitySource):
    Name: NatureProtector.Simulator.Host
Resource associated with Activity:
    service.name: NatureProtector.Simulator.Host
    service.instance.id: c2f8297e-a893-491c-8415-d33e5ab48cbb
    telemetry.sdk.name: opentelemetry
    telemetry.sdk.language: dotnet
    telemetry.sdk.version: 1.10.0

info: NatureProtector.Simulator.Host.Publishing.RabbitMqReadingPublisher[0]
      Published SensorReadingProduced to RabbitMQ | EventId=716d55ca-45cc-4caa-b6c0-c1f5c5cf9972 | CorrelationId=c8a664e0814540f9bb00aaf5a51ebec0-0001-2f494582407786f29707780861949155 | SensorId=2f494582-4077-86f2-9707-780861949155 | SensorName=pilot-humidity-0230 | Value=24.14880150658049
Activity.TraceId:            f7dab5b5732bc4e34b0656dcb95819dd
Activity.SpanId:             e593fa53f6312c63
Activity.TraceFlags:         Recorded
Activity.ParentSpanId:       06c4e4eb5b85e7b5
Activity.DisplayName:        natureprotector.simulator.publish
Activity.Kind:               Internal
Activity.StartTime:          2026-05-15T19:47:58.3061946Z
Activity.Duration:           00:00:00.0002034
Activity.Tags:
    np.event_id: 716d55ca-45cc-4caa-b6c0-c1f5c5cf9972
    np.correlation_id: c8a664e0814540f9bb00aaf5a51ebec0-0001-2f494582407786f29707780861949155
    np.area_id: b3f4fb84-bf17-5522-a5f3-70fd1212f381
    np.simulation_run_id: c8a664e0-8145-40f9-bb00-aaf5a51ebec0
    np.sensor_id: 2f494582-4077-86f2-9707-780861949155
    np.sensor_name: pilot-humidity-0230
    np.metric_type: Humidity
Instrumentation scope (ActivitySource):
    Name: NatureProtector.Simulator.Host
Resource associated with Activity:
    service.name: NatureProtector.Simulator.Host
    service.instance.id: c2f8297e-a893-491c-8415-d33e5ab48cbb
    telemetry.sdk.name: opentelemetry
    telemetry.sdk.language: dotnet
    telemetry.sdk.version: 1.10.0

info: NatureProtector.Simulator.Host.Publishing.RabbitMqReadingPublisher[0]
      Published SensorReadingProduced to RabbitMQ | EventId=3d95bf19-d2aa-4027-87f0-aef6633f0068 | CorrelationId=c8a664e0814540f9bb00aaf5a51ebec0-0001-27bf9aad094f7dc645b2129a8cc0522e | SensorId=27bf9aad-094f-7dc6-45b2-129a8cc0522e | SensorName=pilot-temperature-0001 | Value=31.769460532638128
Activity.TraceId:            f7dab5b5732bc4e34b0656dcb95819dd
Activity.SpanId:             675742d60ee8c58a
Activity.TraceFlags:         Recorded
Activity.ParentSpanId:       06c4e4eb5b85e7b5
Activity.DisplayName:        natureprotector.simulator.publish
Activity.Kind:               Internal
Activity.StartTime:          2026-05-15T19:47:58.3095435Z
Activity.Duration:           00:00:00.0001753
Activity.Tags:
    np.event_id: 3d95bf19-d2aa-4027-87f0-aef6633f0068
    np.correlation_id: c8a664e0814540f9bb00aaf5a51ebec0-0001-27bf9aad094f7dc645b2129a8cc0522e
    np.area_id: b3f4fb84-bf17-5522-a5f3-70fd1212f381
    np.simulation_run_id: c8a664e0-8145-40f9-bb00-aaf5a51ebec0
    np.sensor_id: 27bf9aad-094f-7dc6-45b2-129a8cc0522e
    np.sensor_name: pilot-temperature-0001
    np.metric_type: Temperature
Instrumentation scope (ActivitySource):
    Name: NatureProtector.Simulator.Host
Resource associated with Activity:
    service.name: NatureProtector.Simulator.Host
    service.instance.id: c2f8297e-a893-491c-8415-d33e5ab48cbb
    telemetry.sdk.name: opentelemetry
    telemetry.sdk.language: dotnet
    telemetry.sdk.version: 1.10.0

info: NatureProtector.Simulator.Host.Publishing.RabbitMqReadingPublisher[0]
      Published SensorReadingProduced to RabbitMQ | EventId=ed34f70c-5cd2-4e8a-bd65-0acbf3c0581b | CorrelationId=c8a664e0814540f9bb00aaf5a51ebec0-0001-8e6a3d8a7e654fa58c51fa4597b203b8 | SensorId=8e6a3d8a-7e65-4fa5-8c51-fa4597b203b8 | SensorName=pilot-temperature-0230 | Value=31.389174891133546
Activity.TraceId:            f7dab5b5732bc4e34b0656dcb95819dd
Activity.SpanId:             f670dfb78f3f49d0
Activity.TraceFlags:         Recorded
Activity.ParentSpanId:       06c4e4eb5b85e7b5
Activity.DisplayName:        natureprotector.simulator.publish
Activity.Kind:               Internal
Activity.StartTime:          2026-05-15T19:47:58.3138563Z
Activity.Duration:           00:00:00.0001927
Activity.Tags:
    np.event_id: ed34f70c-5cd2-4e8a-bd65-0acbf3c0581b
    np.correlation_id: c8a664e0814540f9bb00aaf5a51ebec0-0001-8e6a3d8a7e654fa58c51fa4597b203b8
    np.area_id: b3f4fb84-bf17-5522-a5f3-70fd1212f381
    np.simulation_run_id: c8a664e0-8145-40f9-bb00-aaf5a51ebec0
    np.sensor_id: 8e6a3d8a-7e65-4fa5-8c51-fa4597b203b8
    np.sensor_name: pilot-temperature-0230
    np.metric_type: Temperature
Instrumentation scope (ActivitySource):
    Name: NatureProtector.Simulator.Host
Resource associated with Activity:
    service.name: NatureProtector.Simulator.Host
    service.instance.id: c2f8297e-a893-491c-8415-d33e5ab48cbb
    telemetry.sdk.name: opentelemetry
    telemetry.sdk.language: dotnet
    telemetry.sdk.version: 1.10.0

info: NatureProtector.Simulator.Host.Publishing.RabbitMqReadingPublisher[0]
      Published SensorReadingProduced to RabbitMQ | EventId=d95a1641-6f03-46f3-8f94-d08aaa029aab | CorrelationId=c8a664e0814540f9bb00aaf5a51ebec0-0001-e7660606cadd4212e67b574c09ef789a | SensorId=e7660606-cadd-4212-e67b-574c09ef789a | SensorName=pilot-wind-0001 | Value=4.386700285182078
Activity.TraceId:            f7dab5b5732bc4e34b0656dcb95819dd
Activity.SpanId:             03b2ed648f1ae73b
Activity.TraceFlags:         Recorded
Activity.ParentSpanId:       06c4e4eb5b85e7b5
Activity.DisplayName:        natureprotector.simulator.publish
Activity.Kind:               Internal
Activity.StartTime:          2026-05-15T19:47:58.3199927Z
Activity.Duration:           00:00:00.0001919
Activity.Tags:
    np.event_id: d95a1641-6f03-46f3-8f94-d08aaa029aab
    np.correlation_id: c8a664e0814540f9bb00aaf5a51ebec0-0001-e7660606cadd4212e67b574c09ef789a
    np.area_id: b3f4fb84-bf17-5522-a5f3-70fd1212f381
    np.simulation_run_id: c8a664e0-8145-40f9-bb00-aaf5a51ebec0
    np.sensor_id: e7660606-cadd-4212-e67b-574c09ef789a
    np.sensor_name: pilot-wind-0001
    np.metric_type: WindSpeed
Instrumentation scope (ActivitySource):
    Name: NatureProtector.Simulator.Host
Resource associated with Activity:
    service.name: NatureProtector.Simulator.Host
    service.instance.id: c2f8297e-a893-491c-8415-d33e5ab48cbb
    telemetry.sdk.name: opentelemetry
    telemetry.sdk.language: dotnet
    telemetry.sdk.version: 1.10.0

info: NatureProtector.Simulator.Host.Publishing.RabbitMqReadingPublisher[0]
      Published SensorReadingProduced to RabbitMQ | EventId=08e4b383-2db3-4da0-a395-08dcef922764 | CorrelationId=c8a664e0814540f9bb00aaf5a51ebec0-0001-17badc17792017acc213db1c12bedfb2 | SensorId=17badc17-7920-17ac-c213-db1c12bedfb2 | SensorName=pilot-wind-0230 | Value=4.493453742941936
Activity.TraceId:            f7dab5b5732bc4e34b0656dcb95819dd
Activity.SpanId:             1d363cb90a646a83
Activity.TraceFlags:         Recorded
Activity.ParentSpanId:       06c4e4eb5b85e7b5
Activity.DisplayName:        natureprotector.simulator.publish
Activity.Kind:               Internal
Activity.StartTime:          2026-05-15T19:47:58.3232393Z
Activity.Duration:           00:00:00.0001826
Activity.Tags:
    np.event_id: 08e4b383-2db3-4da0-a395-08dcef922764
    np.correlation_id: c8a664e0814540f9bb00aaf5a51ebec0-0001-17badc17792017acc213db1c12bedfb2
    np.area_id: b3f4fb84-bf17-5522-a5f3-70fd1212f381
    np.simulation_run_id: c8a664e0-8145-40f9-bb00-aaf5a51ebec0
    np.sensor_id: 17badc17-7920-17ac-c213-db1c12bedfb2
    np.sensor_name: pilot-wind-0230
    np.metric_type: WindSpeed
Instrumentation scope (ActivitySource):
    Name: NatureProtector.Simulator.Host
Resource associated with Activity:
    service.name: NatureProtector.Simulator.Host
    service.instance.id: c2f8297e-a893-491c-8415-d33e5ab48cbb
    telemetry.sdk.name: opentelemetry
    telemetry.sdk.language: dotnet
    telemetry.sdk.version: 1.10.0


Metric Name: process.memory.usage, Description: The amount of physical memory in use., Unit: By
(2026-05-15T19:47:51.8479446Z, 2026-05-15T19:48:01.8613232Z] LongSumNonMonotonic
Value: 108953600
Instrumentation scope (Meter):
	Name: OpenTelemetry.Instrumentation.Process
	Version: 1.10.0-beta.1
Resource associated with Metric:
	service.name: NatureProtector.Simulator.Host
	service.instance.id: c2f8297e-a893-491c-8415-d33e5ab48cbb
	telemetry.sdk.name: opentelemetry
	telemetry.sdk.language: dotnet
	telemetry.sdk.version: 1.10.0

Metric Name: process.memory.virtual, Description: The amount of committed virtual memory., Unit: By
(2026-05-15T19:47:51.8489044Z, 2026-05-15T19:48:01.8613680Z] LongSumNonMonotonic
Value: 2481007869952
Instrumentation scope (Meter):
	Name: OpenTelemetry.Instrumentation.Process
	Version: 1.10.0-beta.1
Resource associated with Metric:
	service.name: NatureProtector.Simulator.Host
	service.instance.id: c2f8297e-a893-491c-8415-d33e5ab48cbb
	telemetry.sdk.name: opentelemetry
	telemetry.sdk.language: dotnet
	telemetry.sdk.version: 1.10.0

Metric Name: process.cpu.time, Description: Total CPU seconds broken down by different states., Unit: s
(2026-05-15T19:47:51.8490877Z, 2026-05-15T19:48:01.8613952Z] process.cpu.state: user DoubleSum
Value: 1.515625
Instrumentation scope (Meter):
	Name: OpenTelemetry.Instrumentation.Process
	Version: 1.10.0-beta.1
Resource associated with Metric:
	service.name: NatureProtector.Simulator.Host
	service.instance.id: c2f8297e-a893-491c-8415-d33e5ab48cbb
	telemetry.sdk.name: opentelemetry
	telemetry.sdk.language: dotnet
	telemetry.sdk.version: 1.10.0
(2026-05-15T19:47:51.8490877Z, 2026-05-15T19:48:01.8613952Z] process.cpu.state: system DoubleSum
Value: 0.171875
Instrumentation scope (Meter):
	Name: OpenTelemetry.Instrumentation.Process
	Version: 1.10.0-beta.1
Resource associated with Metric:
	service.name: NatureProtector.Simulator.Host
	service.instance.id: c2f8297e-a893-491c-8415-d33e5ab48cbb
	telemetry.sdk.name: opentelemetry
	telemetry.sdk.language: dotnet
	telemetry.sdk.version: 1.10.0

Metric Name: process.cpu.count, Description: The number of processors (CPU cores) available to the current process., Unit: {processors}
(2026-05-15T19:47:51.8491055Z, 2026-05-15T19:48:01.8613960Z] LongSumNonMonotonic
Value: 16
Instrumentation scope (Meter):
	Name: OpenTelemetry.Instrumentation.Process
	Version: 1.10.0-beta.1
Resource associated with Metric:
	service.name: NatureProtector.Simulator.Host
	service.instance.id: c2f8297e-a893-491c-8415-d33e5ab48cbb
	telemetry.sdk.name: opentelemetry
	telemetry.sdk.language: dotnet
	telemetry.sdk.version: 1.10.0

Metric Name: process.thread.count, Description: Process threads count., Unit: {thread}
(2026-05-15T19:47:51.8491189Z, 2026-05-15T19:48:01.8613965Z] LongSumNonMonotonic
Value: 23
Instrumentation scope (Meter):
	Name: OpenTelemetry.Instrumentation.Process
	Version: 1.10.0-beta.1
Resource associated with Metric:
	service.name: NatureProtector.Simulator.Host
	service.instance.id: c2f8297e-a893-491c-8415-d33e5ab48cbb
	telemetry.sdk.name: opentelemetry
	telemetry.sdk.language: dotnet
	telemetry.sdk.version: 1.10.0

Metric Name: dotnet.gc.collections, Description: The number of garbage collections that have occurred since the process has started., Unit: {collection}
(2026-05-15T19:47:51.8491273Z, 2026-05-15T19:48:01.8613977Z] gc.heap.generation: gen2 LongSum
Value: 1
Instrumentation scope (Meter):
	Name: System.Runtime
Resource associated with Metric:
	service.name: NatureProtector.Simulator.Host
	service.instance.id: c2f8297e-a893-491c-8415-d33e5ab48cbb
	telemetry.sdk.name: opentelemetry
	telemetry.sdk.language: dotnet
	telemetry.sdk.version: 1.10.0
(2026-05-15T19:47:51.8491273Z, 2026-05-15T19:48:01.8613977Z] gc.heap.generation: gen1 LongSum
Value: 1
Instrumentation scope (Meter):
	Name: System.Runtime
Resource associated with Metric:
	service.name: NatureProtector.Simulator.Host
	service.instance.id: c2f8297e-a893-491c-8415-d33e5ab48cbb
	telemetry.sdk.name: opentelemetry
	telemetry.sdk.language: dotnet
	telemetry.sdk.version: 1.10.0
(2026-05-15T19:47:51.8491273Z, 2026-05-15T19:48:01.8613977Z] gc.heap.generation: gen0 LongSum
Value: 2
Instrumentation scope (Meter):
	Name: System.Runtime
Resource associated with Metric:
	service.name: NatureProtector.Simulator.Host
	service.instance.id: c2f8297e-a893-491c-8415-d33e5ab48cbb
	telemetry.sdk.name: opentelemetry
	telemetry.sdk.language: dotnet
	telemetry.sdk.version: 1.10.0

Metric Name: dotnet.process.memory.working_set, Description: The number of bytes of physical memory mapped to the process context., Unit: By
(2026-05-15T19:47:51.8491348Z, 2026-05-15T19:48:01.8613982Z] LongSumNonMonotonic
Value: 108670976
Instrumentation scope (Meter):
	Name: System.Runtime
Resource associated with Metric:
	service.name: NatureProtector.Simulator.Host
	service.instance.id: c2f8297e-a893-491c-8415-d33e5ab48cbb
	telemetry.sdk.name: opentelemetry
	telemetry.sdk.language: dotnet
	telemetry.sdk.version: 1.10.0

Metric Name: dotnet.gc.heap.total_allocated, Description: The approximate number of bytes allocated on the managed GC heap since the process has started. The returned value does not include any native allocations., Unit: By
(2026-05-15T19:47:51.8497073Z, 2026-05-15T19:48:01.8613986Z] LongSum
Value: 38951960
Instrumentation scope (Meter):
	Name: System.Runtime
Resource associated with Metric:
	service.name: NatureProtector.Simulator.Host
	service.instance.id: c2f8297e-a893-491c-8415-d33e5ab48cbb
	telemetry.sdk.name: opentelemetry
	telemetry.sdk.language: dotnet
	telemetry.sdk.version: 1.10.0

Metric Name: dotnet.gc.last_collection.memory.committed_size, Description: The amount of committed virtual memory in use by the .NET GC, as observed during the latest garbage collection., Unit: By
(2026-05-15T19:47:51.8497164Z, 2026-05-15T19:48:01.8613990Z] LongSumNonMonotonic
Value: 20840448
Instrumentation scope (Meter):
	Name: System.Runtime
Resource associated with Metric:
	service.name: NatureProtector.Simulator.Host
	service.instance.id: c2f8297e-a893-491c-8415-d33e5ab48cbb
	telemetry.sdk.name: opentelemetry
	telemetry.sdk.language: dotnet
	telemetry.sdk.version: 1.10.0

Metric Name: dotnet.gc.last_collection.heap.size, Description: The managed GC heap size (including fragmentation), as observed during the latest garbage collection., Unit: By
(2026-05-15T19:47:51.8497237Z, 2026-05-15T19:48:01.8613996Z] gc.heap.generation: gen0 LongSumNonMonotonic
Value: 156040
Instrumentation scope (Meter):
	Name: System.Runtime
Resource associated with Metric:
	service.name: NatureProtector.Simulator.Host
	service.instance.id: c2f8297e-a893-491c-8415-d33e5ab48cbb
	telemetry.sdk.name: opentelemetry
	telemetry.sdk.language: dotnet
	telemetry.sdk.version: 1.10.0
(2026-05-15T19:47:51.8497237Z, 2026-05-15T19:48:01.8613996Z] gc.heap.generation: gen1 LongSumNonMonotonic
Value: 4144664
Instrumentation scope (Meter):
	Name: System.Runtime
Resource associated with Metric:
	service.name: NatureProtector.Simulator.Host
	service.instance.id: c2f8297e-a893-491c-8415-d33e5ab48cbb
	telemetry.sdk.name: opentelemetry
	telemetry.sdk.language: dotnet
	telemetry.sdk.version: 1.10.0
(2026-05-15T19:47:51.8497237Z, 2026-05-15T19:48:01.8613996Z] gc.heap.generation: gen2 LongSumNonMonotonic
Value: 915152
Instrumentation scope (Meter):
	Name: System.Runtime
Resource associated with Metric:
	service.name: NatureProtector.Simulator.Host
	service.instance.id: c2f8297e-a893-491c-8415-d33e5ab48cbb
	telemetry.sdk.name: opentelemetry
	telemetry.sdk.language: dotnet
	telemetry.sdk.version: 1.10.0
(2026-05-15T19:47:51.8497237Z, 2026-05-15T19:48:01.8613996Z] gc.heap.generation: loh LongSumNonMonotonic
Value: 6986640
Instrumentation scope (Meter):
	Name: System.Runtime
Resource associated with Metric:
	service.name: NatureProtector.Simulator.Host
	service.instance.id: c2f8297e-a893-491c-8415-d33e5ab48cbb
	telemetry.sdk.name: opentelemetry
	telemetry.sdk.language: dotnet
	telemetry.sdk.version: 1.10.0
(2026-05-15T19:47:51.8497237Z, 2026-05-15T19:48:01.8613996Z] gc.heap.generation: poh LongSumNonMonotonic
Value: 58240
Instrumentation scope (Meter):
	Name: System.Runtime
Resource associated with Metric:
	service.name: NatureProtector.Simulator.Host
	service.instance.id: c2f8297e-a893-491c-8415-d33e5ab48cbb
	telemetry.sdk.name: opentelemetry
	telemetry.sdk.language: dotnet
	telemetry.sdk.version: 1.10.0

Metric Name: dotnet.gc.last_collection.heap.fragmentation.size, Description: The heap fragmentation, as observed during the latest garbage collection., Unit: By
(2026-05-15T19:47:51.8497339Z, 2026-05-15T19:48:01.8614002Z] gc.heap.generation: gen0 LongSumNonMonotonic
Value: 147656
Instrumentation scope (Meter):
	Name: System.Runtime
Resource associated with Metric:
	service.name: NatureProtector.Simulator.Host
	service.instance.id: c2f8297e-a893-491c-8415-d33e5ab48cbb
	telemetry.sdk.name: opentelemetry
	telemetry.sdk.language: dotnet
	telemetry.sdk.version: 1.10.0
(2026-05-15T19:47:51.8497339Z, 2026-05-15T19:48:01.8614002Z] gc.heap.generation: gen1 LongSumNonMonotonic
Value: 68112
Instrumentation scope (Meter):
	Name: System.Runtime
Resource associated with Metric:
	service.name: NatureProtector.Simulator.Host
	service.instance.id: c2f8297e-a893-491c-8415-d33e5ab48cbb
	telemetry.sdk.name: opentelemetry
	telemetry.sdk.language: dotnet
	telemetry.sdk.version: 1.10.0
(2026-05-15T19:47:51.8497339Z, 2026-05-15T19:48:01.8614002Z] gc.heap.generation: gen2 LongSumNonMonotonic
Value: 0
Instrumentation scope (Meter):
	Name: System.Runtime
Resource associated with Metric:
	service.name: NatureProtector.Simulator.Host
	service.instance.id: c2f8297e-a893-491c-8415-d33e5ab48cbb
	telemetry.sdk.name: opentelemetry
	telemetry.sdk.language: dotnet
	telemetry.sdk.version: 1.10.0
(2026-05-15T19:47:51.8497339Z, 2026-05-15T19:48:01.8614002Z] gc.heap.generation: loh LongSumNonMonotonic
Value: 1120
Instrumentation scope (Meter):
	Name: System.Runtime
Resource associated with Metric:
	service.name: NatureProtector.Simulator.Host
	service.instance.id: c2f8297e-a893-491c-8415-d33e5ab48cbb
	telemetry.sdk.name: opentelemetry
	telemetry.sdk.language: dotnet
	telemetry.sdk.version: 1.10.0
(2026-05-15T19:47:51.8497339Z, 2026-05-15T19:48:01.8614002Z] gc.heap.generation: poh LongSumNonMonotonic
Value: 0
Instrumentation scope (Meter):
	Name: System.Runtime
Resource associated with Metric:
	service.name: NatureProtector.Simulator.Host
	service.instance.id: c2f8297e-a893-491c-8415-d33e5ab48cbb
	telemetry.sdk.name: opentelemetry
	telemetry.sdk.language: dotnet
	telemetry.sdk.version: 1.10.0

Metric Name: dotnet.gc.pause.time, Description: The total amount of time paused in GC since the process has started., Unit: s
(2026-05-15T19:47:51.8497421Z, 2026-05-15T19:48:01.8614006Z] DoubleSum
Value: 0.017602
Instrumentation scope (Meter):
	Name: System.Runtime
Resource associated with Metric:
	service.name: NatureProtector.Simulator.Host
	service.instance.id: c2f8297e-a893-491c-8415-d33e5ab48cbb
	telemetry.sdk.name: opentelemetry
	telemetry.sdk.language: dotnet
	telemetry.sdk.version: 1.10.0

Metric Name: dotnet.jit.compiled_il.size, Description: Count of bytes of intermediate language that have been compiled since the process has started., Unit: By
(2026-05-15T19:47:51.8497489Z, 2026-05-15T19:48:01.8614010Z] LongSum
Value: 1024296
Instrumentation scope (Meter):
	Name: System.Runtime
Resource associated with Metric:
	service.name: NatureProtector.Simulator.Host
	service.instance.id: c2f8297e-a893-491c-8415-d33e5ab48cbb
	telemetry.sdk.name: opentelemetry
	telemetry.sdk.language: dotnet
	telemetry.sdk.version: 1.10.0

Metric Name: dotnet.jit.compiled_methods, Description: The number of times the JIT compiler (re)compiled methods since the process has started., Unit: {method}
(2026-05-15T19:47:51.8497588Z, 2026-05-15T19:48:01.8614015Z] LongSum
Value: 13376
Instrumentation scope (Meter):
	Name: System.Runtime
Resource associated with Metric:
	service.name: NatureProtector.Simulator.Host
	service.instance.id: c2f8297e-a893-491c-8415-d33e5ab48cbb
	telemetry.sdk.name: opentelemetry
	telemetry.sdk.language: dotnet
	telemetry.sdk.version: 1.10.0

Metric Name: dotnet.jit.compilation.time, Description: The number of times the JIT compiler (re)compiled methods since the process has started., Unit: s
(2026-05-15T19:47:51.8497690Z, 2026-05-15T19:48:01.8614025Z] DoubleSum
Value: 1.1390281
Instrumentation scope (Meter):
	Name: System.Runtime
Resource associated with Metric:
	service.name: NatureProtector.Simulator.Host
	service.instance.id: c2f8297e-a893-491c-8415-d33e5ab48cbb
	telemetry.sdk.name: opentelemetry
	telemetry.sdk.language: dotnet
	telemetry.sdk.version: 1.10.0

Metric Name: dotnet.monitor.lock_contentions, Description: The number of times there was contention when trying to acquire a monitor lock since the process has started., Unit: {contention}
(2026-05-15T19:47:51.8497769Z, 2026-05-15T19:48:01.8614036Z] LongSum
Value: 14
Instrumentation scope (Meter):
	Name: System.Runtime
Resource associated with Metric:
	service.name: NatureProtector.Simulator.Host
	service.instance.id: c2f8297e-a893-491c-8415-d33e5ab48cbb
	telemetry.sdk.name: opentelemetry
	telemetry.sdk.language: dotnet
	telemetry.sdk.version: 1.10.0

Metric Name: dotnet.thread_pool.thread.count, Description: The number of thread pool threads that currently exist., Unit: {thread}
(2026-05-15T19:47:51.8497866Z, 2026-05-15T19:48:01.8614039Z] LongSum
Value: 3
Instrumentation scope (Meter):
	Name: System.Runtime
Resource associated with Metric:
	service.name: NatureProtector.Simulator.Host
	service.instance.id: c2f8297e-a893-491c-8415-d33e5ab48cbb
	telemetry.sdk.name: opentelemetry
	telemetry.sdk.language: dotnet
	telemetry.sdk.version: 1.10.0

Metric Name: dotnet.thread_pool.work_item.count, Description: The number of work items that the thread pool has completed since the process has started., Unit: {work_item}
(2026-05-15T19:47:51.8497935Z, 2026-05-15T19:48:01.8614043Z] LongSum
Value: 68
Instrumentation scope (Meter):
	Name: System.Runtime
Resource associated with Metric:
	service.name: NatureProtector.Simulator.Host
	service.instance.id: c2f8297e-a893-491c-8415-d33e5ab48cbb
	telemetry.sdk.name: opentelemetry
	telemetry.sdk.language: dotnet
	telemetry.sdk.version: 1.10.0

Metric Name: dotnet.thread_pool.queue.length, Description: The number of work items that are currently queued to be processed by the thread pool., Unit: {work_item}
(2026-05-15T19:47:51.8498023Z, 2026-05-15T19:48:01.8614047Z] LongSum
Value: 0
Instrumentation scope (Meter):
	Name: System.Runtime
Resource associated with Metric:
	service.name: NatureProtector.Simulator.Host
	service.instance.id: c2f8297e-a893-491c-8415-d33e5ab48cbb
	telemetry.sdk.name: opentelemetry
	telemetry.sdk.language: dotnet
	telemetry.sdk.version: 1.10.0

Metric Name: dotnet.timer.count, Description: The number of timer instances that are currently active. An active timer is registered to tick at some point in the future and has not yet been canceled., Unit: {timer}
(2026-05-15T19:47:51.8498160Z, 2026-05-15T19:48:01.8614055Z] LongSumNonMonotonic
Value: 6
Instrumentation scope (Meter):
	Name: System.Runtime
Resource associated with Metric:
	service.name: NatureProtector.Simulator.Host
	service.instance.id: c2f8297e-a893-491c-8415-d33e5ab48cbb
	telemetry.sdk.name: opentelemetry
	telemetry.sdk.language: dotnet
	telemetry.sdk.version: 1.10.0

Metric Name: dotnet.assembly.count, Description: The number of .NET assemblies that are currently loaded., Unit: {assembly}
(2026-05-15T19:47:51.8498242Z, 2026-05-15T19:48:01.8614058Z] LongSumNonMonotonic
Value: 105
Instrumentation scope (Meter):
	Name: System.Runtime
Resource associated with Metric:
	service.name: NatureProtector.Simulator.Host
	service.instance.id: c2f8297e-a893-491c-8415-d33e5ab48cbb
	telemetry.sdk.name: opentelemetry
	telemetry.sdk.language: dotnet
	telemetry.sdk.version: 1.10.0

Metric Name: dotnet.process.cpu.count, Description: The number of processors available to the process., Unit: {cpu}
(2026-05-15T19:47:51.8541883Z, 2026-05-15T19:48:01.8614065Z] LongSumNonMonotonic
Value: 16
Instrumentation scope (Meter):
	Name: System.Runtime
Resource associated with Metric:
	service.name: NatureProtector.Simulator.Host
	service.instance.id: c2f8297e-a893-491c-8415-d33e5ab48cbb
	telemetry.sdk.name: opentelemetry
	telemetry.sdk.language: dotnet
	telemetry.sdk.version: 1.10.0

Metric Name: dotnet.process.cpu.time, Description: CPU time used by the process., Unit: s
(2026-05-15T19:47:51.8542466Z, 2026-05-15T19:48:01.8614069Z] cpu.mode: user DoubleSum
Value: 1.515625
Instrumentation scope (Meter):
	Name: System.Runtime
Resource associated with Metric:
	service.name: NatureProtector.Simulator.Host
	service.instance.id: c2f8297e-a893-491c-8415-d33e5ab48cbb
	telemetry.sdk.name: opentelemetry
	telemetry.sdk.language: dotnet
	telemetry.sdk.version: 1.10.0
(2026-05-15T19:47:51.8542466Z, 2026-05-15T19:48:01.8614069Z] cpu.mode: system DoubleSum
Value: 0.171875
Instrumentation scope (Meter):
	Name: System.Runtime
Resource associated with Metric:
	service.name: NatureProtector.Simulator.Host
	service.instance.id: c2f8297e-a893-491c-8415-d33e5ab48cbb
	telemetry.sdk.name: opentelemetry
	telemetry.sdk.language: dotnet
	telemetry.sdk.version: 1.10.0

Metric Name: natureprotector.simulator.context.creations
(2026-05-15T19:47:51.8686992Z, 2026-05-15T19:48:01.8614079Z] LongSum
Value: 1
Instrumentation scope (Meter):
	Name: NatureProtector.Simulator.Host
Resource associated with Metric:
	service.name: NatureProtector.Simulator.Host
	service.instance.id: c2f8297e-a893-491c-8415-d33e5ab48cbb
	telemetry.sdk.name: opentelemetry
	telemetry.sdk.language: dotnet
	telemetry.sdk.version: 1.10.0

Metric Name: natureprotector.simulator.context.creation.duration, Unit: ms
(2026-05-15T19:47:51.8691666Z, 2026-05-15T19:48:01.8615276Z] Histogram
Value: Sum: 1071,7155 Count: 1 Min: 1071,7155 Max: 1071,7155 
(-Infinity,0]:0
(0,5]:0
(5,10]:0
(10,25]:0
(25,50]:0
(50,75]:0
(75,100]:0
(100,250]:0
(250,500]:0
(500,750]:0
(750,1000]:0
(1000,2500]:1
(2500,5000]:0
(5000,7500]:0
(7500,10000]:0
(10000,+Infinity]:0

Instrumentation scope (Meter):
	Name: NatureProtector.Simulator.Host
Resource associated with Metric:
	service.name: NatureProtector.Simulator.Host
	service.instance.id: c2f8297e-a893-491c-8415-d33e5ab48cbb
	telemetry.sdk.name: opentelemetry
	telemetry.sdk.language: dotnet
	telemetry.sdk.version: 1.10.0

Metric Name: natureprotector.simulator.runs
(2026-05-15T19:47:51.8691833Z, 2026-05-15T19:48:01.8615288Z] np.outcome: started LongSum
Value: 1
Instrumentation scope (Meter):
	Name: NatureProtector.Simulator.Host
Resource associated with Metric:
	service.name: NatureProtector.Simulator.Host
	service.instance.id: c2f8297e-a893-491c-8415-d33e5ab48cbb
	telemetry.sdk.name: opentelemetry
	telemetry.sdk.language: dotnet
	telemetry.sdk.version: 1.10.0

Metric Name: natureprotector.simulator.publish.messages
(2026-05-15T19:47:51.8692005Z, 2026-05-15T19:48:01.8615300Z] LongSum
Value: 12
Instrumentation scope (Meter):
	Name: NatureProtector.Simulator.Host
Resource associated with Metric:
	service.name: NatureProtector.Simulator.Host
	service.instance.id: c2f8297e-a893-491c-8415-d33e5ab48cbb
	telemetry.sdk.name: opentelemetry
	telemetry.sdk.language: dotnet
	telemetry.sdk.version: 1.10.0

Metric Name: natureprotector.simulator.publish.batch.size
(2026-05-15T19:47:51.8696093Z, 2026-05-15T19:48:01.8615319Z] Histogram
Value: Sum: 12 Count: 2 Min: 6 Max: 6 
(-Infinity,0]:0
(0,5]:0
(5,10]:2
(10,25]:0
(25,50]:0
(50,75]:0
(75,100]:0
(100,250]:0
(250,500]:0
(500,750]:0
(750,1000]:0
(1000,2500]:0
(2500,5000]:0
(5000,7500]:0
(7500,10000]:0
(10000,+Infinity]:0

Instrumentation scope (Meter):
	Name: NatureProtector.Simulator.Host
Resource associated with Metric:
	service.name: NatureProtector.Simulator.Host
	service.instance.id: c2f8297e-a893-491c-8415-d33e5ab48cbb
	telemetry.sdk.name: opentelemetry
	telemetry.sdk.language: dotnet
	telemetry.sdk.version: 1.10.0

Metric Name: natureprotector.simulator.publish.duration, Unit: ms
(2026-05-15T19:47:51.8696249Z, 2026-05-15T19:48:01.8615326Z] Histogram
Value: Sum: 284,3072 Count: 14 Min: 0,1438 Max: 143,0177 
(-Infinity,0]:0
(0,5]:11
(5,10]:0
(10,25]:1
(25,50]:0
(50,75]:0
(75,100]:0
(100,250]:2
(250,500]:0
(500,750]:0
(750,1000]:0
(1000,2500]:0
(2500,5000]:0
(5000,7500]:0
(7500,10000]:0
(10000,+Infinity]:0

Instrumentation scope (Meter):
	Name: NatureProtector.Simulator.Host
Resource associated with Metric:
	service.name: NatureProtector.Simulator.Host
	service.instance.id: c2f8297e-a893-491c-8415-d33e5ab48cbb
	telemetry.sdk.name: opentelemetry
	telemetry.sdk.language: dotnet
	telemetry.sdk.version: 1.10.0

Metric Name: dns.lookup.duration, Description: Measures the time taken to perform a DNS lookup., Unit: s
(2026-05-15T19:47:52.6473778Z, 2026-05-15T19:48:01.8615337Z] dns.question.name: localhost Histogram
Value: Sum: 0,0071665 Count: 2 Min: 0,0004012 Max: 0,0067653 
(-Infinity,0,005]:1
(0,005,0,01]:1
(0,01,0,025]:0
(0,025,0,05]:0
(0,05,0,075]:0
(0,075,0,1]:0
(0,1,0,25]:0
(0,25,0,5]:0
(0,5,0,75]:0
(0,75,1]:0
(1,2,5]:0
(2,5,5]:0
(5,7,5]:0
(7,5,10]:0
(10,+Infinity]:0

Instrumentation scope (Meter):
	Name: System.Net.NameResolution
Resource associated with Metric:
	service.name: NatureProtector.Simulator.Host
	service.instance.id: c2f8297e-a893-491c-8415-d33e5ab48cbb
	telemetry.sdk.name: opentelemetry
	telemetry.sdk.language: dotnet
	telemetry.sdk.version: 1.10.0
Activity.TraceId:            f7dab5b5732bc4e34b0656dcb95819dd
Activity.SpanId:             06c4e4eb5b85e7b5
Activity.TraceFlags:         Recorded
Activity.ParentSpanId:       6ff7ff619cef8ff7
Activity.DisplayName:        natureprotector.simulator.cycle
Activity.Kind:               Internal
Activity.StartTime:          2026-05-15T19:47:58.3030544Z
Activity.Duration:           00:00:05.0301988
Activity.Tags:
    np.simulation_run_id: c8a664e0-8145-40f9-bb00-aaf5a51ebec0
    np.area_id: b3f4fb84-bf17-5522-a5f3-70fd1212f381
    np.scenario_id: 6034251c-b502-5f7b-a557-7187178cfb04
Instrumentation scope (ActivitySource):
    Name: NatureProtector.Simulator.Host
Resource associated with Activity:
    service.name: NatureProtector.Simulator.Host
    service.instance.id: c2f8297e-a893-491c-8415-d33e5ab48cbb
    telemetry.sdk.name: opentelemetry
    telemetry.sdk.language: dotnet
    telemetry.sdk.version: 1.10.0

info: NatureProtector.Simulator.Host.Services.SimulationRunner[0]
      Starting simulation cycle 3/5 at logical time 09/13/2020 12:00:10 +02:00.
info: NatureProtector.Simulator.Host.Publishing.RabbitMqReadingPublisher[0]
      Published SensorReadingProduced to RabbitMQ | EventId=d32778d4-eed7-41aa-ba96-b74e090dbd7f | CorrelationId=c8a664e0814540f9bb00aaf5a51ebec0-0002-22702eee75aa3cf431abb689bfb9a8bc | SensorId=22702eee-75aa-3cf4-31ab-b689bfb9a8bc | SensorName=pilot-humidity-0001 | Value=22.75556260069929
Activity.TraceId:            f7dab5b5732bc4e34b0656dcb95819dd
Activity.SpanId:             8787ddbf3c26b06f
Activity.TraceFlags:         Recorded
Activity.ParentSpanId:       75fdfdd09e9227e7
Activity.DisplayName:        natureprotector.simulator.publish
Activity.Kind:               Internal
Activity.StartTime:          2026-05-15T19:48:03.3370356Z
Activity.Duration:           00:00:00.0001334
Activity.Tags:
    np.event_id: d32778d4-eed7-41aa-ba96-b74e090dbd7f
    np.correlation_id: c8a664e0814540f9bb00aaf5a51ebec0-0002-22702eee75aa3cf431abb689bfb9a8bc
    np.area_id: b3f4fb84-bf17-5522-a5f3-70fd1212f381
    np.simulation_run_id: c8a664e0-8145-40f9-bb00-aaf5a51ebec0
    np.sensor_id: 22702eee-75aa-3cf4-31ab-b689bfb9a8bc
    np.sensor_name: pilot-humidity-0001
    np.metric_type: Humidity
Instrumentation scope (ActivitySource):
    Name: NatureProtector.Simulator.Host
Resource associated with Activity:
    service.name: NatureProtector.Simulator.Host
    service.instance.id: c2f8297e-a893-491c-8415-d33e5ab48cbb
    telemetry.sdk.name: opentelemetry
    telemetry.sdk.language: dotnet
    telemetry.sdk.version: 1.10.0

info: NatureProtector.Simulator.Host.Publishing.RabbitMqReadingPublisher[0]
      Published SensorReadingProduced to RabbitMQ | EventId=882cadef-00ff-4e1a-bfde-25dda0cb4f88 | CorrelationId=c8a664e0814540f9bb00aaf5a51ebec0-0002-2f494582407786f29707780861949155 | SensorId=2f494582-4077-86f2-9707-780861949155 | SensorName=pilot-humidity-0230 | Value=22.99749799370021
Activity.TraceId:            f7dab5b5732bc4e34b0656dcb95819dd
Activity.SpanId:             2086ed663372619d
Activity.TraceFlags:         Recorded
Activity.ParentSpanId:       75fdfdd09e9227e7
Activity.DisplayName:        natureprotector.simulator.publish
Activity.Kind:               Internal
Activity.StartTime:          2026-05-15T19:48:03.3409671Z
Activity.Duration:           00:00:00.0002228
Activity.Tags:
    np.event_id: 882cadef-00ff-4e1a-bfde-25dda0cb4f88
    np.correlation_id: c8a664e0814540f9bb00aaf5a51ebec0-0002-2f494582407786f29707780861949155
    np.area_id: b3f4fb84-bf17-5522-a5f3-70fd1212f381
    np.simulation_run_id: c8a664e0-8145-40f9-bb00-aaf5a51ebec0
    np.sensor_id: 2f494582-4077-86f2-9707-780861949155
    np.sensor_name: pilot-humidity-0230
    np.metric_type: Humidity
Instrumentation scope (ActivitySource):
    Name: NatureProtector.Simulator.Host
Resource associated with Activity:
    service.name: NatureProtector.Simulator.Host
    service.instance.id: c2f8297e-a893-491c-8415-d33e5ab48cbb
    telemetry.sdk.name: opentelemetry
    telemetry.sdk.language: dotnet
    telemetry.sdk.version: 1.10.0

info: NatureProtector.Simulator.Host.Publishing.RabbitMqReadingPublisher[0]
      Published SensorReadingProduced to RabbitMQ | EventId=102a9c95-502b-4f76-aa1c-0cd1ce900f67 | CorrelationId=c8a664e0814540f9bb00aaf5a51ebec0-0002-27bf9aad094f7dc645b2129a8cc0522e | SensorId=27bf9aad-094f-7dc6-45b2-129a8cc0522e | SensorName=pilot-temperature-0001 | Value=31.74413991733475
Activity.TraceId:            f7dab5b5732bc4e34b0656dcb95819dd
Activity.SpanId:             3b458b5652579c31
Activity.TraceFlags:         Recorded
Activity.ParentSpanId:       75fdfdd09e9227e7
Activity.DisplayName:        natureprotector.simulator.publish
Activity.Kind:               Internal
Activity.StartTime:          2026-05-15T19:48:03.3449402Z
Activity.Duration:           00:00:00.0001816
Activity.Tags:
    np.event_id: 102a9c95-502b-4f76-aa1c-0cd1ce900f67
    np.correlation_id: c8a664e0814540f9bb00aaf5a51ebec0-0002-27bf9aad094f7dc645b2129a8cc0522e
    np.area_id: b3f4fb84-bf17-5522-a5f3-70fd1212f381
    np.simulation_run_id: c8a664e0-8145-40f9-bb00-aaf5a51ebec0
    np.sensor_id: 27bf9aad-094f-7dc6-45b2-129a8cc0522e
    np.sensor_name: pilot-temperature-0001
    np.metric_type: Temperature
Instrumentation scope (ActivitySource):
    Name: NatureProtector.Simulator.Host
Resource associated with Activity:
    service.name: NatureProtector.Simulator.Host
    service.instance.id: c2f8297e-a893-491c-8415-d33e5ab48cbb
    telemetry.sdk.name: opentelemetry
    telemetry.sdk.language: dotnet
    telemetry.sdk.version: 1.10.0

info: NatureProtector.Simulator.Host.Publishing.RabbitMqReadingPublisher[0]
      Published SensorReadingProduced to RabbitMQ | EventId=0f09d50c-4f88-40d7-9714-015a7c7596a4 | CorrelationId=c8a664e0814540f9bb00aaf5a51ebec0-0002-8e6a3d8a7e654fa58c51fa4597b203b8 | SensorId=8e6a3d8a-7e65-4fa5-8c51-fa4597b203b8 | SensorName=pilot-temperature-0230 | Value=31.719147964099168
Activity.TraceId:            f7dab5b5732bc4e34b0656dcb95819dd
Activity.SpanId:             cfc5426f20b33008
Activity.TraceFlags:         Recorded
Activity.ParentSpanId:       75fdfdd09e9227e7
Activity.DisplayName:        natureprotector.simulator.publish
Activity.Kind:               Internal
Activity.StartTime:          2026-05-15T19:48:03.3497027Z
Activity.Duration:           00:00:00.0003549
Activity.Tags:
    np.event_id: 0f09d50c-4f88-40d7-9714-015a7c7596a4
    np.correlation_id: c8a664e0814540f9bb00aaf5a51ebec0-0002-8e6a3d8a7e654fa58c51fa4597b203b8
    np.area_id: b3f4fb84-bf17-5522-a5f3-70fd1212f381
    np.simulation_run_id: c8a664e0-8145-40f9-bb00-aaf5a51ebec0
    np.sensor_id: 8e6a3d8a-7e65-4fa5-8c51-fa4597b203b8
    np.sensor_name: pilot-temperature-0230
    np.metric_type: Temperature
Instrumentation scope (ActivitySource):
    Name: NatureProtector.Simulator.Host
Resource associated with Activity:
    service.name: NatureProtector.Simulator.Host
    service.instance.id: c2f8297e-a893-491c-8415-d33e5ab48cbb
    telemetry.sdk.name: opentelemetry
    telemetry.sdk.language: dotnet
    telemetry.sdk.version: 1.10.0

info: NatureProtector.Simulator.Host.Publishing.RabbitMqReadingPublisher[0]
      Published SensorReadingProduced to RabbitMQ | EventId=7f399dab-1807-4049-a7c9-b0dddd268bf2 | CorrelationId=c8a664e0814540f9bb00aaf5a51ebec0-0002-e7660606cadd4212e67b574c09ef789a | SensorId=e7660606-cadd-4212-e67b-574c09ef789a | SensorName=pilot-wind-0001 | Value=4.8843002245984355
Activity.TraceId:            f7dab5b5732bc4e34b0656dcb95819dd
Activity.SpanId:             5dd620a480b15d14
Activity.TraceFlags:         Recorded
Activity.ParentSpanId:       75fdfdd09e9227e7
Activity.DisplayName:        natureprotector.simulator.publish
Activity.Kind:               Internal
Activity.StartTime:          2026-05-15T19:48:03.3560103Z
Activity.Duration:           00:00:00.0001630
Activity.Tags:
    np.event_id: 7f399dab-1807-4049-a7c9-b0dddd268bf2
    np.correlation_id: c8a664e0814540f9bb00aaf5a51ebec0-0002-e7660606cadd4212e67b574c09ef789a
    np.area_id: b3f4fb84-bf17-5522-a5f3-70fd1212f381
    np.simulation_run_id: c8a664e0-8145-40f9-bb00-aaf5a51ebec0
    np.sensor_id: e7660606-cadd-4212-e67b-574c09ef789a
    np.sensor_name: pilot-wind-0001
    np.metric_type: WindSpeed
Instrumentation scope (ActivitySource):
    Name: NatureProtector.Simulator.Host
Resource associated with Activity:
    service.name: NatureProtector.Simulator.Host
    service.instance.id: c2f8297e-a893-491c-8415-d33e5ab48cbb
    telemetry.sdk.name: opentelemetry
    telemetry.sdk.language: dotnet
    telemetry.sdk.version: 1.10.0

info: NatureProtector.Simulator.Host.Publishing.RabbitMqReadingPublisher[0]
      Published SensorReadingProduced to RabbitMQ | EventId=1762d5eb-3763-4092-8ef3-eb0c640185a0 | CorrelationId=c8a664e0814540f9bb00aaf5a51ebec0-0002-17badc17792017acc213db1c12bedfb2 | SensorId=17badc17-7920-17ac-c213-db1c12bedfb2 | SensorName=pilot-wind-0230 | Value=5.055532955014659
Activity.TraceId:            f7dab5b5732bc4e34b0656dcb95819dd
Activity.SpanId:             f7a5e4460198f395
Activity.TraceFlags:         Recorded
Activity.ParentSpanId:       75fdfdd09e9227e7
Activity.DisplayName:        natureprotector.simulator.publish
Activity.Kind:               Internal
Activity.StartTime:          2026-05-15T19:48:03.3598254Z
Activity.Duration:           00:00:00.0001605
Activity.Tags:
    np.event_id: 1762d5eb-3763-4092-8ef3-eb0c640185a0
    np.correlation_id: c8a664e0814540f9bb00aaf5a51ebec0-0002-17badc17792017acc213db1c12bedfb2
    np.area_id: b3f4fb84-bf17-5522-a5f3-70fd1212f381
    np.simulation_run_id: c8a664e0-8145-40f9-bb00-aaf5a51ebec0
    np.sensor_id: 17badc17-7920-17ac-c213-db1c12bedfb2
    np.sensor_name: pilot-wind-0230
    np.metric_type: WindSpeed
Instrumentation scope (ActivitySource):
    Name: NatureProtector.Simulator.Host
Resource associated with Activity:
    service.name: NatureProtector.Simulator.Host
    service.instance.id: c2f8297e-a893-491c-8415-d33e5ab48cbb
    telemetry.sdk.name: opentelemetry
    telemetry.sdk.language: dotnet
    telemetry.sdk.version: 1.10.0

Activity.TraceId:            f7dab5b5732bc4e34b0656dcb95819dd
Activity.SpanId:             75fdfdd09e9227e7
Activity.TraceFlags:         Recorded
Activity.ParentSpanId:       6ff7ff619cef8ff7
Activity.DisplayName:        natureprotector.simulator.cycle
Activity.Kind:               Internal
Activity.StartTime:          2026-05-15T19:48:03.3369841Z
Activity.Duration:           00:00:05.0396093
Activity.Tags:
    np.simulation_run_id: c8a664e0-8145-40f9-bb00-aaf5a51ebec0
    np.area_id: b3f4fb84-bf17-5522-a5f3-70fd1212f381
    np.scenario_id: 6034251c-b502-5f7b-a557-7187178cfb04
Instrumentation scope (ActivitySource):
    Name: NatureProtector.Simulator.Host
Resource associated with Activity:
    service.name: NatureProtector.Simulator.Host
    service.instance.id: c2f8297e-a893-491c-8415-d33e5ab48cbb
    telemetry.sdk.name: opentelemetry
    telemetry.sdk.language: dotnet
    telemetry.sdk.version: 1.10.0

info: NatureProtector.Simulator.Host.Services.SimulationRunner[0]
      Starting simulation cycle 4/5 at logical time 09/13/2020 12:00:15 +02:00.
info: NatureProtector.Simulator.Host.Publishing.RabbitMqReadingPublisher[0]
      Published SensorReadingProduced to RabbitMQ | EventId=1faf5a57-bd8a-45a5-a2ab-10fd40dee6fc | CorrelationId=c8a664e0814540f9bb00aaf5a51ebec0-0003-22702eee75aa3cf431abb689bfb9a8bc | SensorId=22702eee-75aa-3cf4-31ab-b689bfb9a8bc | SensorName=pilot-humidity-0001 | Value=0
Activity.TraceId:            f7dab5b5732bc4e34b0656dcb95819dd
Activity.SpanId:             3e28328c909f274e
Activity.TraceFlags:         Recorded
Activity.ParentSpanId:       8ec571b2d07e4cbf
Activity.DisplayName:        natureprotector.simulator.publish
Activity.Kind:               Internal
Activity.StartTime:          2026-05-15T19:48:08.3800480Z
Activity.Duration:           00:00:00.0001121
Activity.Tags:
    np.event_id: 1faf5a57-bd8a-45a5-a2ab-10fd40dee6fc
    np.correlation_id: c8a664e0814540f9bb00aaf5a51ebec0-0003-22702eee75aa3cf431abb689bfb9a8bc
    np.area_id: b3f4fb84-bf17-5522-a5f3-70fd1212f381
    np.simulation_run_id: c8a664e0-8145-40f9-bb00-aaf5a51ebec0
    np.sensor_id: 22702eee-75aa-3cf4-31ab-b689bfb9a8bc
    np.sensor_name: pilot-humidity-0001
    np.metric_type: Humidity
Instrumentation scope (ActivitySource):
    Name: NatureProtector.Simulator.Host
Resource associated with Activity:
    service.name: NatureProtector.Simulator.Host
    service.instance.id: c2f8297e-a893-491c-8415-d33e5ab48cbb
    telemetry.sdk.name: opentelemetry
    telemetry.sdk.language: dotnet
    telemetry.sdk.version: 1.10.0

info: NatureProtector.Simulator.Host.Publishing.RabbitMqReadingPublisher[0]
      Published SensorReadingProduced to RabbitMQ | EventId=c55d3a7c-0f0e-4e79-a8bc-531442ec50a8 | CorrelationId=c8a664e0814540f9bb00aaf5a51ebec0-0003-2f494582407786f29707780861949155 | SensorId=2f494582-4077-86f2-9707-780861949155 | SensorName=pilot-humidity-0230 | Value=21.53523607714356
Activity.TraceId:            f7dab5b5732bc4e34b0656dcb95819dd
Activity.SpanId:             6746c609b0a73d8f
Activity.TraceFlags:         Recorded
Activity.ParentSpanId:       8ec571b2d07e4cbf
Activity.DisplayName:        natureprotector.simulator.publish
Activity.Kind:               Internal
Activity.StartTime:          2026-05-15T19:48:08.3831132Z
Activity.Duration:           00:00:00.0001397
Activity.Tags:
    np.event_id: c55d3a7c-0f0e-4e79-a8bc-531442ec50a8
    np.correlation_id: c8a664e0814540f9bb00aaf5a51ebec0-0003-2f494582407786f29707780861949155
    np.area_id: b3f4fb84-bf17-5522-a5f3-70fd1212f381
    np.simulation_run_id: c8a664e0-8145-40f9-bb00-aaf5a51ebec0
    np.sensor_id: 2f494582-4077-86f2-9707-780861949155
    np.sensor_name: pilot-humidity-0230
    np.metric_type: Humidity
Instrumentation scope (ActivitySource):
    Name: NatureProtector.Simulator.Host
Resource associated with Activity:
    service.name: NatureProtector.Simulator.Host
    service.instance.id: c2f8297e-a893-491c-8415-d33e5ab48cbb
    telemetry.sdk.name: opentelemetry
    telemetry.sdk.language: dotnet
    telemetry.sdk.version: 1.10.0

info: NatureProtector.Simulator.Host.Publishing.RabbitMqReadingPublisher[0]
      Published SensorReadingProduced to RabbitMQ | EventId=af3dcc17-6dd7-49a9-8f2a-660142766260 | CorrelationId=c8a664e0814540f9bb00aaf5a51ebec0-0003-27bf9aad094f7dc645b2129a8cc0522e | SensorId=27bf9aad-094f-7dc6-45b2-129a8cc0522e | SensorName=pilot-temperature-0001 | Value=32.41454219848126
Activity.TraceId:            f7dab5b5732bc4e34b0656dcb95819dd
Activity.SpanId:             e22b9ead194908a2
Activity.TraceFlags:         Recorded
Activity.ParentSpanId:       8ec571b2d07e4cbf
Activity.DisplayName:        natureprotector.simulator.publish
Activity.Kind:               Internal
Activity.StartTime:          2026-05-15T19:48:08.3870178Z
Activity.Duration:           00:00:00.0001751
Activity.Tags:
    np.event_id: af3dcc17-6dd7-49a9-8f2a-660142766260
    np.correlation_id: c8a664e0814540f9bb00aaf5a51ebec0-0003-27bf9aad094f7dc645b2129a8cc0522e
    np.area_id: b3f4fb84-bf17-5522-a5f3-70fd1212f381
    np.simulation_run_id: c8a664e0-8145-40f9-bb00-aaf5a51ebec0
    np.sensor_id: 27bf9aad-094f-7dc6-45b2-129a8cc0522e
    np.sensor_name: pilot-temperature-0001
    np.metric_type: Temperature
Instrumentation scope (ActivitySource):
    Name: NatureProtector.Simulator.Host
Resource associated with Activity:
    service.name: NatureProtector.Simulator.Host
    service.instance.id: c2f8297e-a893-491c-8415-d33e5ab48cbb
    telemetry.sdk.name: opentelemetry
    telemetry.sdk.language: dotnet
    telemetry.sdk.version: 1.10.0

info: NatureProtector.Simulator.Host.Publishing.RabbitMqReadingPublisher[0]
      Published SensorReadingProduced to RabbitMQ | EventId=cffa2418-c441-410b-9b37-518e2d5c769f | CorrelationId=c8a664e0814540f9bb00aaf5a51ebec0-0003-8e6a3d8a7e654fa58c51fa4597b203b8 | SensorId=8e6a3d8a-7e65-4fa5-8c51-fa4597b203b8 | SensorName=pilot-temperature-0230 | Value=32.0965721742094
Activity.TraceId:            f7dab5b5732bc4e34b0656dcb95819dd
Activity.SpanId:             0f80aa26b75d61f0
Activity.TraceFlags:         Recorded
Activity.ParentSpanId:       8ec571b2d07e4cbf
Activity.DisplayName:        natureprotector.simulator.publish
Activity.Kind:               Internal
Activity.StartTime:          2026-05-15T19:48:08.3900593Z
Activity.Duration:           00:00:00.0002766
Activity.Tags:
    np.event_id: cffa2418-c441-410b-9b37-518e2d5c769f
    np.correlation_id: c8a664e0814540f9bb00aaf5a51ebec0-0003-8e6a3d8a7e654fa58c51fa4597b203b8
    np.area_id: b3f4fb84-bf17-5522-a5f3-70fd1212f381
    np.simulation_run_id: c8a664e0-8145-40f9-bb00-aaf5a51ebec0
    np.sensor_id: 8e6a3d8a-7e65-4fa5-8c51-fa4597b203b8
    np.sensor_name: pilot-temperature-0230
    np.metric_type: Temperature
Instrumentation scope (ActivitySource):
    Name: NatureProtector.Simulator.Host
Resource associated with Activity:
    service.name: NatureProtector.Simulator.Host
    service.instance.id: c2f8297e-a893-491c-8415-d33e5ab48cbb
    telemetry.sdk.name: opentelemetry
    telemetry.sdk.language: dotnet
    telemetry.sdk.version: 1.10.0

info: NatureProtector.Simulator.Host.Publishing.RabbitMqReadingPublisher[0]
      Published SensorReadingProduced to RabbitMQ | EventId=e5c078d3-60f7-4825-a876-eb5a04aef3e0 | CorrelationId=c8a664e0814540f9bb00aaf5a51ebec0-0003-e7660606cadd4212e67b574c09ef789a | SensorId=e7660606-cadd-4212-e67b-574c09ef789a | SensorName=pilot-wind-0001 | Value=5.375792604999472
Activity.TraceId:            f7dab5b5732bc4e34b0656dcb95819dd
Activity.SpanId:             dc65ef9794fd0bb7
Activity.TraceFlags:         Recorded
Activity.ParentSpanId:       8ec571b2d07e4cbf
Activity.DisplayName:        natureprotector.simulator.publish
Activity.Kind:               Internal
Activity.StartTime:          2026-05-15T19:48:08.3941174Z
Activity.Duration:           00:00:00.0002382
Activity.Tags:
    np.event_id: e5c078d3-60f7-4825-a876-eb5a04aef3e0
    np.correlation_id: c8a664e0814540f9bb00aaf5a51ebec0-0003-e7660606cadd4212e67b574c09ef789a
    np.area_id: b3f4fb84-bf17-5522-a5f3-70fd1212f381
    np.simulation_run_id: c8a664e0-8145-40f9-bb00-aaf5a51ebec0
    np.sensor_id: e7660606-cadd-4212-e67b-574c09ef789a
    np.sensor_name: pilot-wind-0001
    np.metric_type: WindSpeed
Instrumentation scope (ActivitySource):
    Name: NatureProtector.Simulator.Host
Resource associated with Activity:
    service.name: NatureProtector.Simulator.Host
    service.instance.id: c2f8297e-a893-491c-8415-d33e5ab48cbb
    telemetry.sdk.name: opentelemetry
    telemetry.sdk.language: dotnet
    telemetry.sdk.version: 1.10.0

info: NatureProtector.Simulator.Host.Publishing.RabbitMqReadingPublisher[0]
      Published SensorReadingProduced to RabbitMQ | EventId=fe4c70b1-cb7d-448e-bfce-5f40ef73207a | CorrelationId=c8a664e0814540f9bb00aaf5a51ebec0-0003-17badc17792017acc213db1c12bedfb2 | SensorId=17badc17-7920-17ac-c213-db1c12bedfb2 | SensorName=pilot-wind-0230 | Value=5.216367930414279
Activity.TraceId:            f7dab5b5732bc4e34b0656dcb95819dd
Activity.SpanId:             82cddd7fe01a492d
Activity.TraceFlags:         Recorded
Activity.ParentSpanId:       8ec571b2d07e4cbf
Activity.DisplayName:        natureprotector.simulator.publish
Activity.Kind:               Internal
Activity.StartTime:          2026-05-15T19:48:08.3971693Z
Activity.Duration:           00:00:00.0001539
Activity.Tags:
    np.event_id: fe4c70b1-cb7d-448e-bfce-5f40ef73207a
    np.correlation_id: c8a664e0814540f9bb00aaf5a51ebec0-0003-17badc17792017acc213db1c12bedfb2
    np.area_id: b3f4fb84-bf17-5522-a5f3-70fd1212f381
    np.simulation_run_id: c8a664e0-8145-40f9-bb00-aaf5a51ebec0
    np.sensor_id: 17badc17-7920-17ac-c213-db1c12bedfb2
    np.sensor_name: pilot-wind-0230
    np.metric_type: WindSpeed
Instrumentation scope (ActivitySource):
    Name: NatureProtector.Simulator.Host
Resource associated with Activity:
    service.name: NatureProtector.Simulator.Host
    service.instance.id: c2f8297e-a893-491c-8415-d33e5ab48cbb
    telemetry.sdk.name: opentelemetry
    telemetry.sdk.language: dotnet
    telemetry.sdk.version: 1.10.0


Metric Name: process.memory.usage, Description: The amount of physical memory in use., Unit: By
(2026-05-15T19:47:51.8479446Z, 2026-05-15T19:48:11.8460269Z] LongSumNonMonotonic
Value: 106536960
Instrumentation scope (Meter):
	Name: OpenTelemetry.Instrumentation.Process
	Version: 1.10.0-beta.1
Resource associated with Metric:
	service.name: NatureProtector.Simulator.Host
	service.instance.id: c2f8297e-a893-491c-8415-d33e5ab48cbb
	telemetry.sdk.name: opentelemetry
	telemetry.sdk.language: dotnet
	telemetry.sdk.version: 1.10.0

Metric Name: process.memory.virtual, Description: The amount of committed virtual memory., Unit: By
(2026-05-15T19:47:51.8489044Z, 2026-05-15T19:48:11.8460290Z] LongSumNonMonotonic
Value: 2481008787456
Instrumentation scope (Meter):
	Name: OpenTelemetry.Instrumentation.Process
	Version: 1.10.0-beta.1
Resource associated with Metric:
	service.name: NatureProtector.Simulator.Host
	service.instance.id: c2f8297e-a893-491c-8415-d33e5ab48cbb
	telemetry.sdk.name: opentelemetry
	telemetry.sdk.language: dotnet
	telemetry.sdk.version: 1.10.0

Metric Name: process.cpu.time, Description: Total CPU seconds broken down by different states., Unit: s
(2026-05-15T19:47:51.8490877Z, 2026-05-15T19:48:11.8460299Z] process.cpu.state: user DoubleSum
Value: 1.671875
Instrumentation scope (Meter):
	Name: OpenTelemetry.Instrumentation.Process
	Version: 1.10.0-beta.1
Resource associated with Metric:
	service.name: NatureProtector.Simulator.Host
	service.instance.id: c2f8297e-a893-491c-8415-d33e5ab48cbb
	telemetry.sdk.name: opentelemetry
	telemetry.sdk.language: dotnet
	telemetry.sdk.version: 1.10.0
(2026-05-15T19:47:51.8490877Z, 2026-05-15T19:48:11.8460299Z] process.cpu.state: system DoubleSum
Value: 0.203125
Instrumentation scope (Meter):
	Name: OpenTelemetry.Instrumentation.Process
	Version: 1.10.0-beta.1
Resource associated with Metric:
	service.name: NatureProtector.Simulator.Host
	service.instance.id: c2f8297e-a893-491c-8415-d33e5ab48cbb
	telemetry.sdk.name: opentelemetry
	telemetry.sdk.language: dotnet
	telemetry.sdk.version: 1.10.0

Metric Name: process.cpu.count, Description: The number of processors (CPU cores) available to the current process., Unit: {processors}
(2026-05-15T19:47:51.8491055Z, 2026-05-15T19:48:11.8460305Z] LongSumNonMonotonic
Value: 16
Instrumentation scope (Meter):
	Name: OpenTelemetry.Instrumentation.Process
	Version: 1.10.0-beta.1
Resource associated with Metric:
	service.name: NatureProtector.Simulator.Host
	service.instance.id: c2f8297e-a893-491c-8415-d33e5ab48cbb
	telemetry.sdk.name: opentelemetry
	telemetry.sdk.language: dotnet
	telemetry.sdk.version: 1.10.0

Metric Name: process.thread.count, Description: Process threads count., Unit: {thread}
(2026-05-15T19:47:51.8491189Z, 2026-05-15T19:48:11.8460309Z] LongSumNonMonotonic
Value: 23
Instrumentation scope (Meter):
	Name: OpenTelemetry.Instrumentation.Process
	Version: 1.10.0-beta.1
Resource associated with Metric:
	service.name: NatureProtector.Simulator.Host
	service.instance.id: c2f8297e-a893-491c-8415-d33e5ab48cbb
	telemetry.sdk.name: opentelemetry
	telemetry.sdk.language: dotnet
	telemetry.sdk.version: 1.10.0

Metric Name: dotnet.gc.collections, Description: The number of garbage collections that have occurred since the process has started., Unit: {collection}
(2026-05-15T19:47:51.8491273Z, 2026-05-15T19:48:11.8460314Z] gc.heap.generation: gen2 LongSum
Value: 1
Instrumentation scope (Meter):
	Name: System.Runtime
Resource associated with Metric:
	service.name: NatureProtector.Simulator.Host
	service.instance.id: c2f8297e-a893-491c-8415-d33e5ab48cbb
	telemetry.sdk.name: opentelemetry
	telemetry.sdk.language: dotnet
	telemetry.sdk.version: 1.10.0
(2026-05-15T19:47:51.8491273Z, 2026-05-15T19:48:11.8460314Z] gc.heap.generation: gen1 LongSum
Value: 1
Instrumentation scope (Meter):
	Name: System.Runtime
Resource associated with Metric:
	service.name: NatureProtector.Simulator.Host
	service.instance.id: c2f8297e-a893-491c-8415-d33e5ab48cbb
	telemetry.sdk.name: opentelemetry
	telemetry.sdk.language: dotnet
	telemetry.sdk.version: 1.10.0
(2026-05-15T19:47:51.8491273Z, 2026-05-15T19:48:11.8460314Z] gc.heap.generation: gen0 LongSum
Value: 2
Instrumentation scope (Meter):
	Name: System.Runtime
Resource associated with Metric:
	service.name: NatureProtector.Simulator.Host
	service.instance.id: c2f8297e-a893-491c-8415-d33e5ab48cbb
	telemetry.sdk.name: opentelemetry
	telemetry.sdk.language: dotnet
	telemetry.sdk.version: 1.10.0

Metric Name: dotnet.process.memory.working_set, Description: The number of bytes of physical memory mapped to the process context., Unit: By
(2026-05-15T19:47:51.8491348Z, 2026-05-15T19:48:11.8460318Z] LongSumNonMonotonic
Value: 105467904
Instrumentation scope (Meter):
	Name: System.Runtime
Resource associated with Metric:
	service.name: NatureProtector.Simulator.Host
	service.instance.id: c2f8297e-a893-491c-8415-d33e5ab48cbb
	telemetry.sdk.name: opentelemetry
	telemetry.sdk.language: dotnet
	telemetry.sdk.version: 1.10.0

Metric Name: dotnet.gc.heap.total_allocated, Description: The approximate number of bytes allocated on the managed GC heap since the process has started. The returned value does not include any native allocations., Unit: By
(2026-05-15T19:47:51.8497073Z, 2026-05-15T19:48:11.8460321Z] LongSum
Value: 39263504
Instrumentation scope (Meter):
	Name: System.Runtime
Resource associated with Metric:
	service.name: NatureProtector.Simulator.Host
	service.instance.id: c2f8297e-a893-491c-8415-d33e5ab48cbb
	telemetry.sdk.name: opentelemetry
	telemetry.sdk.language: dotnet
	telemetry.sdk.version: 1.10.0

Metric Name: dotnet.gc.last_collection.memory.committed_size, Description: The amount of committed virtual memory in use by the .NET GC, as observed during the latest garbage collection., Unit: By
(2026-05-15T19:47:51.8497164Z, 2026-05-15T19:48:11.8460325Z] LongSumNonMonotonic
Value: 20840448
Instrumentation scope (Meter):
	Name: System.Runtime
Resource associated with Metric:
	service.name: NatureProtector.Simulator.Host
	service.instance.id: c2f8297e-a893-491c-8415-d33e5ab48cbb
	telemetry.sdk.name: opentelemetry
	telemetry.sdk.language: dotnet
	telemetry.sdk.version: 1.10.0

Metric Name: dotnet.gc.last_collection.heap.size, Description: The managed GC heap size (including fragmentation), as observed during the latest garbage collection., Unit: By
(2026-05-15T19:47:51.8497237Z, 2026-05-15T19:48:11.8460336Z] gc.heap.generation: gen0 LongSumNonMonotonic
Value: 156040
Instrumentation scope (Meter):
	Name: System.Runtime
Resource associated with Metric:
	service.name: NatureProtector.Simulator.Host
	service.instance.id: c2f8297e-a893-491c-8415-d33e5ab48cbb
	telemetry.sdk.name: opentelemetry
	telemetry.sdk.language: dotnet
	telemetry.sdk.version: 1.10.0
(2026-05-15T19:47:51.8497237Z, 2026-05-15T19:48:11.8460336Z] gc.heap.generation: gen1 LongSumNonMonotonic
Value: 4144664
Instrumentation scope (Meter):
	Name: System.Runtime
Resource associated with Metric:
	service.name: NatureProtector.Simulator.Host
	service.instance.id: c2f8297e-a893-491c-8415-d33e5ab48cbb
	telemetry.sdk.name: opentelemetry
	telemetry.sdk.language: dotnet
	telemetry.sdk.version: 1.10.0
(2026-05-15T19:47:51.8497237Z, 2026-05-15T19:48:11.8460336Z] gc.heap.generation: gen2 LongSumNonMonotonic
Value: 915152
Instrumentation scope (Meter):
	Name: System.Runtime
Resource associated with Metric:
	service.name: NatureProtector.Simulator.Host
	service.instance.id: c2f8297e-a893-491c-8415-d33e5ab48cbb
	telemetry.sdk.name: opentelemetry
	telemetry.sdk.language: dotnet
	telemetry.sdk.version: 1.10.0
(2026-05-15T19:47:51.8497237Z, 2026-05-15T19:48:11.8460336Z] gc.heap.generation: loh LongSumNonMonotonic
Value: 6986640
Instrumentation scope (Meter):
	Name: System.Runtime
Resource associated with Metric:
	service.name: NatureProtector.Simulator.Host
	service.instance.id: c2f8297e-a893-491c-8415-d33e5ab48cbb
	telemetry.sdk.name: opentelemetry
	telemetry.sdk.language: dotnet
	telemetry.sdk.version: 1.10.0
(2026-05-15T19:47:51.8497237Z, 2026-05-15T19:48:11.8460336Z] gc.heap.generation: poh LongSumNonMonotonic
Value: 58240
Instrumentation scope (Meter):
	Name: System.Runtime
Resource associated with Metric:
	service.name: NatureProtector.Simulator.Host
	service.instance.id: c2f8297e-a893-491c-8415-d33e5ab48cbb
	telemetry.sdk.name: opentelemetry
	telemetry.sdk.language: dotnet
	telemetry.sdk.version: 1.10.0

Metric Name: dotnet.gc.last_collection.heap.fragmentation.size, Description: The heap fragmentation, as observed during the latest garbage collection., Unit: By
(2026-05-15T19:47:51.8497339Z, 2026-05-15T19:48:11.8460341Z] gc.heap.generation: gen0 LongSumNonMonotonic
Value: 147656
Instrumentation scope (Meter):
	Name: System.Runtime
Resource associated with Metric:
	service.name: NatureProtector.Simulator.Host
	service.instance.id: c2f8297e-a893-491c-8415-d33e5ab48cbb
	telemetry.sdk.name: opentelemetry
	telemetry.sdk.language: dotnet
	telemetry.sdk.version: 1.10.0
(2026-05-15T19:47:51.8497339Z, 2026-05-15T19:48:11.8460341Z] gc.heap.generation: gen1 LongSumNonMonotonic
Value: 68112
Instrumentation scope (Meter):
	Name: System.Runtime
Resource associated with Metric:
	service.name: NatureProtector.Simulator.Host
	service.instance.id: c2f8297e-a893-491c-8415-d33e5ab48cbb
	telemetry.sdk.name: opentelemetry
	telemetry.sdk.language: dotnet
	telemetry.sdk.version: 1.10.0
(2026-05-15T19:47:51.8497339Z, 2026-05-15T19:48:11.8460341Z] gc.heap.generation: gen2 LongSumNonMonotonic
Value: 0
Instrumentation scope (Meter):
	Name: System.Runtime
Resource associated with Metric:
	service.name: NatureProtector.Simulator.Host
	service.instance.id: c2f8297e-a893-491c-8415-d33e5ab48cbb
	telemetry.sdk.name: opentelemetry
	telemetry.sdk.language: dotnet
	telemetry.sdk.version: 1.10.0
(2026-05-15T19:47:51.8497339Z, 2026-05-15T19:48:11.8460341Z] gc.heap.generation: loh LongSumNonMonotonic
Value: 1120
Instrumentation scope (Meter):
	Name: System.Runtime
Resource associated with Metric:
	service.name: NatureProtector.Simulator.Host
	service.instance.id: c2f8297e-a893-491c-8415-d33e5ab48cbb
	telemetry.sdk.name: opentelemetry
	telemetry.sdk.language: dotnet
	telemetry.sdk.version: 1.10.0
(2026-05-15T19:47:51.8497339Z, 2026-05-15T19:48:11.8460341Z] gc.heap.generation: poh LongSumNonMonotonic
Value: 0
Instrumentation scope (Meter):
	Name: System.Runtime
Resource associated with Metric:
	service.name: NatureProtector.Simulator.Host
	service.instance.id: c2f8297e-a893-491c-8415-d33e5ab48cbb
	telemetry.sdk.name: opentelemetry
	telemetry.sdk.language: dotnet
	telemetry.sdk.version: 1.10.0

Metric Name: dotnet.gc.pause.time, Description: The total amount of time paused in GC since the process has started., Unit: s
(2026-05-15T19:47:51.8497421Z, 2026-05-15T19:48:11.8460344Z] DoubleSum
Value: 0.017602
Instrumentation scope (Meter):
	Name: System.Runtime
Resource associated with Metric:
	service.name: NatureProtector.Simulator.Host
	service.instance.id: c2f8297e-a893-491c-8415-d33e5ab48cbb
	telemetry.sdk.name: opentelemetry
	telemetry.sdk.language: dotnet
	telemetry.sdk.version: 1.10.0

Metric Name: dotnet.jit.compiled_il.size, Description: Count of bytes of intermediate language that have been compiled since the process has started., Unit: By
(2026-05-15T19:47:51.8497489Z, 2026-05-15T19:48:11.8460353Z] LongSum
Value: 1070908
Instrumentation scope (Meter):
	Name: System.Runtime
Resource associated with Metric:
	service.name: NatureProtector.Simulator.Host
	service.instance.id: c2f8297e-a893-491c-8415-d33e5ab48cbb
	telemetry.sdk.name: opentelemetry
	telemetry.sdk.language: dotnet
	telemetry.sdk.version: 1.10.0

Metric Name: dotnet.jit.compiled_methods, Description: The number of times the JIT compiler (re)compiled methods since the process has started., Unit: {method}
(2026-05-15T19:47:51.8497588Z, 2026-05-15T19:48:11.8460355Z] LongSum
Value: 13861
Instrumentation scope (Meter):
	Name: System.Runtime
Resource associated with Metric:
	service.name: NatureProtector.Simulator.Host
	service.instance.id: c2f8297e-a893-491c-8415-d33e5ab48cbb
	telemetry.sdk.name: opentelemetry
	telemetry.sdk.language: dotnet
	telemetry.sdk.version: 1.10.0

Metric Name: dotnet.jit.compilation.time, Description: The number of times the JIT compiler (re)compiled methods since the process has started., Unit: s
(2026-05-15T19:47:51.8497690Z, 2026-05-15T19:48:11.8460368Z] DoubleSum
Value: 1.270994
Instrumentation scope (Meter):
	Name: System.Runtime
Resource associated with Metric:
	service.name: NatureProtector.Simulator.Host
	service.instance.id: c2f8297e-a893-491c-8415-d33e5ab48cbb
	telemetry.sdk.name: opentelemetry
	telemetry.sdk.language: dotnet
	telemetry.sdk.version: 1.10.0

Metric Name: dotnet.monitor.lock_contentions, Description: The number of times there was contention when trying to acquire a monitor lock since the process has started., Unit: {contention}
(2026-05-15T19:47:51.8497769Z, 2026-05-15T19:48:11.8460369Z] LongSum
Value: 26
Instrumentation scope (Meter):
	Name: System.Runtime
Resource associated with Metric:
	service.name: NatureProtector.Simulator.Host
	service.instance.id: c2f8297e-a893-491c-8415-d33e5ab48cbb
	telemetry.sdk.name: opentelemetry
	telemetry.sdk.language: dotnet
	telemetry.sdk.version: 1.10.0

Metric Name: dotnet.thread_pool.thread.count, Description: The number of thread pool threads that currently exist., Unit: {thread}
(2026-05-15T19:47:51.8497866Z, 2026-05-15T19:48:11.8460371Z] LongSum
Value: 3
Instrumentation scope (Meter):
	Name: System.Runtime
Resource associated with Metric:
	service.name: NatureProtector.Simulator.Host
	service.instance.id: c2f8297e-a893-491c-8415-d33e5ab48cbb
	telemetry.sdk.name: opentelemetry
	telemetry.sdk.language: dotnet
	telemetry.sdk.version: 1.10.0

Metric Name: dotnet.thread_pool.work_item.count, Description: The number of work items that the thread pool has completed since the process has started., Unit: {work_item}
(2026-05-15T19:47:51.8497935Z, 2026-05-15T19:48:11.8460374Z] LongSum
Value: 88
Instrumentation scope (Meter):
	Name: System.Runtime
Resource associated with Metric:
	service.name: NatureProtector.Simulator.Host
	service.instance.id: c2f8297e-a893-491c-8415-d33e5ab48cbb
	telemetry.sdk.name: opentelemetry
	telemetry.sdk.language: dotnet
	telemetry.sdk.version: 1.10.0

Metric Name: dotnet.thread_pool.queue.length, Description: The number of work items that are currently queued to be processed by the thread pool., Unit: {work_item}
(2026-05-15T19:47:51.8498023Z, 2026-05-15T19:48:11.8460389Z] LongSum
Value: 0
Instrumentation scope (Meter):
	Name: System.Runtime
Resource associated with Metric:
	service.name: NatureProtector.Simulator.Host
	service.instance.id: c2f8297e-a893-491c-8415-d33e5ab48cbb
	telemetry.sdk.name: opentelemetry
	telemetry.sdk.language: dotnet
	telemetry.sdk.version: 1.10.0

Metric Name: dotnet.timer.count, Description: The number of timer instances that are currently active. An active timer is registered to tick at some point in the future and has not yet been canceled., Unit: {timer}
(2026-05-15T19:47:51.8498160Z, 2026-05-15T19:48:11.8460394Z] LongSumNonMonotonic
Value: 6
Instrumentation scope (Meter):
	Name: System.Runtime
Resource associated with Metric:
	service.name: NatureProtector.Simulator.Host
	service.instance.id: c2f8297e-a893-491c-8415-d33e5ab48cbb
	telemetry.sdk.name: opentelemetry
	telemetry.sdk.language: dotnet
	telemetry.sdk.version: 1.10.0

Metric Name: dotnet.assembly.count, Description: The number of .NET assemblies that are currently loaded., Unit: {assembly}
(2026-05-15T19:47:51.8498242Z, 2026-05-15T19:48:11.8460396Z] LongSumNonMonotonic
Value: 105
Instrumentation scope (Meter):
	Name: System.Runtime
Resource associated with Metric:
	service.name: NatureProtector.Simulator.Host
	service.instance.id: c2f8297e-a893-491c-8415-d33e5ab48cbb
	telemetry.sdk.name: opentelemetry
	telemetry.sdk.language: dotnet
	telemetry.sdk.version: 1.10.0

Metric Name: dotnet.process.cpu.count, Description: The number of processors available to the process., Unit: {cpu}
(2026-05-15T19:47:51.8541883Z, 2026-05-15T19:48:11.8460404Z] LongSumNonMonotonic
Value: 16
Instrumentation scope (Meter):
	Name: System.Runtime
Resource associated with Metric:
	service.name: NatureProtector.Simulator.Host
	service.instance.id: c2f8297e-a893-491c-8415-d33e5ab48cbb
	telemetry.sdk.name: opentelemetry
	telemetry.sdk.language: dotnet
	telemetry.sdk.version: 1.10.0

Metric Name: dotnet.process.cpu.time, Description: CPU time used by the process., Unit: s
(2026-05-15T19:47:51.8542466Z, 2026-05-15T19:48:11.8460407Z] cpu.mode: user DoubleSum
Value: 1.671875
Instrumentation scope (Meter):
	Name: System.Runtime
Resource associated with Metric:
	service.name: NatureProtector.Simulator.Host
	service.instance.id: c2f8297e-a893-491c-8415-d33e5ab48cbb
	telemetry.sdk.name: opentelemetry
	telemetry.sdk.language: dotnet
	telemetry.sdk.version: 1.10.0
(2026-05-15T19:47:51.8542466Z, 2026-05-15T19:48:11.8460407Z] cpu.mode: system DoubleSum
Value: 0.203125
Instrumentation scope (Meter):
	Name: System.Runtime
Resource associated with Metric:
	service.name: NatureProtector.Simulator.Host
	service.instance.id: c2f8297e-a893-491c-8415-d33e5ab48cbb
	telemetry.sdk.name: opentelemetry
	telemetry.sdk.language: dotnet
	telemetry.sdk.version: 1.10.0

Metric Name: natureprotector.simulator.context.creations
(2026-05-15T19:47:51.8686992Z, 2026-05-15T19:48:11.8460417Z] LongSum
Value: 1
Instrumentation scope (Meter):
	Name: NatureProtector.Simulator.Host
Resource associated with Metric:
	service.name: NatureProtector.Simulator.Host
	service.instance.id: c2f8297e-a893-491c-8415-d33e5ab48cbb
	telemetry.sdk.name: opentelemetry
	telemetry.sdk.language: dotnet
	telemetry.sdk.version: 1.10.0

Metric Name: natureprotector.simulator.context.creation.duration, Unit: ms
(2026-05-15T19:47:51.8691666Z, 2026-05-15T19:48:11.8460434Z] Histogram
Value: Sum: 1071,7155 Count: 1 Min: 1071,7155 Max: 1071,7155 
(-Infinity,0]:0
(0,5]:0
(5,10]:0
(10,25]:0
(25,50]:0
(50,75]:0
(75,100]:0
(100,250]:0
(250,500]:0
(500,750]:0
(750,1000]:0
(1000,2500]:1
(2500,5000]:0
(5000,7500]:0
(7500,10000]:0
(10000,+Infinity]:0

Instrumentation scope (Meter):
	Name: NatureProtector.Simulator.Host
Resource associated with Metric:
	service.name: NatureProtector.Simulator.Host
	service.instance.id: c2f8297e-a893-491c-8415-d33e5ab48cbb
	telemetry.sdk.name: opentelemetry
	telemetry.sdk.language: dotnet
	telemetry.sdk.version: 1.10.0

Metric Name: natureprotector.simulator.runs
(2026-05-15T19:47:51.8691833Z, 2026-05-15T19:48:11.8460441Z] np.outcome: started LongSum
Value: 1
Instrumentation scope (Meter):
	Name: NatureProtector.Simulator.Host
Resource associated with Metric:
	service.name: NatureProtector.Simulator.Host
	service.instance.id: c2f8297e-a893-491c-8415-d33e5ab48cbb
	telemetry.sdk.name: opentelemetry
	telemetry.sdk.language: dotnet
	telemetry.sdk.version: 1.10.0

Metric Name: natureprotector.simulator.publish.messages
(2026-05-15T19:47:51.8692005Z, 2026-05-15T19:48:11.8460454Z] LongSum
Value: 24
Instrumentation scope (Meter):
	Name: NatureProtector.Simulator.Host
Resource associated with Metric:
	service.name: NatureProtector.Simulator.Host
	service.instance.id: c2f8297e-a893-491c-8415-d33e5ab48cbb
	telemetry.sdk.name: opentelemetry
	telemetry.sdk.language: dotnet
	telemetry.sdk.version: 1.10.0

Metric Name: natureprotector.simulator.publish.batch.size
(2026-05-15T19:47:51.8696093Z, 2026-05-15T19:48:11.8460493Z] Histogram
Value: Sum: 24 Count: 4 Min: 6 Max: 6 
(-Infinity,0]:0
(0,5]:0
(5,10]:4
(10,25]:0
(25,50]:0
(50,75]:0
(75,100]:0
(100,250]:0
(250,500]:0
(500,750]:0
(750,1000]:0
(1000,2500]:0
(2500,5000]:0
(5000,7500]:0
(7500,10000]:0
(10000,+Infinity]:0

Instrumentation scope (Meter):
	Name: NatureProtector.Simulator.Host
Resource associated with Metric:
	service.name: NatureProtector.Simulator.Host
	service.instance.id: c2f8297e-a893-491c-8415-d33e5ab48cbb
	telemetry.sdk.name: opentelemetry
	telemetry.sdk.language: dotnet
	telemetry.sdk.version: 1.10.0

Metric Name: natureprotector.simulator.publish.duration, Unit: ms
(2026-05-15T19:47:51.8696249Z, 2026-05-15T19:48:11.8460512Z] Histogram
Value: Sum: 334,0657 Count: 28 Min: 0,1017 Max: 143,0177 
(-Infinity,0]:0
(0,5]:23
(5,10]:0
(10,25]:2
(25,50]:1
(50,75]:0
(75,100]:0
(100,250]:2
(250,500]:0
(500,750]:0
(750,1000]:0
(1000,2500]:0
(2500,5000]:0
(5000,7500]:0
(7500,10000]:0
(10000,+Infinity]:0

Instrumentation scope (Meter):
	Name: NatureProtector.Simulator.Host
Resource associated with Metric:
	service.name: NatureProtector.Simulator.Host
	service.instance.id: c2f8297e-a893-491c-8415-d33e5ab48cbb
	telemetry.sdk.name: opentelemetry
	telemetry.sdk.language: dotnet
	telemetry.sdk.version: 1.10.0

Metric Name: dns.lookup.duration, Description: Measures the time taken to perform a DNS lookup., Unit: s
(2026-05-15T19:47:52.6473778Z, 2026-05-15T19:48:11.8460521Z] dns.question.name: localhost Histogram
Value: Sum: 0,0071665 Count: 2 Min: 0,0004012 Max: 0,0067653 
(-Infinity,0,005]:1
(0,005,0,01]:1
(0,01,0,025]:0
(0,025,0,05]:0
(0,05,0,075]:0
(0,075,0,1]:0
(0,1,0,25]:0
(0,25,0,5]:0
(0,5,0,75]:0
(0,75,1]:0
(1,2,5]:0
(2,5,5]:0
(5,7,5]:0
(7,5,10]:0
(10,+Infinity]:0

Instrumentation scope (Meter):
	Name: System.Net.NameResolution
Resource associated with Metric:
	service.name: NatureProtector.Simulator.Host
	service.instance.id: c2f8297e-a893-491c-8415-d33e5ab48cbb
	telemetry.sdk.name: opentelemetry
	telemetry.sdk.language: dotnet
	telemetry.sdk.version: 1.10.0
Activity.TraceId:            f7dab5b5732bc4e34b0656dcb95819dd
Activity.SpanId:             8ec571b2d07e4cbf
Activity.TraceFlags:         Recorded
Activity.ParentSpanId:       6ff7ff619cef8ff7
Activity.DisplayName:        natureprotector.simulator.cycle
Activity.Kind:               Internal
Activity.StartTime:          2026-05-15T19:48:08.3799378Z
Activity.Duration:           00:00:05.0281010
Activity.Tags:
    np.simulation_run_id: c8a664e0-8145-40f9-bb00-aaf5a51ebec0
    np.area_id: b3f4fb84-bf17-5522-a5f3-70fd1212f381
    np.scenario_id: 6034251c-b502-5f7b-a557-7187178cfb04
Instrumentation scope (ActivitySource):
    Name: NatureProtector.Simulator.Host
Resource associated with Activity:
    service.name: NatureProtector.Simulator.Host
    service.instance.id: c2f8297e-a893-491c-8415-d33e5ab48cbb
    telemetry.sdk.name: opentelemetry
    telemetry.sdk.language: dotnet
    telemetry.sdk.version: 1.10.0

info: NatureProtector.Simulator.Host.Services.SimulationRunner[0]
      Starting simulation cycle 5/5 at logical time 09/13/2020 12:00:20 +02:00.
info: NatureProtector.Simulator.Host.Publishing.RabbitMqReadingPublisher[0]
      Published SensorReadingProduced to RabbitMQ | EventId=0be79480-3c3d-482d-b49d-ac24155f8eb0 | CorrelationId=c8a664e0814540f9bb00aaf5a51ebec0-0004-22702eee75aa3cf431abb689bfb9a8bc | SensorId=22702eee-75aa-3cf4-31ab-b689bfb9a8bc | SensorName=pilot-humidity-0001 | Value=20.496012966119295
Activity.TraceId:            f7dab5b5732bc4e34b0656dcb95819dd
Activity.SpanId:             b307662b841990e2
Activity.TraceFlags:         Recorded
Activity.ParentSpanId:       c68d87a5269577e9
Activity.DisplayName:        natureprotector.simulator.publish
Activity.Kind:               Internal
Activity.StartTime:          2026-05-15T19:48:13.4107057Z
Activity.Duration:           00:00:00.0001185
Activity.Tags:
    np.event_id: 0be79480-3c3d-482d-b49d-ac24155f8eb0
    np.correlation_id: c8a664e0814540f9bb00aaf5a51ebec0-0004-22702eee75aa3cf431abb689bfb9a8bc
    np.area_id: b3f4fb84-bf17-5522-a5f3-70fd1212f381
    np.simulation_run_id: c8a664e0-8145-40f9-bb00-aaf5a51ebec0
    np.sensor_id: 22702eee-75aa-3cf4-31ab-b689bfb9a8bc
    np.sensor_name: pilot-humidity-0001
    np.metric_type: Humidity
Instrumentation scope (ActivitySource):
    Name: NatureProtector.Simulator.Host
Resource associated with Activity:
    service.name: NatureProtector.Simulator.Host
    service.instance.id: c2f8297e-a893-491c-8415-d33e5ab48cbb
    telemetry.sdk.name: opentelemetry
    telemetry.sdk.language: dotnet
    telemetry.sdk.version: 1.10.0

info: NatureProtector.Simulator.Host.Publishing.RabbitMqReadingPublisher[0]
      Published SensorReadingProduced to RabbitMQ | EventId=7206afbe-dd07-421f-909d-b99705c97d1a | CorrelationId=c8a664e0814540f9bb00aaf5a51ebec0-0004-2f494582407786f29707780861949155 | SensorId=2f494582-4077-86f2-9707-780861949155 | SensorName=pilot-humidity-0230 | Value=21.38652208821274
Activity.TraceId:            f7dab5b5732bc4e34b0656dcb95819dd
Activity.SpanId:             92c084dbd8a8d766
Activity.TraceFlags:         Recorded
Activity.ParentSpanId:       c68d87a5269577e9
Activity.DisplayName:        natureprotector.simulator.publish
Activity.Kind:               Internal
Activity.StartTime:          2026-05-15T19:48:13.4161497Z
Activity.Duration:           00:00:00.0002061
Activity.Tags:
    np.event_id: 7206afbe-dd07-421f-909d-b99705c97d1a
    np.correlation_id: c8a664e0814540f9bb00aaf5a51ebec0-0004-2f494582407786f29707780861949155
    np.area_id: b3f4fb84-bf17-5522-a5f3-70fd1212f381
    np.simulation_run_id: c8a664e0-8145-40f9-bb00-aaf5a51ebec0
    np.sensor_id: 2f494582-4077-86f2-9707-780861949155
    np.sensor_name: pilot-humidity-0230
    np.metric_type: Humidity
Instrumentation scope (ActivitySource):
    Name: NatureProtector.Simulator.Host
Resource associated with Activity:
    service.name: NatureProtector.Simulator.Host
    service.instance.id: c2f8297e-a893-491c-8415-d33e5ab48cbb
    telemetry.sdk.name: opentelemetry
    telemetry.sdk.language: dotnet
    telemetry.sdk.version: 1.10.0

info: NatureProtector.Simulator.Host.Publishing.RabbitMqReadingPublisher[0]
      Published SensorReadingProduced to RabbitMQ | EventId=6d71a1ef-3c13-49ae-9705-e8642aa884af | CorrelationId=c8a664e0814540f9bb00aaf5a51ebec0-0004-27bf9aad094f7dc645b2129a8cc0522e | SensorId=27bf9aad-094f-7dc6-45b2-129a8cc0522e | SensorName=pilot-temperature-0001 | Value=32.41580185358954
Activity.TraceId:            f7dab5b5732bc4e34b0656dcb95819dd
Activity.SpanId:             e5198e50cc8de4e3
Activity.TraceFlags:         Recorded
Activity.ParentSpanId:       c68d87a5269577e9
Activity.DisplayName:        natureprotector.simulator.publish
Activity.Kind:               Internal
Activity.StartTime:          2026-05-15T19:48:13.4201954Z
Activity.Duration:           00:00:00.0001637
Activity.Tags:
    np.event_id: 6d71a1ef-3c13-49ae-9705-e8642aa884af
    np.correlation_id: c8a664e0814540f9bb00aaf5a51ebec0-0004-27bf9aad094f7dc645b2129a8cc0522e
    np.area_id: b3f4fb84-bf17-5522-a5f3-70fd1212f381
    np.simulation_run_id: c8a664e0-8145-40f9-bb00-aaf5a51ebec0
    np.sensor_id: 27bf9aad-094f-7dc6-45b2-129a8cc0522e
    np.sensor_name: pilot-temperature-0001
    np.metric_type: Temperature
Instrumentation scope (ActivitySource):
    Name: NatureProtector.Simulator.Host
Resource associated with Activity:
    service.name: NatureProtector.Simulator.Host
    service.instance.id: c2f8297e-a893-491c-8415-d33e5ab48cbb
    telemetry.sdk.name: opentelemetry
    telemetry.sdk.language: dotnet
    telemetry.sdk.version: 1.10.0

info: NatureProtector.Simulator.Host.Publishing.RabbitMqReadingPublisher[0]
      Published SensorReadingProduced to RabbitMQ | EventId=511ad801-616a-40aa-b71e-4bdc6855eaa2 | CorrelationId=c8a664e0814540f9bb00aaf5a51ebec0-0004-8e6a3d8a7e654fa58c51fa4597b203b8 | SensorId=8e6a3d8a-7e65-4fa5-8c51-fa4597b203b8 | SensorName=pilot-temperature-0230 | Value=32.119581397201586
Activity.TraceId:            f7dab5b5732bc4e34b0656dcb95819dd
Activity.SpanId:             968e3cde5566d067
Activity.TraceFlags:         Recorded
Activity.ParentSpanId:       c68d87a5269577e9
Activity.DisplayName:        natureprotector.simulator.publish
Activity.Kind:               Internal
Activity.StartTime:          2026-05-15T19:48:13.4252662Z
Activity.Duration:           00:00:00.0003503
Activity.Tags:
    np.event_id: 511ad801-616a-40aa-b71e-4bdc6855eaa2
    np.correlation_id: c8a664e0814540f9bb00aaf5a51ebec0-0004-8e6a3d8a7e654fa58c51fa4597b203b8
    np.area_id: b3f4fb84-bf17-5522-a5f3-70fd1212f381
    np.simulation_run_id: c8a664e0-8145-40f9-bb00-aaf5a51ebec0
    np.sensor_id: 8e6a3d8a-7e65-4fa5-8c51-fa4597b203b8
    np.sensor_name: pilot-temperature-0230
    np.metric_type: Temperature
Instrumentation scope (ActivitySource):
    Name: NatureProtector.Simulator.Host
Resource associated with Activity:
    service.name: NatureProtector.Simulator.Host
    service.instance.id: c2f8297e-a893-491c-8415-d33e5ab48cbb
    telemetry.sdk.name: opentelemetry
    telemetry.sdk.language: dotnet
    telemetry.sdk.version: 1.10.0

info: NatureProtector.Simulator.Host.Publishing.RabbitMqReadingPublisher[0]
      Published SensorReadingProduced to RabbitMQ | EventId=ebf36e94-06ae-4db4-97e1-27b6f2831254 | CorrelationId=c8a664e0814540f9bb00aaf5a51ebec0-0004-e7660606cadd4212e67b574c09ef789a | SensorId=e7660606-cadd-4212-e67b-574c09ef789a | SensorName=pilot-wind-0001 | Value=5.65633091766169
Activity.TraceId:            f7dab5b5732bc4e34b0656dcb95819dd
Activity.SpanId:             73571c8c222e8fd6
Activity.TraceFlags:         Recorded
Activity.ParentSpanId:       c68d87a5269577e9
Activity.DisplayName:        natureprotector.simulator.publish
Activity.Kind:               Internal
Activity.StartTime:          2026-05-15T19:48:13.4295083Z
Activity.Duration:           00:00:00.0002075
Activity.Tags:
    np.event_id: ebf36e94-06ae-4db4-97e1-27b6f2831254
    np.correlation_id: c8a664e0814540f9bb00aaf5a51ebec0-0004-e7660606cadd4212e67b574c09ef789a
    np.area_id: b3f4fb84-bf17-5522-a5f3-70fd1212f381
    np.simulation_run_id: c8a664e0-8145-40f9-bb00-aaf5a51ebec0
    np.sensor_id: e7660606-cadd-4212-e67b-574c09ef789a
    np.sensor_name: pilot-wind-0001
    np.metric_type: WindSpeed
Instrumentation scope (ActivitySource):
    Name: NatureProtector.Simulator.Host
Resource associated with Activity:
    service.name: NatureProtector.Simulator.Host
    service.instance.id: c2f8297e-a893-491c-8415-d33e5ab48cbb
    telemetry.sdk.name: opentelemetry
    telemetry.sdk.language: dotnet
    telemetry.sdk.version: 1.10.0

info: NatureProtector.Simulator.Host.Publishing.RabbitMqReadingPublisher[0]
      Published SensorReadingProduced to RabbitMQ | EventId=b57d1ad4-0616-4291-94f8-257effd0d371 | CorrelationId=c8a664e0814540f9bb00aaf5a51ebec0-0004-17badc17792017acc213db1c12bedfb2 | SensorId=17badc17-7920-17ac-c213-db1c12bedfb2 | SensorName=pilot-wind-0230 | Value=5.787886884569596
Activity.TraceId:            f7dab5b5732bc4e34b0656dcb95819dd
Activity.SpanId:             22091fe20ebeaa53
Activity.TraceFlags:         Recorded
Activity.ParentSpanId:       c68d87a5269577e9
Activity.DisplayName:        natureprotector.simulator.publish
Activity.Kind:               Internal
Activity.StartTime:          2026-05-15T19:48:13.4351758Z
Activity.Duration:           00:00:00.0001998
Activity.Tags:
    np.event_id: b57d1ad4-0616-4291-94f8-257effd0d371
    np.correlation_id: c8a664e0814540f9bb00aaf5a51ebec0-0004-17badc17792017acc213db1c12bedfb2
    np.area_id: b3f4fb84-bf17-5522-a5f3-70fd1212f381
    np.simulation_run_id: c8a664e0-8145-40f9-bb00-aaf5a51ebec0
    np.sensor_id: 17badc17-7920-17ac-c213-db1c12bedfb2
    np.sensor_name: pilot-wind-0230
    np.metric_type: WindSpeed
Instrumentation scope (ActivitySource):
    Name: NatureProtector.Simulator.Host
Resource associated with Activity:
    service.name: NatureProtector.Simulator.Host
    service.instance.id: c2f8297e-a893-491c-8415-d33e5ab48cbb
    telemetry.sdk.name: opentelemetry
    telemetry.sdk.language: dotnet
    telemetry.sdk.version: 1.10.0

Activity.TraceId:            f7dab5b5732bc4e34b0656dcb95819dd
Activity.SpanId:             c68d87a5269577e9
Activity.TraceFlags:         Recorded
Activity.ParentSpanId:       6ff7ff619cef8ff7
Activity.DisplayName:        natureprotector.simulator.cycle
Activity.Kind:               Internal
Activity.StartTime:          2026-05-15T19:48:13.4106433Z
Activity.Duration:           00:00:00.0307597
Activity.Tags:
    np.simulation_run_id: c8a664e0-8145-40f9-bb00-aaf5a51ebec0
    np.area_id: b3f4fb84-bf17-5522-a5f3-70fd1212f381
    np.scenario_id: 6034251c-b502-5f7b-a557-7187178cfb04
Instrumentation scope (ActivitySource):
    Name: NatureProtector.Simulator.Host
Resource associated with Activity:
    service.name: NatureProtector.Simulator.Host
    service.instance.id: c2f8297e-a893-491c-8415-d33e5ab48cbb
    telemetry.sdk.name: opentelemetry
    telemetry.sdk.language: dotnet
    telemetry.sdk.version: 1.10.0

info: Microsoft.EntityFrameworkCore.Database.Command[20101]
      Executed DbCommand (1ms) [Parameters=[@__run_Id_0='?' (DbType = Guid)], CommandType='Text', CommandTimeout='30']
      SELECT s."Id", s."AreaId", s."ConfigurationVersionId", s."CreatedAt", s."EndedAt", s."ExecutionSeed", s."IntervalSeconds", s."LogicalStartTimestamp", s."MetadataJson", s."NumberOfCycles", s."ScenarioCode", s."ScenarioId", s."ScenarioName", s."StartedAt", s."Status"
      FROM control.simulation_runs AS s
      WHERE s."Id" = @__run_Id_0
      LIMIT 2
info: Microsoft.EntityFrameworkCore.Database.Command[20101]
      Executed DbCommand (3ms) [Parameters=[@p2='?' (DbType = Guid), @p0='?' (DbType = DateTime), @p1='?' (DbType = Int32)], CommandType='Text', CommandTimeout='30']
      UPDATE control.simulation_runs SET "EndedAt" = @p0, "Status" = @p1
      WHERE "Id" = @p2;
info: NatureProtector.Simulator.Host.Services.SimulationRunner[0]
      Simulation completed successfully | SimulationRunId=c8a664e0-8145-40f9-bb00-aaf5a51ebec0 | CompletedAt=05/15/2026 19:48:13 +00:00 | LogicalCompletedAt=09/13/2020 12:00:25 +02:00.
Activity.TraceId:            f7dab5b5732bc4e34b0656dcb95819dd
Activity.SpanId:             6ff7ff619cef8ff7
Activity.TraceFlags:         Recorded
Activity.DisplayName:        natureprotector.simulator.run
Activity.Kind:               Internal
Activity.StartTime:          2026-05-15T19:47:51.8712577Z
Activity.Duration:           00:00:21.5829342
Activity.Tags:
    np.area_id: b3f4fb84-bf17-5522-a5f3-70fd1212f381
    np.scenario_id: 6034251c-b502-5f7b-a557-7187178cfb04
    np.scenario_code: scenario_b
    np.simulation_run_id: c8a664e0-8145-40f9-bb00-aaf5a51ebec0
    np.outcome: completed
Instrumentation scope (ActivitySource):
    Name: NatureProtector.Simulator.Host
Resource associated with Activity:
    service.name: NatureProtector.Simulator.Host
    service.instance.id: c2f8297e-a893-491c-8415-d33e5ab48cbb
    telemetry.sdk.name: opentelemetry
    telemetry.sdk.language: dotnet
    telemetry.sdk.version: 1.10.0


Metric Name: process.memory.usage, Description: The amount of physical memory in use., Unit: By
(2026-05-15T19:47:51.8479446Z, 2026-05-15T19:48:21.8540893Z] LongSumNonMonotonic
Value: 109182976
Instrumentation scope (Meter):
	Name: OpenTelemetry.Instrumentation.Process
	Version: 1.10.0-beta.1
Resource associated with Metric:
	service.name: NatureProtector.Simulator.Host
	service.instance.id: c2f8297e-a893-491c-8415-d33e5ab48cbb
	telemetry.sdk.name: opentelemetry
	telemetry.sdk.language: dotnet
	telemetry.sdk.version: 1.10.0

Metric Name: process.memory.virtual, Description: The amount of committed virtual memory., Unit: By
(2026-05-15T19:47:51.8489044Z, 2026-05-15T19:48:21.8540907Z] LongSumNonMonotonic
Value: 2481009246208
Instrumentation scope (Meter):
	Name: OpenTelemetry.Instrumentation.Process
	Version: 1.10.0-beta.1
Resource associated with Metric:
	service.name: NatureProtector.Simulator.Host
	service.instance.id: c2f8297e-a893-491c-8415-d33e5ab48cbb
	telemetry.sdk.name: opentelemetry
	telemetry.sdk.language: dotnet
	telemetry.sdk.version: 1.10.0

Metric Name: process.cpu.time, Description: Total CPU seconds broken down by different states., Unit: s
(2026-05-15T19:47:51.8490877Z, 2026-05-15T19:48:21.8540919Z] process.cpu.state: user DoubleSum
Value: 1.8125
Instrumentation scope (Meter):
	Name: OpenTelemetry.Instrumentation.Process
	Version: 1.10.0-beta.1
Resource associated with Metric:
	service.name: NatureProtector.Simulator.Host
	service.instance.id: c2f8297e-a893-491c-8415-d33e5ab48cbb
	telemetry.sdk.name: opentelemetry
	telemetry.sdk.language: dotnet
	telemetry.sdk.version: 1.10.0
(2026-05-15T19:47:51.8490877Z, 2026-05-15T19:48:21.8540919Z] process.cpu.state: system DoubleSum
Value: 0.21875
Instrumentation scope (Meter):
	Name: OpenTelemetry.Instrumentation.Process
	Version: 1.10.0-beta.1
Resource associated with Metric:
	service.name: NatureProtector.Simulator.Host
	service.instance.id: c2f8297e-a893-491c-8415-d33e5ab48cbb
	telemetry.sdk.name: opentelemetry
	telemetry.sdk.language: dotnet
	telemetry.sdk.version: 1.10.0

Metric Name: process.cpu.count, Description: The number of processors (CPU cores) available to the current process., Unit: {processors}
(2026-05-15T19:47:51.8491055Z, 2026-05-15T19:48:21.8540927Z] LongSumNonMonotonic
Value: 16
Instrumentation scope (Meter):
	Name: OpenTelemetry.Instrumentation.Process
	Version: 1.10.0-beta.1
Resource associated with Metric:
	service.name: NatureProtector.Simulator.Host
	service.instance.id: c2f8297e-a893-491c-8415-d33e5ab48cbb
	telemetry.sdk.name: opentelemetry
	telemetry.sdk.language: dotnet
	telemetry.sdk.version: 1.10.0

Metric Name: process.thread.count, Description: Process threads count., Unit: {thread}
(2026-05-15T19:47:51.8491189Z, 2026-05-15T19:48:21.8540929Z] LongSumNonMonotonic
Value: 23
Instrumentation scope (Meter):
	Name: OpenTelemetry.Instrumentation.Process
	Version: 1.10.0-beta.1
Resource associated with Metric:
	service.name: NatureProtector.Simulator.Host
	service.instance.id: c2f8297e-a893-491c-8415-d33e5ab48cbb
	telemetry.sdk.name: opentelemetry
	telemetry.sdk.language: dotnet
	telemetry.sdk.version: 1.10.0

Metric Name: dotnet.gc.collections, Description: The number of garbage collections that have occurred since the process has started., Unit: {collection}
(2026-05-15T19:47:51.8491273Z, 2026-05-15T19:48:21.8540940Z] gc.heap.generation: gen2 LongSum
Value: 1
Instrumentation scope (Meter):
	Name: System.Runtime
Resource associated with Metric:
	service.name: NatureProtector.Simulator.Host
	service.instance.id: c2f8297e-a893-491c-8415-d33e5ab48cbb
	telemetry.sdk.name: opentelemetry
	telemetry.sdk.language: dotnet
	telemetry.sdk.version: 1.10.0
(2026-05-15T19:47:51.8491273Z, 2026-05-15T19:48:21.8540940Z] gc.heap.generation: gen1 LongSum
Value: 1
Instrumentation scope (Meter):
	Name: System.Runtime
Resource associated with Metric:
	service.name: NatureProtector.Simulator.Host
	service.instance.id: c2f8297e-a893-491c-8415-d33e5ab48cbb
	telemetry.sdk.name: opentelemetry
	telemetry.sdk.language: dotnet
	telemetry.sdk.version: 1.10.0
(2026-05-15T19:47:51.8491273Z, 2026-05-15T19:48:21.8540940Z] gc.heap.generation: gen0 LongSum
Value: 2
Instrumentation scope (Meter):
	Name: System.Runtime
Resource associated with Metric:
	service.name: NatureProtector.Simulator.Host
	service.instance.id: c2f8297e-a893-491c-8415-d33e5ab48cbb
	telemetry.sdk.name: opentelemetry
	telemetry.sdk.language: dotnet
	telemetry.sdk.version: 1.10.0

Metric Name: dotnet.process.memory.working_set, Description: The number of bytes of physical memory mapped to the process context., Unit: By
(2026-05-15T19:47:51.8491348Z, 2026-05-15T19:48:21.8540942Z] LongSumNonMonotonic
Value: 109187072
Instrumentation scope (Meter):
	Name: System.Runtime
Resource associated with Metric:
	service.name: NatureProtector.Simulator.Host
	service.instance.id: c2f8297e-a893-491c-8415-d33e5ab48cbb
	telemetry.sdk.name: opentelemetry
	telemetry.sdk.language: dotnet
	telemetry.sdk.version: 1.10.0

Metric Name: dotnet.gc.heap.total_allocated, Description: The approximate number of bytes allocated on the managed GC heap since the process has started. The returned value does not include any native allocations., Unit: By
(2026-05-15T19:47:51.8497073Z, 2026-05-15T19:48:21.8540944Z] LongSum
Value: 39567864
Instrumentation scope (Meter):
	Name: System.Runtime
Resource associated with Metric:
	service.name: NatureProtector.Simulator.Host
	service.instance.id: c2f8297e-a893-491c-8415-d33e5ab48cbb
	telemetry.sdk.name: opentelemetry
	telemetry.sdk.language: dotnet
	telemetry.sdk.version: 1.10.0

Metric Name: dotnet.gc.last_collection.memory.committed_size, Description: The amount of committed virtual memory in use by the .NET GC, as observed during the latest garbage collection., Unit: By
(2026-05-15T19:47:51.8497164Z, 2026-05-15T19:48:21.8540948Z] LongSumNonMonotonic
Value: 20840448
Instrumentation scope (Meter):
	Name: System.Runtime
Resource associated with Metric:
	service.name: NatureProtector.Simulator.Host
	service.instance.id: c2f8297e-a893-491c-8415-d33e5ab48cbb
	telemetry.sdk.name: opentelemetry
	telemetry.sdk.language: dotnet
	telemetry.sdk.version: 1.10.0

Metric Name: dotnet.gc.last_collection.heap.size, Description: The managed GC heap size (including fragmentation), as observed during the latest garbage collection., Unit: By
(2026-05-15T19:47:51.8497237Z, 2026-05-15T19:48:21.8540961Z] gc.heap.generation: gen0 LongSumNonMonotonic
Value: 156040
Instrumentation scope (Meter):
	Name: System.Runtime
Resource associated with Metric:
	service.name: NatureProtector.Simulator.Host
	service.instance.id: c2f8297e-a893-491c-8415-d33e5ab48cbb
	telemetry.sdk.name: opentelemetry
	telemetry.sdk.language: dotnet
	telemetry.sdk.version: 1.10.0
(2026-05-15T19:47:51.8497237Z, 2026-05-15T19:48:21.8540961Z] gc.heap.generation: gen1 LongSumNonMonotonic
Value: 4144664
Instrumentation scope (Meter):
	Name: System.Runtime
Resource associated with Metric:
	service.name: NatureProtector.Simulator.Host
	service.instance.id: c2f8297e-a893-491c-8415-d33e5ab48cbb
	telemetry.sdk.name: opentelemetry
	telemetry.sdk.language: dotnet
	telemetry.sdk.version: 1.10.0
(2026-05-15T19:47:51.8497237Z, 2026-05-15T19:48:21.8540961Z] gc.heap.generation: gen2 LongSumNonMonotonic
Value: 915152
Instrumentation scope (Meter):
	Name: System.Runtime
Resource associated with Metric:
	service.name: NatureProtector.Simulator.Host
	service.instance.id: c2f8297e-a893-491c-8415-d33e5ab48cbb
	telemetry.sdk.name: opentelemetry
	telemetry.sdk.language: dotnet
	telemetry.sdk.version: 1.10.0
(2026-05-15T19:47:51.8497237Z, 2026-05-15T19:48:21.8540961Z] gc.heap.generation: loh LongSumNonMonotonic
Value: 6986640
Instrumentation scope (Meter):
	Name: System.Runtime
Resource associated with Metric:
	service.name: NatureProtector.Simulator.Host
	service.instance.id: c2f8297e-a893-491c-8415-d33e5ab48cbb
	telemetry.sdk.name: opentelemetry
	telemetry.sdk.language: dotnet
	telemetry.sdk.version: 1.10.0
(2026-05-15T19:47:51.8497237Z, 2026-05-15T19:48:21.8540961Z] gc.heap.generation: poh LongSumNonMonotonic
Value: 58240
Instrumentation scope (Meter):
	Name: System.Runtime
Resource associated with Metric:
	service.name: NatureProtector.Simulator.Host
	service.instance.id: c2f8297e-a893-491c-8415-d33e5ab48cbb
	telemetry.sdk.name: opentelemetry
	telemetry.sdk.language: dotnet
	telemetry.sdk.version: 1.10.0

Metric Name: dotnet.gc.last_collection.heap.fragmentation.size, Description: The heap fragmentation, as observed during the latest garbage collection., Unit: By
(2026-05-15T19:47:51.8497339Z, 2026-05-15T19:48:21.8540966Z] gc.heap.generation: gen0 LongSumNonMonotonic
Value: 147656
Instrumentation scope (Meter):
	Name: System.Runtime
Resource associated with Metric:
	service.name: NatureProtector.Simulator.Host
	service.instance.id: c2f8297e-a893-491c-8415-d33e5ab48cbb
	telemetry.sdk.name: opentelemetry
	telemetry.sdk.language: dotnet
	telemetry.sdk.version: 1.10.0
(2026-05-15T19:47:51.8497339Z, 2026-05-15T19:48:21.8540966Z] gc.heap.generation: gen1 LongSumNonMonotonic
Value: 68112
Instrumentation scope (Meter):
	Name: System.Runtime
Resource associated with Metric:
	service.name: NatureProtector.Simulator.Host
	service.instance.id: c2f8297e-a893-491c-8415-d33e5ab48cbb
	telemetry.sdk.name: opentelemetry
	telemetry.sdk.language: dotnet
	telemetry.sdk.version: 1.10.0
(2026-05-15T19:47:51.8497339Z, 2026-05-15T19:48:21.8540966Z] gc.heap.generation: gen2 LongSumNonMonotonic
Value: 0
Instrumentation scope (Meter):
	Name: System.Runtime
Resource associated with Metric:
	service.name: NatureProtector.Simulator.Host
	service.instance.id: c2f8297e-a893-491c-8415-d33e5ab48cbb
	telemetry.sdk.name: opentelemetry
	telemetry.sdk.language: dotnet
	telemetry.sdk.version: 1.10.0
(2026-05-15T19:47:51.8497339Z, 2026-05-15T19:48:21.8540966Z] gc.heap.generation: loh LongSumNonMonotonic
Value: 1120
Instrumentation scope (Meter):
	Name: System.Runtime
Resource associated with Metric:
	service.name: NatureProtector.Simulator.Host
	service.instance.id: c2f8297e-a893-491c-8415-d33e5ab48cbb
	telemetry.sdk.name: opentelemetry
	telemetry.sdk.language: dotnet
	telemetry.sdk.version: 1.10.0
(2026-05-15T19:47:51.8497339Z, 2026-05-15T19:48:21.8540966Z] gc.heap.generation: poh LongSumNonMonotonic
Value: 0
Instrumentation scope (Meter):
	Name: System.Runtime
Resource associated with Metric:
	service.name: NatureProtector.Simulator.Host
	service.instance.id: c2f8297e-a893-491c-8415-d33e5ab48cbb
	telemetry.sdk.name: opentelemetry
	telemetry.sdk.language: dotnet
	telemetry.sdk.version: 1.10.0

Metric Name: dotnet.gc.pause.time, Description: The total amount of time paused in GC since the process has started., Unit: s
(2026-05-15T19:47:51.8497421Z, 2026-05-15T19:48:21.8540970Z] DoubleSum
Value: 0.017602
Instrumentation scope (Meter):
	Name: System.Runtime
Resource associated with Metric:
	service.name: NatureProtector.Simulator.Host
	service.instance.id: c2f8297e-a893-491c-8415-d33e5ab48cbb
	telemetry.sdk.name: opentelemetry
	telemetry.sdk.language: dotnet
	telemetry.sdk.version: 1.10.0

Metric Name: dotnet.jit.compiled_il.size, Description: Count of bytes of intermediate language that have been compiled since the process has started., Unit: By
(2026-05-15T19:47:51.8497489Z, 2026-05-15T19:48:21.8540974Z] LongSum
Value: 1126435
Instrumentation scope (Meter):
	Name: System.Runtime
Resource associated with Metric:
	service.name: NatureProtector.Simulator.Host
	service.instance.id: c2f8297e-a893-491c-8415-d33e5ab48cbb
	telemetry.sdk.name: opentelemetry
	telemetry.sdk.language: dotnet
	telemetry.sdk.version: 1.10.0

Metric Name: dotnet.jit.compiled_methods, Description: The number of times the JIT compiler (re)compiled methods since the process has started., Unit: {method}
(2026-05-15T19:47:51.8497588Z, 2026-05-15T19:48:21.8540977Z] LongSum
Value: 14589
Instrumentation scope (Meter):
	Name: System.Runtime
Resource associated with Metric:
	service.name: NatureProtector.Simulator.Host
	service.instance.id: c2f8297e-a893-491c-8415-d33e5ab48cbb
	telemetry.sdk.name: opentelemetry
	telemetry.sdk.language: dotnet
	telemetry.sdk.version: 1.10.0

Metric Name: dotnet.jit.compilation.time, Description: The number of times the JIT compiler (re)compiled methods since the process has started., Unit: s
(2026-05-15T19:47:51.8497690Z, 2026-05-15T19:48:21.8540980Z] DoubleSum
Value: 1.4134391
Instrumentation scope (Meter):
	Name: System.Runtime
Resource associated with Metric:
	service.name: NatureProtector.Simulator.Host
	service.instance.id: c2f8297e-a893-491c-8415-d33e5ab48cbb
	telemetry.sdk.name: opentelemetry
	telemetry.sdk.language: dotnet
	telemetry.sdk.version: 1.10.0

Metric Name: dotnet.monitor.lock_contentions, Description: The number of times there was contention when trying to acquire a monitor lock since the process has started., Unit: {contention}
(2026-05-15T19:47:51.8497769Z, 2026-05-15T19:48:21.8540981Z] LongSum
Value: 34
Instrumentation scope (Meter):
	Name: System.Runtime
Resource associated with Metric:
	service.name: NatureProtector.Simulator.Host
	service.instance.id: c2f8297e-a893-491c-8415-d33e5ab48cbb
	telemetry.sdk.name: opentelemetry
	telemetry.sdk.language: dotnet
	telemetry.sdk.version: 1.10.0

Metric Name: dotnet.thread_pool.thread.count, Description: The number of thread pool threads that currently exist., Unit: {thread}
(2026-05-15T19:47:51.8497866Z, 2026-05-15T19:48:21.8540983Z] LongSum
Value: 2
Instrumentation scope (Meter):
	Name: System.Runtime
Resource associated with Metric:
	service.name: NatureProtector.Simulator.Host
	service.instance.id: c2f8297e-a893-491c-8415-d33e5ab48cbb
	telemetry.sdk.name: opentelemetry
	telemetry.sdk.language: dotnet
	telemetry.sdk.version: 1.10.0

Metric Name: dotnet.thread_pool.work_item.count, Description: The number of work items that the thread pool has completed since the process has started., Unit: {work_item}
(2026-05-15T19:47:51.8497935Z, 2026-05-15T19:48:21.8540985Z] LongSum
Value: 101
Instrumentation scope (Meter):
	Name: System.Runtime
Resource associated with Metric:
	service.name: NatureProtector.Simulator.Host
	service.instance.id: c2f8297e-a893-491c-8415-d33e5ab48cbb
	telemetry.sdk.name: opentelemetry
	telemetry.sdk.language: dotnet
	telemetry.sdk.version: 1.10.0

Metric Name: dotnet.thread_pool.queue.length, Description: The number of work items that are currently queued to be processed by the thread pool., Unit: {work_item}
(2026-05-15T19:47:51.8498023Z, 2026-05-15T19:48:21.8541000Z] LongSum
Value: 0
Instrumentation scope (Meter):
	Name: System.Runtime
Resource associated with Metric:
	service.name: NatureProtector.Simulator.Host
	service.instance.id: c2f8297e-a893-491c-8415-d33e5ab48cbb
	telemetry.sdk.name: opentelemetry
	telemetry.sdk.language: dotnet
	telemetry.sdk.version: 1.10.0

Metric Name: dotnet.timer.count, Description: The number of timer instances that are currently active. An active timer is registered to tick at some point in the future and has not yet been canceled., Unit: {timer}
(2026-05-15T19:47:51.8498160Z, 2026-05-15T19:48:21.8541002Z] LongSumNonMonotonic
Value: 5
Instrumentation scope (Meter):
	Name: System.Runtime
Resource associated with Metric:
	service.name: NatureProtector.Simulator.Host
	service.instance.id: c2f8297e-a893-491c-8415-d33e5ab48cbb
	telemetry.sdk.name: opentelemetry
	telemetry.sdk.language: dotnet
	telemetry.sdk.version: 1.10.0

Metric Name: dotnet.assembly.count, Description: The number of .NET assemblies that are currently loaded., Unit: {assembly}
(2026-05-15T19:47:51.8498242Z, 2026-05-15T19:48:21.8541004Z] LongSumNonMonotonic
Value: 105
Instrumentation scope (Meter):
	Name: System.Runtime
Resource associated with Metric:
	service.name: NatureProtector.Simulator.Host
	service.instance.id: c2f8297e-a893-491c-8415-d33e5ab48cbb
	telemetry.sdk.name: opentelemetry
	telemetry.sdk.language: dotnet
	telemetry.sdk.version: 1.10.0

Metric Name: dotnet.process.cpu.count, Description: The number of processors available to the process., Unit: {cpu}
(2026-05-15T19:47:51.8541883Z, 2026-05-15T19:48:21.8541014Z] LongSumNonMonotonic
Value: 16
Instrumentation scope (Meter):
	Name: System.Runtime
Resource associated with Metric:
	service.name: NatureProtector.Simulator.Host
	service.instance.id: c2f8297e-a893-491c-8415-d33e5ab48cbb
	telemetry.sdk.name: opentelemetry
	telemetry.sdk.language: dotnet
	telemetry.sdk.version: 1.10.0

Metric Name: dotnet.process.cpu.time, Description: CPU time used by the process., Unit: s
(2026-05-15T19:47:51.8542466Z, 2026-05-15T19:48:21.8541017Z] cpu.mode: user DoubleSum
Value: 1.8125
Instrumentation scope (Meter):
	Name: System.Runtime
Resource associated with Metric:
	service.name: NatureProtector.Simulator.Host
	service.instance.id: c2f8297e-a893-491c-8415-d33e5ab48cbb
	telemetry.sdk.name: opentelemetry
	telemetry.sdk.language: dotnet
	telemetry.sdk.version: 1.10.0
(2026-05-15T19:47:51.8542466Z, 2026-05-15T19:48:21.8541017Z] cpu.mode: system DoubleSum
Value: 0.234375
Instrumentation scope (Meter):
	Name: System.Runtime
Resource associated with Metric:
	service.name: NatureProtector.Simulator.Host
	service.instance.id: c2f8297e-a893-491c-8415-d33e5ab48cbb
	telemetry.sdk.name: opentelemetry
	telemetry.sdk.language: dotnet
	telemetry.sdk.version: 1.10.0

Metric Name: natureprotector.simulator.context.creations
(2026-05-15T19:47:51.8686992Z, 2026-05-15T19:48:21.8541021Z] LongSum
Value: 1
Instrumentation scope (Meter):
	Name: NatureProtector.Simulator.Host
Resource associated with Metric:
	service.name: NatureProtector.Simulator.Host
	service.instance.id: c2f8297e-a893-491c-8415-d33e5ab48cbb
	telemetry.sdk.name: opentelemetry
	telemetry.sdk.language: dotnet
	telemetry.sdk.version: 1.10.0

Metric Name: natureprotector.simulator.context.creation.duration, Unit: ms
(2026-05-15T19:47:51.8691666Z, 2026-05-15T19:48:21.8541033Z] Histogram
Value: Sum: 1071,7155 Count: 1 Min: 1071,7155 Max: 1071,7155 
(-Infinity,0]:0
(0,5]:0
(5,10]:0
(10,25]:0
(25,50]:0
(50,75]:0
(75,100]:0
(100,250]:0
(250,500]:0
(500,750]:0
(750,1000]:0
(1000,2500]:1
(2500,5000]:0
(5000,7500]:0
(7500,10000]:0
(10000,+Infinity]:0

Instrumentation scope (Meter):
	Name: NatureProtector.Simulator.Host
Resource associated with Metric:
	service.name: NatureProtector.Simulator.Host
	service.instance.id: c2f8297e-a893-491c-8415-d33e5ab48cbb
	telemetry.sdk.name: opentelemetry
	telemetry.sdk.language: dotnet
	telemetry.sdk.version: 1.10.0

Metric Name: natureprotector.simulator.runs
(2026-05-15T19:47:51.8691833Z, 2026-05-15T19:48:21.8541038Z] np.outcome: started LongSum
Value: 1
Instrumentation scope (Meter):
	Name: NatureProtector.Simulator.Host
Resource associated with Metric:
	service.name: NatureProtector.Simulator.Host
	service.instance.id: c2f8297e-a893-491c-8415-d33e5ab48cbb
	telemetry.sdk.name: opentelemetry
	telemetry.sdk.language: dotnet
	telemetry.sdk.version: 1.10.0
(2026-05-15T19:47:51.8691833Z, 2026-05-15T19:48:21.8541038Z] np.outcome: completed LongSum
Value: 1
Instrumentation scope (Meter):
	Name: NatureProtector.Simulator.Host
Resource associated with Metric:
	service.name: NatureProtector.Simulator.Host
	service.instance.id: c2f8297e-a893-491c-8415-d33e5ab48cbb
	telemetry.sdk.name: opentelemetry
	telemetry.sdk.language: dotnet
	telemetry.sdk.version: 1.10.0

Metric Name: natureprotector.simulator.run.duration, Unit: ms
(2026-05-15T19:47:51.8691934Z, 2026-05-15T19:48:21.8541046Z] np.outcome: completed Histogram
Value: Sum: 21581,8992 Count: 1 Min: 21581,8992 Max: 21581,8992 
(-Infinity,0]:0
(0,5]:0
(5,10]:0
(10,25]:0
(25,50]:0
(50,75]:0
(75,100]:0
(100,250]:0
(250,500]:0
(500,750]:0
(750,1000]:0
(1000,2500]:0
(2500,5000]:0
(5000,7500]:0
(7500,10000]:0
(10000,+Infinity]:1

Instrumentation scope (Meter):
	Name: NatureProtector.Simulator.Host
Resource associated with Metric:
	service.name: NatureProtector.Simulator.Host
	service.instance.id: c2f8297e-a893-491c-8415-d33e5ab48cbb
	telemetry.sdk.name: opentelemetry
	telemetry.sdk.language: dotnet
	telemetry.sdk.version: 1.10.0

Metric Name: natureprotector.simulator.publish.messages
(2026-05-15T19:47:51.8692005Z, 2026-05-15T19:48:21.8541051Z] LongSum
Value: 30
Instrumentation scope (Meter):
	Name: NatureProtector.Simulator.Host
Resource associated with Metric:
	service.name: NatureProtector.Simulator.Host
	service.instance.id: c2f8297e-a893-491c-8415-d33e5ab48cbb
	telemetry.sdk.name: opentelemetry
	telemetry.sdk.language: dotnet
	telemetry.sdk.version: 1.10.0

Metric Name: natureprotector.simulator.publish.batch.size
(2026-05-15T19:47:51.8696093Z, 2026-05-15T19:48:21.8541073Z] Histogram
Value: Sum: 30 Count: 5 Min: 6 Max: 6 
(-Infinity,0]:0
(0,5]:0
(5,10]:5
(10,25]:0
(25,50]:0
(50,75]:0
(75,100]:0
(100,250]:0
(250,500]:0
(500,750]:0
(750,1000]:0
(1000,2500]:0
(2500,5000]:0
(5000,7500]:0
(7500,10000]:0
(10000,+Infinity]:0

Instrumentation scope (Meter):
	Name: NatureProtector.Simulator.Host
Resource associated with Metric:
	service.name: NatureProtector.Simulator.Host
	service.instance.id: c2f8297e-a893-491c-8415-d33e5ab48cbb
	telemetry.sdk.name: opentelemetry
	telemetry.sdk.language: dotnet
	telemetry.sdk.version: 1.10.0

Metric Name: natureprotector.simulator.publish.duration, Unit: ms
(2026-05-15T19:47:51.8696249Z, 2026-05-15T19:48:21.8541092Z] Histogram
Value: Sum: 365,81870000000004 Count: 35 Min: 0,1017 Max: 143,0177 
(-Infinity,0]:0
(0,5]:29
(5,10]:0
(10,25]:2
(25,50]:2
(50,75]:0
(75,100]:0
(100,250]:2
(250,500]:0
(500,750]:0
(750,1000]:0
(1000,2500]:0
(2500,5000]:0
(5000,7500]:0
(7500,10000]:0
(10000,+Infinity]:0

Instrumentation scope (Meter):
	Name: NatureProtector.Simulator.Host
Resource associated with Metric:
	service.name: NatureProtector.Simulator.Host
	service.instance.id: c2f8297e-a893-491c-8415-d33e5ab48cbb
	telemetry.sdk.name: opentelemetry
	telemetry.sdk.language: dotnet
	telemetry.sdk.version: 1.10.0

Metric Name: dns.lookup.duration, Description: Measures the time taken to perform a DNS lookup., Unit: s
(2026-05-15T19:47:52.6473778Z, 2026-05-15T19:48:21.8541103Z] dns.question.name: localhost Histogram
Value: Sum: 0,0071665 Count: 2 Min: 0,0004012 Max: 0,0067653 
(-Infinity,0,005]:1
(0,005,0,01]:1
(0,01,0,025]:0
(0,025,0,05]:0
(0,05,0,075]:0
(0,075,0,1]:0
(0,1,0,25]:0
(0,25,0,5]:0
(0,5,0,75]:0
(0,75,1]:0
(1,2,5]:0
(2,5,5]:0
(5,7,5]:0
(7,5,10]:0
(10,+Infinity]:0

Instrumentation scope (Meter):
	Name: System.Net.NameResolution
Resource associated with Metric:
	service.name: NatureProtector.Simulator.Host
	service.instance.id: c2f8297e-a893-491c-8415-d33e5ab48cbb
	telemetry.sdk.name: opentelemetry
	telemetry.sdk.language: dotnet
	telemetry.sdk.version: 1.10.0

Metric Name: process.memory.usage, Description: The amount of physical memory in use., Unit: By
(2026-05-15T19:47:51.8479446Z, 2026-05-15T19:48:31.8540553Z] LongSumNonMonotonic
Value: 107294720
Instrumentation scope (Meter):
	Name: OpenTelemetry.Instrumentation.Process
	Version: 1.10.0-beta.1
Resource associated with Metric:
	service.name: NatureProtector.Simulator.Host
	service.instance.id: c2f8297e-a893-491c-8415-d33e5ab48cbb
	telemetry.sdk.name: opentelemetry
	telemetry.sdk.language: dotnet
	telemetry.sdk.version: 1.10.0

Metric Name: process.memory.virtual, Description: The amount of committed virtual memory., Unit: By
(2026-05-15T19:47:51.8489044Z, 2026-05-15T19:48:31.8540565Z] LongSumNonMonotonic
Value: 2481009246208
Instrumentation scope (Meter):
	Name: OpenTelemetry.Instrumentation.Process
	Version: 1.10.0-beta.1
Resource associated with Metric:
	service.name: NatureProtector.Simulator.Host
	service.instance.id: c2f8297e-a893-491c-8415-d33e5ab48cbb
	telemetry.sdk.name: opentelemetry
	telemetry.sdk.language: dotnet
	telemetry.sdk.version: 1.10.0

Metric Name: process.cpu.time, Description: Total CPU seconds broken down by different states., Unit: s
(2026-05-15T19:47:51.8490877Z, 2026-05-15T19:48:31.8540571Z] process.cpu.state: user DoubleSum
Value: 1.828125
Instrumentation scope (Meter):
	Name: OpenTelemetry.Instrumentation.Process
	Version: 1.10.0-beta.1
Resource associated with Metric:
	service.name: NatureProtector.Simulator.Host
	service.instance.id: c2f8297e-a893-491c-8415-d33e5ab48cbb
	telemetry.sdk.name: opentelemetry
	telemetry.sdk.language: dotnet
	telemetry.sdk.version: 1.10.0
(2026-05-15T19:47:51.8490877Z, 2026-05-15T19:48:31.8540571Z] process.cpu.state: system DoubleSum
Value: 0.28125
Instrumentation scope (Meter):
	Name: OpenTelemetry.Instrumentation.Process
	Version: 1.10.0-beta.1
Resource associated with Metric:
	service.name: NatureProtector.Simulator.Host
	service.instance.id: c2f8297e-a893-491c-8415-d33e5ab48cbb
	telemetry.sdk.name: opentelemetry
	telemetry.sdk.language: dotnet
	telemetry.sdk.version: 1.10.0

Metric Name: process.cpu.count, Description: The number of processors (CPU cores) available to the current process., Unit: {processors}
(2026-05-15T19:47:51.8491055Z, 2026-05-15T19:48:31.8540576Z] LongSumNonMonotonic
Value: 16
Instrumentation scope (Meter):
	Name: OpenTelemetry.Instrumentation.Process
	Version: 1.10.0-beta.1
Resource associated with Metric:
	service.name: NatureProtector.Simulator.Host
	service.instance.id: c2f8297e-a893-491c-8415-d33e5ab48cbb
	telemetry.sdk.name: opentelemetry
	telemetry.sdk.language: dotnet
	telemetry.sdk.version: 1.10.0

Metric Name: process.thread.count, Description: Process threads count., Unit: {thread}
(2026-05-15T19:47:51.8491189Z, 2026-05-15T19:48:31.8540578Z] LongSumNonMonotonic
Value: 23
Instrumentation scope (Meter):
	Name: OpenTelemetry.Instrumentation.Process
	Version: 1.10.0-beta.1
Resource associated with Metric:
	service.name: NatureProtector.Simulator.Host
	service.instance.id: c2f8297e-a893-491c-8415-d33e5ab48cbb
	telemetry.sdk.name: opentelemetry
	telemetry.sdk.language: dotnet
	telemetry.sdk.version: 1.10.0

Metric Name: dotnet.gc.collections, Description: The number of garbage collections that have occurred since the process has started., Unit: {collection}
(2026-05-15T19:47:51.8491273Z, 2026-05-15T19:48:31.8540580Z] gc.heap.generation: gen2 LongSum
Value: 1
Instrumentation scope (Meter):
	Name: System.Runtime
Resource associated with Metric:
	service.name: NatureProtector.Simulator.Host
	service.instance.id: c2f8297e-a893-491c-8415-d33e5ab48cbb
	telemetry.sdk.name: opentelemetry
	telemetry.sdk.language: dotnet
	telemetry.sdk.version: 1.10.0
(2026-05-15T19:47:51.8491273Z, 2026-05-15T19:48:31.8540580Z] gc.heap.generation: gen1 LongSum
Value: 1
Instrumentation scope (Meter):
	Name: System.Runtime
Resource associated with Metric:
	service.name: NatureProtector.Simulator.Host
	service.instance.id: c2f8297e-a893-491c-8415-d33e5ab48cbb
	telemetry.sdk.name: opentelemetry
	telemetry.sdk.language: dotnet
	telemetry.sdk.version: 1.10.0
(2026-05-15T19:47:51.8491273Z, 2026-05-15T19:48:31.8540580Z] gc.heap.generation: gen0 LongSum
Value: 2
Instrumentation scope (Meter):
	Name: System.Runtime
Resource associated with Metric:
	service.name: NatureProtector.Simulator.Host
	service.instance.id: c2f8297e-a893-491c-8415-d33e5ab48cbb
	telemetry.sdk.name: opentelemetry
	telemetry.sdk.language: dotnet
	telemetry.sdk.version: 1.10.0

Metric Name: dotnet.process.memory.working_set, Description: The number of bytes of physical memory mapped to the process context., Unit: By
(2026-05-15T19:47:51.8491348Z, 2026-05-15T19:48:31.8540582Z] LongSumNonMonotonic
Value: 106512384
Instrumentation scope (Meter):
	Name: System.Runtime
Resource associated with Metric:
	service.name: NatureProtector.Simulator.Host
	service.instance.id: c2f8297e-a893-491c-8415-d33e5ab48cbb
	telemetry.sdk.name: opentelemetry
	telemetry.sdk.language: dotnet
	telemetry.sdk.version: 1.10.0

Metric Name: dotnet.gc.heap.total_allocated, Description: The approximate number of bytes allocated on the managed GC heap since the process has started. The returned value does not include any native allocations., Unit: By
(2026-05-15T19:47:51.8497073Z, 2026-05-15T19:48:31.8540584Z] LongSum
Value: 39731864
Instrumentation scope (Meter):
	Name: System.Runtime
Resource associated with Metric:
	service.name: NatureProtector.Simulator.Host
	service.instance.id: c2f8297e-a893-491c-8415-d33e5ab48cbb
	telemetry.sdk.name: opentelemetry
	telemetry.sdk.language: dotnet
	telemetry.sdk.version: 1.10.0

Metric Name: dotnet.gc.last_collection.memory.committed_size, Description: The amount of committed virtual memory in use by the .NET GC, as observed during the latest garbage collection., Unit: By
(2026-05-15T19:47:51.8497164Z, 2026-05-15T19:48:31.8540587Z] LongSumNonMonotonic
Value: 20840448
Instrumentation scope (Meter):
	Name: System.Runtime
Resource associated with Metric:
	service.name: NatureProtector.Simulator.Host
	service.instance.id: c2f8297e-a893-491c-8415-d33e5ab48cbb
	telemetry.sdk.name: opentelemetry
	telemetry.sdk.language: dotnet
	telemetry.sdk.version: 1.10.0

Metric Name: dotnet.gc.last_collection.heap.size, Description: The managed GC heap size (including fragmentation), as observed during the latest garbage collection., Unit: By
(2026-05-15T19:47:51.8497237Z, 2026-05-15T19:48:31.8540588Z] gc.heap.generation: gen0 LongSumNonMonotonic
Value: 156040
Instrumentation scope (Meter):
	Name: System.Runtime
Resource associated with Metric:
	service.name: NatureProtector.Simulator.Host
	service.instance.id: c2f8297e-a893-491c-8415-d33e5ab48cbb
	telemetry.sdk.name: opentelemetry
	telemetry.sdk.language: dotnet
	telemetry.sdk.version: 1.10.0
(2026-05-15T19:47:51.8497237Z, 2026-05-15T19:48:31.8540588Z] gc.heap.generation: gen1 LongSumNonMonotonic
Value: 4144664
Instrumentation scope (Meter):
	Name: System.Runtime
Resource associated with Metric:
	service.name: NatureProtector.Simulator.Host
	service.instance.id: c2f8297e-a893-491c-8415-d33e5ab48cbb
	telemetry.sdk.name: opentelemetry
	telemetry.sdk.language: dotnet
	telemetry.sdk.version: 1.10.0
(2026-05-15T19:47:51.8497237Z, 2026-05-15T19:48:31.8540588Z] gc.heap.generation: gen2 LongSumNonMonotonic
Value: 915152
Instrumentation scope (Meter):
	Name: System.Runtime
Resource associated with Metric:
	service.name: NatureProtector.Simulator.Host
	service.instance.id: c2f8297e-a893-491c-8415-d33e5ab48cbb
	telemetry.sdk.name: opentelemetry
	telemetry.sdk.language: dotnet
	telemetry.sdk.version: 1.10.0
(2026-05-15T19:47:51.8497237Z, 2026-05-15T19:48:31.8540588Z] gc.heap.generation: loh LongSumNonMonotonic
Value: 6986640
Instrumentation scope (Meter):
	Name: System.Runtime
Resource associated with Metric:
	service.name: NatureProtector.Simulator.Host
	service.instance.id: c2f8297e-a893-491c-8415-d33e5ab48cbb
	telemetry.sdk.name: opentelemetry
	telemetry.sdk.language: dotnet
	telemetry.sdk.version: 1.10.0
(2026-05-15T19:47:51.8497237Z, 2026-05-15T19:48:31.8540588Z] gc.heap.generation: poh LongSumNonMonotonic
Value: 58240
Instrumentation scope (Meter):
	Name: System.Runtime
Resource associated with Metric:
	service.name: NatureProtector.Simulator.Host
	service.instance.id: c2f8297e-a893-491c-8415-d33e5ab48cbb
	telemetry.sdk.name: opentelemetry
	telemetry.sdk.language: dotnet
	telemetry.sdk.version: 1.10.0

Metric Name: dotnet.gc.last_collection.heap.fragmentation.size, Description: The heap fragmentation, as observed during the latest garbage collection., Unit: By
(2026-05-15T19:47:51.8497339Z, 2026-05-15T19:48:31.8540591Z] gc.heap.generation: gen0 LongSumNonMonotonic
Value: 147656
Instrumentation scope (Meter):
	Name: System.Runtime
Resource associated with Metric:
	service.name: NatureProtector.Simulator.Host
	service.instance.id: c2f8297e-a893-491c-8415-d33e5ab48cbb
	telemetry.sdk.name: opentelemetry
	telemetry.sdk.language: dotnet
	telemetry.sdk.version: 1.10.0
(2026-05-15T19:47:51.8497339Z, 2026-05-15T19:48:31.8540591Z] gc.heap.generation: gen1 LongSumNonMonotonic
Value: 68112
Instrumentation scope (Meter):
	Name: System.Runtime
Resource associated with Metric:
	service.name: NatureProtector.Simulator.Host
	service.instance.id: c2f8297e-a893-491c-8415-d33e5ab48cbb
	telemetry.sdk.name: opentelemetry
	telemetry.sdk.language: dotnet
	telemetry.sdk.version: 1.10.0
(2026-05-15T19:47:51.8497339Z, 2026-05-15T19:48:31.8540591Z] gc.heap.generation: gen2 LongSumNonMonotonic
Value: 0
Instrumentation scope (Meter):
	Name: System.Runtime
Resource associated with Metric:
	service.name: NatureProtector.Simulator.Host
	service.instance.id: c2f8297e-a893-491c-8415-d33e5ab48cbb
	telemetry.sdk.name: opentelemetry
	telemetry.sdk.language: dotnet
	telemetry.sdk.version: 1.10.0
(2026-05-15T19:47:51.8497339Z, 2026-05-15T19:48:31.8540591Z] gc.heap.generation: loh LongSumNonMonotonic
Value: 1120
Instrumentation scope (Meter):
	Name: System.Runtime
Resource associated with Metric:
	service.name: NatureProtector.Simulator.Host
	service.instance.id: c2f8297e-a893-491c-8415-d33e5ab48cbb
	telemetry.sdk.name: opentelemetry
	telemetry.sdk.language: dotnet
	telemetry.sdk.version: 1.10.0
(2026-05-15T19:47:51.8497339Z, 2026-05-15T19:48:31.8540591Z] gc.heap.generation: poh LongSumNonMonotonic
Value: 0
Instrumentation scope (Meter):
	Name: System.Runtime
Resource associated with Metric:
	service.name: NatureProtector.Simulator.Host
	service.instance.id: c2f8297e-a893-491c-8415-d33e5ab48cbb
	telemetry.sdk.name: opentelemetry
	telemetry.sdk.language: dotnet
	telemetry.sdk.version: 1.10.0

Metric Name: dotnet.gc.pause.time, Description: The total amount of time paused in GC since the process has started., Unit: s
(2026-05-15T19:47:51.8497421Z, 2026-05-15T19:48:31.8540593Z] DoubleSum
Value: 0.017602
Instrumentation scope (Meter):
	Name: System.Runtime
Resource associated with Metric:
	service.name: NatureProtector.Simulator.Host
	service.instance.id: c2f8297e-a893-491c-8415-d33e5ab48cbb
	telemetry.sdk.name: opentelemetry
	telemetry.sdk.language: dotnet
	telemetry.sdk.version: 1.10.0

Metric Name: dotnet.jit.compiled_il.size, Description: Count of bytes of intermediate language that have been compiled since the process has started., Unit: By
(2026-05-15T19:47:51.8497489Z, 2026-05-15T19:48:31.8540594Z] LongSum
Value: 1131336
Instrumentation scope (Meter):
	Name: System.Runtime
Resource associated with Metric:
	service.name: NatureProtector.Simulator.Host
	service.instance.id: c2f8297e-a893-491c-8415-d33e5ab48cbb
	telemetry.sdk.name: opentelemetry
	telemetry.sdk.language: dotnet
	telemetry.sdk.version: 1.10.0

Metric Name: dotnet.jit.compiled_methods, Description: The number of times the JIT compiler (re)compiled methods since the process has started., Unit: {method}
(2026-05-15T19:47:51.8497588Z, 2026-05-15T19:48:31.8540597Z] LongSum
Value: 14677
Instrumentation scope (Meter):
	Name: System.Runtime
Resource associated with Metric:
	service.name: NatureProtector.Simulator.Host
	service.instance.id: c2f8297e-a893-491c-8415-d33e5ab48cbb
	telemetry.sdk.name: opentelemetry
	telemetry.sdk.language: dotnet
	telemetry.sdk.version: 1.10.0

Metric Name: dotnet.jit.compilation.time, Description: The number of times the JIT compiler (re)compiled methods since the process has started., Unit: s
(2026-05-15T19:47:51.8497690Z, 2026-05-15T19:48:31.8540598Z] DoubleSum
Value: 1.4305167
Instrumentation scope (Meter):
	Name: System.Runtime
Resource associated with Metric:
	service.name: NatureProtector.Simulator.Host
	service.instance.id: c2f8297e-a893-491c-8415-d33e5ab48cbb
	telemetry.sdk.name: opentelemetry
	telemetry.sdk.language: dotnet
	telemetry.sdk.version: 1.10.0

Metric Name: dotnet.monitor.lock_contentions, Description: The number of times there was contention when trying to acquire a monitor lock since the process has started., Unit: {contention}
(2026-05-15T19:47:51.8497769Z, 2026-05-15T19:48:31.8540599Z] LongSum
Value: 34
Instrumentation scope (Meter):
	Name: System.Runtime
Resource associated with Metric:
	service.name: NatureProtector.Simulator.Host
	service.instance.id: c2f8297e-a893-491c-8415-d33e5ab48cbb
	telemetry.sdk.name: opentelemetry
	telemetry.sdk.language: dotnet
	telemetry.sdk.version: 1.10.0

Metric Name: dotnet.thread_pool.thread.count, Description: The number of thread pool threads that currently exist., Unit: {thread}
(2026-05-15T19:47:51.8497866Z, 2026-05-15T19:48:31.8540600Z] LongSum
Value: 2
Instrumentation scope (Meter):
	Name: System.Runtime
Resource associated with Metric:
	service.name: NatureProtector.Simulator.Host
	service.instance.id: c2f8297e-a893-491c-8415-d33e5ab48cbb
	telemetry.sdk.name: opentelemetry
	telemetry.sdk.language: dotnet
	telemetry.sdk.version: 1.10.0

Metric Name: dotnet.thread_pool.work_item.count, Description: The number of work items that the thread pool has completed since the process has started., Unit: {work_item}
(2026-05-15T19:47:51.8497935Z, 2026-05-15T19:48:31.8540601Z] LongSum
Value: 106
Instrumentation scope (Meter):
	Name: System.Runtime
Resource associated with Metric:
	service.name: NatureProtector.Simulator.Host
	service.instance.id: c2f8297e-a893-491c-8415-d33e5ab48cbb
	telemetry.sdk.name: opentelemetry
	telemetry.sdk.language: dotnet
	telemetry.sdk.version: 1.10.0

Metric Name: dotnet.thread_pool.queue.length, Description: The number of work items that are currently queued to be processed by the thread pool., Unit: {work_item}
(2026-05-15T19:47:51.8498023Z, 2026-05-15T19:48:31.8540603Z] LongSum
Value: 0
Instrumentation scope (Meter):
	Name: System.Runtime
Resource associated with Metric:
	service.name: NatureProtector.Simulator.Host
	service.instance.id: c2f8297e-a893-491c-8415-d33e5ab48cbb
	telemetry.sdk.name: opentelemetry
	telemetry.sdk.language: dotnet
	telemetry.sdk.version: 1.10.0

Metric Name: dotnet.timer.count, Description: The number of timer instances that are currently active. An active timer is registered to tick at some point in the future and has not yet been canceled., Unit: {timer}
(2026-05-15T19:47:51.8498160Z, 2026-05-15T19:48:31.8540604Z] LongSumNonMonotonic
Value: 4
Instrumentation scope (Meter):
	Name: System.Runtime
Resource associated with Metric:
	service.name: NatureProtector.Simulator.Host
	service.instance.id: c2f8297e-a893-491c-8415-d33e5ab48cbb
	telemetry.sdk.name: opentelemetry
	telemetry.sdk.language: dotnet
	telemetry.sdk.version: 1.10.0

Metric Name: dotnet.assembly.count, Description: The number of .NET assemblies that are currently loaded., Unit: {assembly}
(2026-05-15T19:47:51.8498242Z, 2026-05-15T19:48:31.8540606Z] LongSumNonMonotonic
Value: 105
Instrumentation scope (Meter):
	Name: System.Runtime
Resource associated with Metric:
	service.name: NatureProtector.Simulator.Host
	service.instance.id: c2f8297e-a893-491c-8415-d33e5ab48cbb
	telemetry.sdk.name: opentelemetry
	telemetry.sdk.language: dotnet
	telemetry.sdk.version: 1.10.0

Metric Name: dotnet.process.cpu.count, Description: The number of processors available to the process., Unit: {cpu}
(2026-05-15T19:47:51.8541883Z, 2026-05-15T19:48:31.8540610Z] LongSumNonMonotonic
Value: 16
Instrumentation scope (Meter):
	Name: System.Runtime
Resource associated with Metric:
	service.name: NatureProtector.Simulator.Host
	service.instance.id: c2f8297e-a893-491c-8415-d33e5ab48cbb
	telemetry.sdk.name: opentelemetry
	telemetry.sdk.language: dotnet
	telemetry.sdk.version: 1.10.0

Metric Name: dotnet.process.cpu.time, Description: CPU time used by the process., Unit: s
(2026-05-15T19:47:51.8542466Z, 2026-05-15T19:48:31.8540612Z] cpu.mode: user DoubleSum
Value: 1.828125
Instrumentation scope (Meter):
	Name: System.Runtime
Resource associated with Metric:
	service.name: NatureProtector.Simulator.Host
	service.instance.id: c2f8297e-a893-491c-8415-d33e5ab48cbb
	telemetry.sdk.name: opentelemetry
	telemetry.sdk.language: dotnet
	telemetry.sdk.version: 1.10.0
(2026-05-15T19:47:51.8542466Z, 2026-05-15T19:48:31.8540612Z] cpu.mode: system DoubleSum
Value: 0.296875
Instrumentation scope (Meter):
	Name: System.Runtime
Resource associated with Metric:
	service.name: NatureProtector.Simulator.Host
	service.instance.id: c2f8297e-a893-491c-8415-d33e5ab48cbb
	telemetry.sdk.name: opentelemetry
	telemetry.sdk.language: dotnet
	telemetry.sdk.version: 1.10.0

Metric Name: natureprotector.simulator.context.creations
(2026-05-15T19:47:51.8686992Z, 2026-05-15T19:48:31.8540614Z] LongSum
Value: 1
Instrumentation scope (Meter):
	Name: NatureProtector.Simulator.Host
Resource associated with Metric:
	service.name: NatureProtector.Simulator.Host
	service.instance.id: c2f8297e-a893-491c-8415-d33e5ab48cbb
	telemetry.sdk.name: opentelemetry
	telemetry.sdk.language: dotnet
	telemetry.sdk.version: 1.10.0

Metric Name: natureprotector.simulator.context.creation.duration, Unit: ms
(2026-05-15T19:47:51.8691666Z, 2026-05-15T19:48:31.8540620Z] Histogram
Value: Sum: 1071,7155 Count: 1 Min: 1071,7155 Max: 1071,7155 
(-Infinity,0]:0
(0,5]:0
(5,10]:0
(10,25]:0
(25,50]:0
(50,75]:0
(75,100]:0
(100,250]:0
(250,500]:0
(500,750]:0
(750,1000]:0
(1000,2500]:1
(2500,5000]:0
(5000,7500]:0
(7500,10000]:0
(10000,+Infinity]:0

Instrumentation scope (Meter):
	Name: NatureProtector.Simulator.Host
Resource associated with Metric:
	service.name: NatureProtector.Simulator.Host
	service.instance.id: c2f8297e-a893-491c-8415-d33e5ab48cbb
	telemetry.sdk.name: opentelemetry
	telemetry.sdk.language: dotnet
	telemetry.sdk.version: 1.10.0

Metric Name: natureprotector.simulator.runs
(2026-05-15T19:47:51.8691833Z, 2026-05-15T19:48:31.8540624Z] np.outcome: started LongSum
Value: 1
Instrumentation scope (Meter):
	Name: NatureProtector.Simulator.Host
Resource associated with Metric:
	service.name: NatureProtector.Simulator.Host
	service.instance.id: c2f8297e-a893-491c-8415-d33e5ab48cbb
	telemetry.sdk.name: opentelemetry
	telemetry.sdk.language: dotnet
	telemetry.sdk.version: 1.10.0
(2026-05-15T19:47:51.8691833Z, 2026-05-15T19:48:31.8540624Z] np.outcome: completed LongSum
Value: 1
Instrumentation scope (Meter):
	Name: NatureProtector.Simulator.Host
Resource associated with Metric:
	service.name: NatureProtector.Simulator.Host
	service.instance.id: c2f8297e-a893-491c-8415-d33e5ab48cbb
	telemetry.sdk.name: opentelemetry
	telemetry.sdk.language: dotnet
	telemetry.sdk.version: 1.10.0

Metric Name: natureprotector.simulator.run.duration, Unit: ms
(2026-05-15T19:47:51.8691934Z, 2026-05-15T19:48:31.8540630Z] np.outcome: completed Histogram
Value: Sum: 21581,8992 Count: 1 Min: 21581,8992 Max: 21581,8992 
(-Infinity,0]:0
(0,5]:0
(5,10]:0
(10,25]:0
(25,50]:0
(50,75]:0
(75,100]:0
(100,250]:0
(250,500]:0
(500,750]:0
(750,1000]:0
(1000,2500]:0
(2500,5000]:0
(5000,7500]:0
(7500,10000]:0
(10000,+Infinity]:1

Instrumentation scope (Meter):
	Name: NatureProtector.Simulator.Host
Resource associated with Metric:
	service.name: NatureProtector.Simulator.Host
	service.instance.id: c2f8297e-a893-491c-8415-d33e5ab48cbb
	telemetry.sdk.name: opentelemetry
	telemetry.sdk.language: dotnet
	telemetry.sdk.version: 1.10.0

Metric Name: natureprotector.simulator.publish.messages
(2026-05-15T19:47:51.8692005Z, 2026-05-15T19:48:31.8540639Z] LongSum
Value: 30
Instrumentation scope (Meter):
	Name: NatureProtector.Simulator.Host
Resource associated with Metric:
	service.name: NatureProtector.Simulator.Host
	service.instance.id: c2f8297e-a893-491c-8415-d33e5ab48cbb
	telemetry.sdk.name: opentelemetry
	telemetry.sdk.language: dotnet
	telemetry.sdk.version: 1.10.0

Metric Name: natureprotector.simulator.publish.batch.size
(2026-05-15T19:47:51.8696093Z, 2026-05-15T19:48:31.8540645Z] Histogram
Value: Sum: 30 Count: 5 Min: 6 Max: 6 
(-Infinity,0]:0
(0,5]:0
(5,10]:5
(10,25]:0
(25,50]:0
(50,75]:0
(75,100]:0
(100,250]:0
(250,500]:0
(500,750]:0
(750,1000]:0
(1000,2500]:0
(2500,5000]:0
(5000,7500]:0
(7500,10000]:0
(10000,+Infinity]:0

Instrumentation scope (Meter):
	Name: NatureProtector.Simulator.Host
Resource associated with Metric:
	service.name: NatureProtector.Simulator.Host
	service.instance.id: c2f8297e-a893-491c-8415-d33e5ab48cbb
	telemetry.sdk.name: opentelemetry
	telemetry.sdk.language: dotnet
	telemetry.sdk.version: 1.10.0

Metric Name: natureprotector.simulator.publish.duration, Unit: ms
(2026-05-15T19:47:51.8696249Z, 2026-05-15T19:48:31.8540651Z] Histogram
Value: Sum: 365,81870000000004 Count: 35 Min: 0,1017 Max: 143,0177 
(-Infinity,0]:0
(0,5]:29
(5,10]:0
(10,25]:2
(25,50]:2
(50,75]:0
(75,100]:0
(100,250]:2
(250,500]:0
(500,750]:0
(750,1000]:0
(1000,2500]:0
(2500,5000]:0
(5000,7500]:0
(7500,10000]:0
(10000,+Infinity]:0

Instrumentation scope (Meter):
	Name: NatureProtector.Simulator.Host
Resource associated with Metric:
	service.name: NatureProtector.Simulator.Host
	service.instance.id: c2f8297e-a893-491c-8415-d33e5ab48cbb
	telemetry.sdk.name: opentelemetry
	telemetry.sdk.language: dotnet
	telemetry.sdk.version: 1.10.0

Metric Name: dns.lookup.duration, Description: Measures the time taken to perform a DNS lookup., Unit: s
(2026-05-15T19:47:52.6473778Z, 2026-05-15T19:48:31.8540659Z] dns.question.name: localhost Histogram
Value: Sum: 0,0071665 Count: 2 Min: 0,0004012 Max: 0,0067653 
(-Infinity,0,005]:1
(0,005,0,01]:1
(0,01,0,025]:0
(0,025,0,05]:0
(0,05,0,075]:0
(0,075,0,1]:0
(0,1,0,25]:0
(0,25,0,5]:0
(0,5,0,75]:0
(0,75,1]:0
(1,2,5]:0
(2,5,5]:0
(5,7,5]:0
(7,5,10]:0
(10,+Infinity]:0

Instrumentation scope (Meter):
	Name: System.Net.NameResolution
Resource associated with Metric:
	service.name: NatureProtector.Simulator.Host
	service.instance.id: c2f8297e-a893-491c-8415-d33e5ab48cbb
	telemetry.sdk.name: opentelemetry
	telemetry.sdk.language: dotnet
	telemetry.sdk.version: 1.10.0

Metric Name: process.memory.usage, Description: The amount of physical memory in use., Unit: By
(2026-05-15T19:47:51.8479446Z, 2026-05-15T19:48:41.8491355Z] LongSumNonMonotonic
Value: 107667456
Instrumentation scope (Meter):
	Name: OpenTelemetry.Instrumentation.Process
	Version: 1.10.0-beta.1
Resource associated with Metric:
	service.name: NatureProtector.Simulator.Host
	service.instance.id: c2f8297e-a893-491c-8415-d33e5ab48cbb
	telemetry.sdk.name: opentelemetry
	telemetry.sdk.language: dotnet
	telemetry.sdk.version: 1.10.0

Metric Name: process.memory.virtual, Description: The amount of committed virtual memory., Unit: By
(2026-05-15T19:47:51.8489044Z, 2026-05-15T19:48:41.8491360Z] LongSumNonMonotonic
Value: 2481009246208
Instrumentation scope (Meter):
	Name: OpenTelemetry.Instrumentation.Process
	Version: 1.10.0-beta.1
Resource associated with Metric:
	service.name: NatureProtector.Simulator.Host
	service.instance.id: c2f8297e-a893-491c-8415-d33e5ab48cbb
	telemetry.sdk.name: opentelemetry
	telemetry.sdk.language: dotnet
	telemetry.sdk.version: 1.10.0

Metric Name: process.cpu.time, Description: Total CPU seconds broken down by different states., Unit: s
(2026-05-15T19:47:51.8490877Z, 2026-05-15T19:48:41.8491364Z] process.cpu.state: user DoubleSum
Value: 1.828125
Instrumentation scope (Meter):
	Name: OpenTelemetry.Instrumentation.Process
	Version: 1.10.0-beta.1
Resource associated with Metric:
	service.name: NatureProtector.Simulator.Host
	service.instance.id: c2f8297e-a893-491c-8415-d33e5ab48cbb
	telemetry.sdk.name: opentelemetry
	telemetry.sdk.language: dotnet
	telemetry.sdk.version: 1.10.0
(2026-05-15T19:47:51.8490877Z, 2026-05-15T19:48:41.8491364Z] process.cpu.state: system DoubleSum
Value: 0.3125
Instrumentation scope (Meter):
	Name: OpenTelemetry.Instrumentation.Process
	Version: 1.10.0-beta.1
Resource associated with Metric:
	service.name: NatureProtector.Simulator.Host
	service.instance.id: c2f8297e-a893-491c-8415-d33e5ab48cbb
	telemetry.sdk.name: opentelemetry
	telemetry.sdk.language: dotnet
	telemetry.sdk.version: 1.10.0

Metric Name: process.cpu.count, Description: The number of processors (CPU cores) available to the current process., Unit: {processors}
(2026-05-15T19:47:51.8491055Z, 2026-05-15T19:48:41.8491369Z] LongSumNonMonotonic
Value: 16
Instrumentation scope (Meter):
	Name: OpenTelemetry.Instrumentation.Process
	Version: 1.10.0-beta.1
Resource associated with Metric:
	service.name: NatureProtector.Simulator.Host
	service.instance.id: c2f8297e-a893-491c-8415-d33e5ab48cbb
	telemetry.sdk.name: opentelemetry
	telemetry.sdk.language: dotnet
	telemetry.sdk.version: 1.10.0

Metric Name: process.thread.count, Description: Process threads count., Unit: {thread}
(2026-05-15T19:47:51.8491189Z, 2026-05-15T19:48:41.8491372Z] LongSumNonMonotonic
Value: 23
Instrumentation scope (Meter):
	Name: OpenTelemetry.Instrumentation.Process
	Version: 1.10.0-beta.1
Resource associated with Metric:
	service.name: NatureProtector.Simulator.Host
	service.instance.id: c2f8297e-a893-491c-8415-d33e5ab48cbb
	telemetry.sdk.name: opentelemetry
	telemetry.sdk.language: dotnet
	telemetry.sdk.version: 1.10.0

Metric Name: dotnet.gc.collections, Description: The number of garbage collections that have occurred since the process has started., Unit: {collection}
(2026-05-15T19:47:51.8491273Z, 2026-05-15T19:48:41.8491374Z] gc.heap.generation: gen2 LongSum
Value: 1
Instrumentation scope (Meter):
	Name: System.Runtime
Resource associated with Metric:
	service.name: NatureProtector.Simulator.Host
	service.instance.id: c2f8297e-a893-491c-8415-d33e5ab48cbb
	telemetry.sdk.name: opentelemetry
	telemetry.sdk.language: dotnet
	telemetry.sdk.version: 1.10.0
(2026-05-15T19:47:51.8491273Z, 2026-05-15T19:48:41.8491374Z] gc.heap.generation: gen1 LongSum
Value: 1
Instrumentation scope (Meter):
	Name: System.Runtime
Resource associated with Metric:
	service.name: NatureProtector.Simulator.Host
	service.instance.id: c2f8297e-a893-491c-8415-d33e5ab48cbb
	telemetry.sdk.name: opentelemetry
	telemetry.sdk.language: dotnet
	telemetry.sdk.version: 1.10.0
(2026-05-15T19:47:51.8491273Z, 2026-05-15T19:48:41.8491374Z] gc.heap.generation: gen0 LongSum
Value: 2
Instrumentation scope (Meter):
	Name: System.Runtime
Resource associated with Metric:
	service.name: NatureProtector.Simulator.Host
	service.instance.id: c2f8297e-a893-491c-8415-d33e5ab48cbb
	telemetry.sdk.name: opentelemetry
	telemetry.sdk.language: dotnet
	telemetry.sdk.version: 1.10.0

Metric Name: dotnet.process.memory.working_set, Description: The number of bytes of physical memory mapped to the process context., Unit: By
(2026-05-15T19:47:51.8491348Z, 2026-05-15T19:48:41.8491376Z] LongSumNonMonotonic
Value: 107057152
Instrumentation scope (Meter):
	Name: System.Runtime
Resource associated with Metric:
	service.name: NatureProtector.Simulator.Host
	service.instance.id: c2f8297e-a893-491c-8415-d33e5ab48cbb
	telemetry.sdk.name: opentelemetry
	telemetry.sdk.language: dotnet
	telemetry.sdk.version: 1.10.0

Metric Name: dotnet.gc.heap.total_allocated, Description: The approximate number of bytes allocated on the managed GC heap since the process has started. The returned value does not include any native allocations., Unit: By
(2026-05-15T19:47:51.8497073Z, 2026-05-15T19:48:41.8491377Z] LongSum
Value: 39895864
Instrumentation scope (Meter):
	Name: System.Runtime
Resource associated with Metric:
	service.name: NatureProtector.Simulator.Host
	service.instance.id: c2f8297e-a893-491c-8415-d33e5ab48cbb
	telemetry.sdk.name: opentelemetry
	telemetry.sdk.language: dotnet
	telemetry.sdk.version: 1.10.0

Metric Name: dotnet.gc.last_collection.memory.committed_size, Description: The amount of committed virtual memory in use by the .NET GC, as observed during the latest garbage collection., Unit: By
(2026-05-15T19:47:51.8497164Z, 2026-05-15T19:48:41.8491379Z] LongSumNonMonotonic
Value: 20840448
Instrumentation scope (Meter):
	Name: System.Runtime
Resource associated with Metric:
	service.name: NatureProtector.Simulator.Host
	service.instance.id: c2f8297e-a893-491c-8415-d33e5ab48cbb
	telemetry.sdk.name: opentelemetry
	telemetry.sdk.language: dotnet
	telemetry.sdk.version: 1.10.0

Metric Name: dotnet.gc.last_collection.heap.size, Description: The managed GC heap size (including fragmentation), as observed during the latest garbage collection., Unit: By
(2026-05-15T19:47:51.8497237Z, 2026-05-15T19:48:41.8491381Z] gc.heap.generation: gen0 LongSumNonMonotonic
Value: 156040
Instrumentation scope (Meter):
	Name: System.Runtime
Resource associated with Metric:
	service.name: NatureProtector.Simulator.Host
	service.instance.id: c2f8297e-a893-491c-8415-d33e5ab48cbb
	telemetry.sdk.name: opentelemetry
	telemetry.sdk.language: dotnet
	telemetry.sdk.version: 1.10.0
(2026-05-15T19:47:51.8497237Z, 2026-05-15T19:48:41.8491381Z] gc.heap.generation: gen1 LongSumNonMonotonic
Value: 4144664
Instrumentation scope (Meter):
	Name: System.Runtime
Resource associated with Metric:
	service.name: NatureProtector.Simulator.Host
	service.instance.id: c2f8297e-a893-491c-8415-d33e5ab48cbb
	telemetry.sdk.name: opentelemetry
	telemetry.sdk.language: dotnet
	telemetry.sdk.version: 1.10.0
(2026-05-15T19:47:51.8497237Z, 2026-05-15T19:48:41.8491381Z] gc.heap.generation: gen2 LongSumNonMonotonic
Value: 915152
Instrumentation scope (Meter):
	Name: System.Runtime
Resource associated with Metric:
	service.name: NatureProtector.Simulator.Host
	service.instance.id: c2f8297e-a893-491c-8415-d33e5ab48cbb
	telemetry.sdk.name: opentelemetry
	telemetry.sdk.language: dotnet
	telemetry.sdk.version: 1.10.0
(2026-05-15T19:47:51.8497237Z, 2026-05-15T19:48:41.8491381Z] gc.heap.generation: loh LongSumNonMonotonic
Value: 6986640
Instrumentation scope (Meter):
	Name: System.Runtime
Resource associated with Metric:
	service.name: NatureProtector.Simulator.Host
	service.instance.id: c2f8297e-a893-491c-8415-d33e5ab48cbb
	telemetry.sdk.name: opentelemetry
	telemetry.sdk.language: dotnet
	telemetry.sdk.version: 1.10.0
(2026-05-15T19:47:51.8497237Z, 2026-05-15T19:48:41.8491381Z] gc.heap.generation: poh LongSumNonMonotonic
Value: 58240
Instrumentation scope (Meter):
	Name: System.Runtime
Resource associated with Metric:
	service.name: NatureProtector.Simulator.Host
	service.instance.id: c2f8297e-a893-491c-8415-d33e5ab48cbb
	telemetry.sdk.name: opentelemetry
	telemetry.sdk.language: dotnet
	telemetry.sdk.version: 1.10.0

Metric Name: dotnet.gc.last_collection.heap.fragmentation.size, Description: The heap fragmentation, as observed during the latest garbage collection., Unit: By
(2026-05-15T19:47:51.8497339Z, 2026-05-15T19:48:41.8491388Z] gc.heap.generation: gen0 LongSumNonMonotonic
Value: 147656
Instrumentation scope (Meter):
	Name: System.Runtime
Resource associated with Metric:
	service.name: NatureProtector.Simulator.Host
	service.instance.id: c2f8297e-a893-491c-8415-d33e5ab48cbb
	telemetry.sdk.name: opentelemetry
	telemetry.sdk.language: dotnet
	telemetry.sdk.version: 1.10.0
(2026-05-15T19:47:51.8497339Z, 2026-05-15T19:48:41.8491388Z] gc.heap.generation: gen1 LongSumNonMonotonic
Value: 68112
Instrumentation scope (Meter):
	Name: System.Runtime
Resource associated with Metric:
	service.name: NatureProtector.Simulator.Host
	service.instance.id: c2f8297e-a893-491c-8415-d33e5ab48cbb
	telemetry.sdk.name: opentelemetry
	telemetry.sdk.language: dotnet
	telemetry.sdk.version: 1.10.0
(2026-05-15T19:47:51.8497339Z, 2026-05-15T19:48:41.8491388Z] gc.heap.generation: gen2 LongSumNonMonotonic
Value: 0
Instrumentation scope (Meter):
	Name: System.Runtime
Resource associated with Metric:
	service.name: NatureProtector.Simulator.Host
	service.instance.id: c2f8297e-a893-491c-8415-d33e5ab48cbb
	telemetry.sdk.name: opentelemetry
	telemetry.sdk.language: dotnet
	telemetry.sdk.version: 1.10.0
(2026-05-15T19:47:51.8497339Z, 2026-05-15T19:48:41.8491388Z] gc.heap.generation: loh LongSumNonMonotonic
Value: 1120
Instrumentation scope (Meter):
	Name: System.Runtime
Resource associated with Metric:
	service.name: NatureProtector.Simulator.Host
	service.instance.id: c2f8297e-a893-491c-8415-d33e5ab48cbb
	telemetry.sdk.name: opentelemetry
	telemetry.sdk.language: dotnet
	telemetry.sdk.version: 1.10.0
(2026-05-15T19:47:51.8497339Z, 2026-05-15T19:48:41.8491388Z] gc.heap.generation: poh LongSumNonMonotonic
Value: 0
Instrumentation scope (Meter):
	Name: System.Runtime
Resource associated with Metric:
	service.name: NatureProtector.Simulator.Host
	service.instance.id: c2f8297e-a893-491c-8415-d33e5ab48cbb
	telemetry.sdk.name: opentelemetry
	telemetry.sdk.language: dotnet
	telemetry.sdk.version: 1.10.0

Metric Name: dotnet.gc.pause.time, Description: The total amount of time paused in GC since the process has started., Unit: s
(2026-05-15T19:47:51.8497421Z, 2026-05-15T19:48:41.8491392Z] DoubleSum
Value: 0.017602
Instrumentation scope (Meter):
	Name: System.Runtime
Resource associated with Metric:
	service.name: NatureProtector.Simulator.Host
	service.instance.id: c2f8297e-a893-491c-8415-d33e5ab48cbb
	telemetry.sdk.name: opentelemetry
	telemetry.sdk.language: dotnet
	telemetry.sdk.version: 1.10.0

Metric Name: dotnet.jit.compiled_il.size, Description: Count of bytes of intermediate language that have been compiled since the process has started., Unit: By
(2026-05-15T19:47:51.8497489Z, 2026-05-15T19:48:41.8491393Z] LongSum
Value: 1133680
Instrumentation scope (Meter):
	Name: System.Runtime
Resource associated with Metric:
	service.name: NatureProtector.Simulator.Host
	service.instance.id: c2f8297e-a893-491c-8415-d33e5ab48cbb
	telemetry.sdk.name: opentelemetry
	telemetry.sdk.language: dotnet
	telemetry.sdk.version: 1.10.0

Metric Name: dotnet.jit.compiled_methods, Description: The number of times the JIT compiler (re)compiled methods since the process has started., Unit: {method}
(2026-05-15T19:47:51.8497588Z, 2026-05-15T19:48:41.8491396Z] LongSum
Value: 14697
Instrumentation scope (Meter):
	Name: System.Runtime
Resource associated with Metric:
	service.name: NatureProtector.Simulator.Host
	service.instance.id: c2f8297e-a893-491c-8415-d33e5ab48cbb
	telemetry.sdk.name: opentelemetry
	telemetry.sdk.language: dotnet
	telemetry.sdk.version: 1.10.0

Metric Name: dotnet.jit.compilation.time, Description: The number of times the JIT compiler (re)compiled methods since the process has started., Unit: s
(2026-05-15T19:47:51.8497690Z, 2026-05-15T19:48:41.8491398Z] DoubleSum
Value: 1.4399434
Instrumentation scope (Meter):
	Name: System.Runtime
Resource associated with Metric:
	service.name: NatureProtector.Simulator.Host
	service.instance.id: c2f8297e-a893-491c-8415-d33e5ab48cbb
	telemetry.sdk.name: opentelemetry
	telemetry.sdk.language: dotnet
	telemetry.sdk.version: 1.10.0

Metric Name: dotnet.monitor.lock_contentions, Description: The number of times there was contention when trying to acquire a monitor lock since the process has started., Unit: {contention}
(2026-05-15T19:47:51.8497769Z, 2026-05-15T19:48:41.8491399Z] LongSum
Value: 34
Instrumentation scope (Meter):
	Name: System.Runtime
Resource associated with Metric:
	service.name: NatureProtector.Simulator.Host
	service.instance.id: c2f8297e-a893-491c-8415-d33e5ab48cbb
	telemetry.sdk.name: opentelemetry
	telemetry.sdk.language: dotnet
	telemetry.sdk.version: 1.10.0

Metric Name: dotnet.thread_pool.thread.count, Description: The number of thread pool threads that currently exist., Unit: {thread}
(2026-05-15T19:47:51.8497866Z, 2026-05-15T19:48:41.8491399Z] LongSum
Value: 2
Instrumentation scope (Meter):
	Name: System.Runtime
Resource associated with Metric:
	service.name: NatureProtector.Simulator.Host
	service.instance.id: c2f8297e-a893-491c-8415-d33e5ab48cbb
	telemetry.sdk.name: opentelemetry
	telemetry.sdk.language: dotnet
	telemetry.sdk.version: 1.10.0

Metric Name: dotnet.thread_pool.work_item.count, Description: The number of work items that the thread pool has completed since the process has started., Unit: {work_item}
(2026-05-15T19:47:51.8497935Z, 2026-05-15T19:48:41.8491401Z] LongSum
Value: 110
Instrumentation scope (Meter):
	Name: System.Runtime
Resource associated with Metric:
	service.name: NatureProtector.Simulator.Host
	service.instance.id: c2f8297e-a893-491c-8415-d33e5ab48cbb
	telemetry.sdk.name: opentelemetry
	telemetry.sdk.language: dotnet
	telemetry.sdk.version: 1.10.0

Metric Name: dotnet.thread_pool.queue.length, Description: The number of work items that are currently queued to be processed by the thread pool., Unit: {work_item}
(2026-05-15T19:47:51.8498023Z, 2026-05-15T19:48:41.8491403Z] LongSum
Value: 0
Instrumentation scope (Meter):
	Name: System.Runtime
Resource associated with Metric:
	service.name: NatureProtector.Simulator.Host
	service.instance.id: c2f8297e-a893-491c-8415-d33e5ab48cbb
	telemetry.sdk.name: opentelemetry
	telemetry.sdk.language: dotnet
	telemetry.sdk.version: 1.10.0

Metric Name: dotnet.timer.count, Description: The number of timer instances that are currently active. An active timer is registered to tick at some point in the future and has not yet been canceled., Unit: {timer}
(2026-05-15T19:47:51.8498160Z, 2026-05-15T19:48:41.8491404Z] LongSumNonMonotonic
Value: 4
Instrumentation scope (Meter):
	Name: System.Runtime
Resource associated with Metric:
	service.name: NatureProtector.Simulator.Host
	service.instance.id: c2f8297e-a893-491c-8415-d33e5ab48cbb
	telemetry.sdk.name: opentelemetry
	telemetry.sdk.language: dotnet
	telemetry.sdk.version: 1.10.0

Metric Name: dotnet.assembly.count, Description: The number of .NET assemblies that are currently loaded., Unit: {assembly}
(2026-05-15T19:47:51.8498242Z, 2026-05-15T19:48:41.8491406Z] LongSumNonMonotonic
Value: 105
Instrumentation scope (Meter):
	Name: System.Runtime
Resource associated with Metric:
	service.name: NatureProtector.Simulator.Host
	service.instance.id: c2f8297e-a893-491c-8415-d33e5ab48cbb
	telemetry.sdk.name: opentelemetry
	telemetry.sdk.language: dotnet
	telemetry.sdk.version: 1.10.0

Metric Name: dotnet.process.cpu.count, Description: The number of processors available to the process., Unit: {cpu}
(2026-05-15T19:47:51.8541883Z, 2026-05-15T19:48:41.8491409Z] LongSumNonMonotonic
Value: 16
Instrumentation scope (Meter):
	Name: System.Runtime
Resource associated with Metric:
	service.name: NatureProtector.Simulator.Host
	service.instance.id: c2f8297e-a893-491c-8415-d33e5ab48cbb
	telemetry.sdk.name: opentelemetry
	telemetry.sdk.language: dotnet
	telemetry.sdk.version: 1.10.0

Metric Name: dotnet.process.cpu.time, Description: CPU time used by the process., Unit: s
(2026-05-15T19:47:51.8542466Z, 2026-05-15T19:48:41.8491410Z] cpu.mode: user DoubleSum
Value: 1.828125
Instrumentation scope (Meter):
	Name: System.Runtime
Resource associated with Metric:
	service.name: NatureProtector.Simulator.Host
	service.instance.id: c2f8297e-a893-491c-8415-d33e5ab48cbb
	telemetry.sdk.name: opentelemetry
	telemetry.sdk.language: dotnet
	telemetry.sdk.version: 1.10.0
(2026-05-15T19:47:51.8542466Z, 2026-05-15T19:48:41.8491410Z] cpu.mode: system DoubleSum
Value: 0.3125
Instrumentation scope (Meter):
	Name: System.Runtime
Resource associated with Metric:
	service.name: NatureProtector.Simulator.Host
	service.instance.id: c2f8297e-a893-491c-8415-d33e5ab48cbb
	telemetry.sdk.name: opentelemetry
	telemetry.sdk.language: dotnet
	telemetry.sdk.version: 1.10.0

Metric Name: natureprotector.simulator.context.creations
(2026-05-15T19:47:51.8686992Z, 2026-05-15T19:48:41.8491413Z] LongSum
Value: 1
Instrumentation scope (Meter):
	Name: NatureProtector.Simulator.Host
Resource associated with Metric:
	service.name: NatureProtector.Simulator.Host
	service.instance.id: c2f8297e-a893-491c-8415-d33e5ab48cbb
	telemetry.sdk.name: opentelemetry
	telemetry.sdk.language: dotnet
	telemetry.sdk.version: 1.10.0

Metric Name: natureprotector.simulator.context.creation.duration, Unit: ms
(2026-05-15T19:47:51.8691666Z, 2026-05-15T19:48:41.8491419Z] Histogram
Value: Sum: 1071,7155 Count: 1 Min: 1071,7155 Max: 1071,7155 
(-Infinity,0]:0
(0,5]:0
(5,10]:0
(10,25]:0
(25,50]:0
(50,75]:0
(75,100]:0
(100,250]:0
(250,500]:0
(500,750]:0
(750,1000]:0
(1000,2500]:1
(2500,5000]:0
(5000,7500]:0
(7500,10000]:0
(10000,+Infinity]:0

Instrumentation scope (Meter):
	Name: NatureProtector.Simulator.Host
Resource associated with Metric:
	service.name: NatureProtector.Simulator.Host
	service.instance.id: c2f8297e-a893-491c-8415-d33e5ab48cbb
	telemetry.sdk.name: opentelemetry
	telemetry.sdk.language: dotnet
	telemetry.sdk.version: 1.10.0

Metric Name: natureprotector.simulator.runs
(2026-05-15T19:47:51.8691833Z, 2026-05-15T19:48:41.8491422Z] np.outcome: started LongSum
Value: 1
Instrumentation scope (Meter):
	Name: NatureProtector.Simulator.Host
Resource associated with Metric:
	service.name: NatureProtector.Simulator.Host
	service.instance.id: c2f8297e-a893-491c-8415-d33e5ab48cbb
	telemetry.sdk.name: opentelemetry
	telemetry.sdk.language: dotnet
	telemetry.sdk.version: 1.10.0
(2026-05-15T19:47:51.8691833Z, 2026-05-15T19:48:41.8491422Z] np.outcome: completed LongSum
Value: 1
Instrumentation scope (Meter):
	Name: NatureProtector.Simulator.Host
Resource associated with Metric:
	service.name: NatureProtector.Simulator.Host
	service.instance.id: c2f8297e-a893-491c-8415-d33e5ab48cbb
	telemetry.sdk.name: opentelemetry
	telemetry.sdk.language: dotnet
	telemetry.sdk.version: 1.10.0

Metric Name: natureprotector.simulator.run.duration, Unit: ms
(2026-05-15T19:47:51.8691934Z, 2026-05-15T19:48:41.8491427Z] np.outcome: completed Histogram
Value: Sum: 21581,8992 Count: 1 Min: 21581,8992 Max: 21581,8992 
(-Infinity,0]:0
(0,5]:0
(5,10]:0
(10,25]:0
(25,50]:0
(50,75]:0
(75,100]:0
(100,250]:0
(250,500]:0
(500,750]:0
(750,1000]:0
(1000,2500]:0
(2500,5000]:0
(5000,7500]:0
(7500,10000]:0
(10000,+Infinity]:1

Instrumentation scope (Meter):
	Name: NatureProtector.Simulator.Host
Resource associated with Metric:
	service.name: NatureProtector.Simulator.Host
	service.instance.id: c2f8297e-a893-491c-8415-d33e5ab48cbb
	telemetry.sdk.name: opentelemetry
	telemetry.sdk.language: dotnet
	telemetry.sdk.version: 1.10.0

Metric Name: natureprotector.simulator.publish.messages
(2026-05-15T19:47:51.8692005Z, 2026-05-15T19:48:41.8491430Z] LongSum
Value: 30
Instrumentation scope (Meter):
	Name: NatureProtector.Simulator.Host
Resource associated with Metric:
	service.name: NatureProtector.Simulator.Host
	service.instance.id: c2f8297e-a893-491c-8415-d33e5ab48cbb
	telemetry.sdk.name: opentelemetry
	telemetry.sdk.language: dotnet
	telemetry.sdk.version: 1.10.0

Metric Name: natureprotector.simulator.publish.batch.size
(2026-05-15T19:47:51.8696093Z, 2026-05-15T19:48:41.8491434Z] Histogram
Value: Sum: 30 Count: 5 Min: 6 Max: 6 
(-Infinity,0]:0
(0,5]:0
(5,10]:5
(10,25]:0
(25,50]:0
(50,75]:0
(75,100]:0
(100,250]:0
(250,500]:0
(500,750]:0
(750,1000]:0
(1000,2500]:0
(2500,5000]:0
(5000,7500]:0
(7500,10000]:0
(10000,+Infinity]:0

Instrumentation scope (Meter):
	Name: NatureProtector.Simulator.Host
Resource associated with Metric:
	service.name: NatureProtector.Simulator.Host
	service.instance.id: c2f8297e-a893-491c-8415-d33e5ab48cbb
	telemetry.sdk.name: opentelemetry
	telemetry.sdk.language: dotnet
	telemetry.sdk.version: 1.10.0

Metric Name: natureprotector.simulator.publish.duration, Unit: ms
(2026-05-15T19:47:51.8696249Z, 2026-05-15T19:48:41.8491440Z] Histogram
Value: Sum: 365,81870000000004 Count: 35 Min: 0,1017 Max: 143,0177 
(-Infinity,0]:0
(0,5]:29
(5,10]:0
(10,25]:2
(25,50]:2
(50,75]:0
(75,100]:0
(100,250]:2
(250,500]:0
(500,750]:0
(750,1000]:0
(1000,2500]:0
(2500,5000]:0
(5000,7500]:0
(7500,10000]:0
(10000,+Infinity]:0

Instrumentation scope (Meter):
	Name: NatureProtector.Simulator.Host
Resource associated with Metric:
	service.name: NatureProtector.Simulator.Host
	service.instance.id: c2f8297e-a893-491c-8415-d33e5ab48cbb
	telemetry.sdk.name: opentelemetry
	telemetry.sdk.language: dotnet
	telemetry.sdk.version: 1.10.0

Metric Name: dns.lookup.duration, Description: Measures the time taken to perform a DNS lookup., Unit: s
(2026-05-15T19:47:52.6473778Z, 2026-05-15T19:48:41.8491447Z] dns.question.name: localhost Histogram
Value: Sum: 0,0071665 Count: 2 Min: 0,0004012 Max: 0,0067653 
(-Infinity,0,005]:1
(0,005,0,01]:1
(0,01,0,025]:0
(0,025,0,05]:0
(0,05,0,075]:0
(0,075,0,1]:0
(0,1,0,25]:0
(0,25,0,5]:0
(0,5,0,75]:0
(0,75,1]:0
(1,2,5]:0
(2,5,5]:0
(5,7,5]:0
(7,5,10]:0
(10,+Infinity]:0

Instrumentation scope (Meter):
	Name: System.Net.NameResolution
Resource associated with Metric:
	service.name: NatureProtector.Simulator.Host
	service.instance.id: c2f8297e-a893-491c-8415-d33e5ab48cbb
	telemetry.sdk.name: opentelemetry
	telemetry.sdk.language: dotnet
	telemetry.sdk.version: 1.10.0

Metric Name: process.memory.usage, Description: The amount of physical memory in use., Unit: By
(2026-05-15T19:47:51.8479446Z, 2026-05-15T19:48:51.8524970Z] LongSumNonMonotonic
Value: 106819584
Instrumentation scope (Meter):
	Name: OpenTelemetry.Instrumentation.Process
	Version: 1.10.0-beta.1
Resource associated with Metric:
	service.name: NatureProtector.Simulator.Host
	service.instance.id: c2f8297e-a893-491c-8415-d33e5ab48cbb
	telemetry.sdk.name: opentelemetry
	telemetry.sdk.language: dotnet
	telemetry.sdk.version: 1.10.0

Metric Name: process.memory.virtual, Description: The amount of committed virtual memory., Unit: By
(2026-05-15T19:47:51.8489044Z, 2026-05-15T19:48:51.8524976Z] LongSumNonMonotonic
Value: 2481002954752
Instrumentation scope (Meter):
	Name: OpenTelemetry.Instrumentation.Process
	Version: 1.10.0-beta.1
Resource associated with Metric:
	service.name: NatureProtector.Simulator.Host
	service.instance.id: c2f8297e-a893-491c-8415-d33e5ab48cbb
	telemetry.sdk.name: opentelemetry
	telemetry.sdk.language: dotnet
	telemetry.sdk.version: 1.10.0

Metric Name: process.cpu.time, Description: Total CPU seconds broken down by different states., Unit: s
(2026-05-15T19:47:51.8490877Z, 2026-05-15T19:48:51.8524981Z] process.cpu.state: user DoubleSum
Value: 1.84375
Instrumentation scope (Meter):
	Name: OpenTelemetry.Instrumentation.Process
	Version: 1.10.0-beta.1
Resource associated with Metric:
	service.name: NatureProtector.Simulator.Host
	service.instance.id: c2f8297e-a893-491c-8415-d33e5ab48cbb
	telemetry.sdk.name: opentelemetry
	telemetry.sdk.language: dotnet
	telemetry.sdk.version: 1.10.0
(2026-05-15T19:47:51.8490877Z, 2026-05-15T19:48:51.8524981Z] process.cpu.state: system DoubleSum
Value: 0.34375
Instrumentation scope (Meter):
	Name: OpenTelemetry.Instrumentation.Process
	Version: 1.10.0-beta.1
Resource associated with Metric:
	service.name: NatureProtector.Simulator.Host
	service.instance.id: c2f8297e-a893-491c-8415-d33e5ab48cbb
	telemetry.sdk.name: opentelemetry
	telemetry.sdk.language: dotnet
	telemetry.sdk.version: 1.10.0

Metric Name: process.cpu.count, Description: The number of processors (CPU cores) available to the current process., Unit: {processors}
(2026-05-15T19:47:51.8491055Z, 2026-05-15T19:48:51.8524986Z] LongSumNonMonotonic
Value: 16
Instrumentation scope (Meter):
	Name: OpenTelemetry.Instrumentation.Process
	Version: 1.10.0-beta.1
Resource associated with Metric:
	service.name: NatureProtector.Simulator.Host
	service.instance.id: c2f8297e-a893-491c-8415-d33e5ab48cbb
	telemetry.sdk.name: opentelemetry
	telemetry.sdk.language: dotnet
	telemetry.sdk.version: 1.10.0

Metric Name: process.thread.count, Description: Process threads count., Unit: {thread}
(2026-05-15T19:47:51.8491189Z, 2026-05-15T19:48:51.8524988Z] LongSumNonMonotonic
Value: 21
Instrumentation scope (Meter):
	Name: OpenTelemetry.Instrumentation.Process
	Version: 1.10.0-beta.1
Resource associated with Metric:
	service.name: NatureProtector.Simulator.Host
	service.instance.id: c2f8297e-a893-491c-8415-d33e5ab48cbb
	telemetry.sdk.name: opentelemetry
	telemetry.sdk.language: dotnet
	telemetry.sdk.version: 1.10.0

Metric Name: dotnet.gc.collections, Description: The number of garbage collections that have occurred since the process has started., Unit: {collection}
(2026-05-15T19:47:51.8491273Z, 2026-05-15T19:48:51.8524991Z] gc.heap.generation: gen2 LongSum
Value: 1
Instrumentation scope (Meter):
	Name: System.Runtime
Resource associated with Metric:
	service.name: NatureProtector.Simulator.Host
	service.instance.id: c2f8297e-a893-491c-8415-d33e5ab48cbb
	telemetry.sdk.name: opentelemetry
	telemetry.sdk.language: dotnet
	telemetry.sdk.version: 1.10.0
(2026-05-15T19:47:51.8491273Z, 2026-05-15T19:48:51.8524991Z] gc.heap.generation: gen1 LongSum
Value: 1
Instrumentation scope (Meter):
	Name: System.Runtime
Resource associated with Metric:
	service.name: NatureProtector.Simulator.Host
	service.instance.id: c2f8297e-a893-491c-8415-d33e5ab48cbb
	telemetry.sdk.name: opentelemetry
	telemetry.sdk.language: dotnet
	telemetry.sdk.version: 1.10.0
(2026-05-15T19:47:51.8491273Z, 2026-05-15T19:48:51.8524991Z] gc.heap.generation: gen0 LongSum
Value: 2
Instrumentation scope (Meter):
	Name: System.Runtime
Resource associated with Metric:
	service.name: NatureProtector.Simulator.Host
	service.instance.id: c2f8297e-a893-491c-8415-d33e5ab48cbb
	telemetry.sdk.name: opentelemetry
	telemetry.sdk.language: dotnet
	telemetry.sdk.version: 1.10.0

Metric Name: dotnet.process.memory.working_set, Description: The number of bytes of physical memory mapped to the process context., Unit: By
(2026-05-15T19:47:51.8491348Z, 2026-05-15T19:48:51.8524992Z] LongSumNonMonotonic
Value: 106831872
Instrumentation scope (Meter):
	Name: System.Runtime
Resource associated with Metric:
	service.name: NatureProtector.Simulator.Host
	service.instance.id: c2f8297e-a893-491c-8415-d33e5ab48cbb
	telemetry.sdk.name: opentelemetry
	telemetry.sdk.language: dotnet
	telemetry.sdk.version: 1.10.0

Metric Name: dotnet.gc.heap.total_allocated, Description: The approximate number of bytes allocated on the managed GC heap since the process has started. The returned value does not include any native allocations., Unit: By
(2026-05-15T19:47:51.8497073Z, 2026-05-15T19:48:51.8524993Z] LongSum
Value: 40059864
Instrumentation scope (Meter):
	Name: System.Runtime
Resource associated with Metric:
	service.name: NatureProtector.Simulator.Host
	service.instance.id: c2f8297e-a893-491c-8415-d33e5ab48cbb
	telemetry.sdk.name: opentelemetry
	telemetry.sdk.language: dotnet
	telemetry.sdk.version: 1.10.0

Metric Name: dotnet.gc.last_collection.memory.committed_size, Description: The amount of committed virtual memory in use by the .NET GC, as observed during the latest garbage collection., Unit: By
(2026-05-15T19:47:51.8497164Z, 2026-05-15T19:48:51.8524995Z] LongSumNonMonotonic
Value: 20840448
Instrumentation scope (Meter):
	Name: System.Runtime
Resource associated with Metric:
	service.name: NatureProtector.Simulator.Host
	service.instance.id: c2f8297e-a893-491c-8415-d33e5ab48cbb
	telemetry.sdk.name: opentelemetry
	telemetry.sdk.language: dotnet
	telemetry.sdk.version: 1.10.0

Metric Name: dotnet.gc.last_collection.heap.size, Description: The managed GC heap size (including fragmentation), as observed during the latest garbage collection., Unit: By
(2026-05-15T19:47:51.8497237Z, 2026-05-15T19:48:51.8524996Z] gc.heap.generation: gen0 LongSumNonMonotonic
Value: 156040
Instrumentation scope (Meter):
	Name: System.Runtime
Resource associated with Metric:
	service.name: NatureProtector.Simulator.Host
	service.instance.id: c2f8297e-a893-491c-8415-d33e5ab48cbb
	telemetry.sdk.name: opentelemetry
	telemetry.sdk.language: dotnet
	telemetry.sdk.version: 1.10.0
(2026-05-15T19:47:51.8497237Z, 2026-05-15T19:48:51.8524996Z] gc.heap.generation: gen1 LongSumNonMonotonic
Value: 4144664
Instrumentation scope (Meter):
	Name: System.Runtime
Resource associated with Metric:
	service.name: NatureProtector.Simulator.Host
	service.instance.id: c2f8297e-a893-491c-8415-d33e5ab48cbb
	telemetry.sdk.name: opentelemetry
	telemetry.sdk.language: dotnet
	telemetry.sdk.version: 1.10.0
(2026-05-15T19:47:51.8497237Z, 2026-05-15T19:48:51.8524996Z] gc.heap.generation: gen2 LongSumNonMonotonic
Value: 915152
Instrumentation scope (Meter):
	Name: System.Runtime
Resource associated with Metric:
	service.name: NatureProtector.Simulator.Host
	service.instance.id: c2f8297e-a893-491c-8415-d33e5ab48cbb
	telemetry.sdk.name: opentelemetry
	telemetry.sdk.language: dotnet
	telemetry.sdk.version: 1.10.0
(2026-05-15T19:47:51.8497237Z, 2026-05-15T19:48:51.8524996Z] gc.heap.generation: loh LongSumNonMonotonic
Value: 6986640
Instrumentation scope (Meter):
	Name: System.Runtime
Resource associated with Metric:
	service.name: NatureProtector.Simulator.Host
	service.instance.id: c2f8297e-a893-491c-8415-d33e5ab48cbb
	telemetry.sdk.name: opentelemetry
	telemetry.sdk.language: dotnet
	telemetry.sdk.version: 1.10.0
(2026-05-15T19:47:51.8497237Z, 2026-05-15T19:48:51.8524996Z] gc.heap.generation: poh LongSumNonMonotonic
Value: 58240
Instrumentation scope (Meter):
	Name: System.Runtime
Resource associated with Metric:
	service.name: NatureProtector.Simulator.Host
	service.instance.id: c2f8297e-a893-491c-8415-d33e5ab48cbb
	telemetry.sdk.name: opentelemetry
	telemetry.sdk.language: dotnet
	telemetry.sdk.version: 1.10.0

Metric Name: dotnet.gc.last_collection.heap.fragmentation.size, Description: The heap fragmentation, as observed during the latest garbage collection., Unit: By
(2026-05-15T19:47:51.8497339Z, 2026-05-15T19:48:51.8524998Z] gc.heap.generation: gen0 LongSumNonMonotonic
Value: 147656
Instrumentation scope (Meter):
	Name: System.Runtime
Resource associated with Metric:
	service.name: NatureProtector.Simulator.Host
	service.instance.id: c2f8297e-a893-491c-8415-d33e5ab48cbb
	telemetry.sdk.name: opentelemetry
	telemetry.sdk.language: dotnet
	telemetry.sdk.version: 1.10.0
(2026-05-15T19:47:51.8497339Z, 2026-05-15T19:48:51.8524998Z] gc.heap.generation: gen1 LongSumNonMonotonic
Value: 68112
Instrumentation scope (Meter):
	Name: System.Runtime
Resource associated with Metric:
	service.name: NatureProtector.Simulator.Host
	service.instance.id: c2f8297e-a893-491c-8415-d33e5ab48cbb
	telemetry.sdk.name: opentelemetry
	telemetry.sdk.language: dotnet
	telemetry.sdk.version: 1.10.0
(2026-05-15T19:47:51.8497339Z, 2026-05-15T19:48:51.8524998Z] gc.heap.generation: gen2 LongSumNonMonotonic
Value: 0
Instrumentation scope (Meter):
	Name: System.Runtime
Resource associated with Metric:
	service.name: NatureProtector.Simulator.Host
	service.instance.id: c2f8297e-a893-491c-8415-d33e5ab48cbb
	telemetry.sdk.name: opentelemetry
	telemetry.sdk.language: dotnet
	telemetry.sdk.version: 1.10.0
(2026-05-15T19:47:51.8497339Z, 2026-05-15T19:48:51.8524998Z] gc.heap.generation: loh LongSumNonMonotonic
Value: 1120
Instrumentation scope (Meter):
	Name: System.Runtime
Resource associated with Metric:
	service.name: NatureProtector.Simulator.Host
	service.instance.id: c2f8297e-a893-491c-8415-d33e5ab48cbb
	telemetry.sdk.name: opentelemetry
	telemetry.sdk.language: dotnet
	telemetry.sdk.version: 1.10.0
(2026-05-15T19:47:51.8497339Z, 2026-05-15T19:48:51.8524998Z] gc.heap.generation: poh LongSumNonMonotonic
Value: 0
Instrumentation scope (Meter):
	Name: System.Runtime
Resource associated with Metric:
	service.name: NatureProtector.Simulator.Host
	service.instance.id: c2f8297e-a893-491c-8415-d33e5ab48cbb
	telemetry.sdk.name: opentelemetry
	telemetry.sdk.language: dotnet
	telemetry.sdk.version: 1.10.0

Metric Name: dotnet.gc.pause.time, Description: The total amount of time paused in GC since the process has started., Unit: s
(2026-05-15T19:47:51.8497421Z, 2026-05-15T19:48:51.8524999Z] DoubleSum
Value: 0.017602
Instrumentation scope (Meter):
	Name: System.Runtime
Resource associated with Metric:
	service.name: NatureProtector.Simulator.Host
	service.instance.id: c2f8297e-a893-491c-8415-d33e5ab48cbb
	telemetry.sdk.name: opentelemetry
	telemetry.sdk.language: dotnet
	telemetry.sdk.version: 1.10.0

Metric Name: dotnet.jit.compiled_il.size, Description: Count of bytes of intermediate language that have been compiled since the process has started., Unit: By
(2026-05-15T19:47:51.8497489Z, 2026-05-15T19:48:51.8525001Z] LongSum
Value: 1135224
Instrumentation scope (Meter):
	Name: System.Runtime
Resource associated with Metric:
	service.name: NatureProtector.Simulator.Host
	service.instance.id: c2f8297e-a893-491c-8415-d33e5ab48cbb
	telemetry.sdk.name: opentelemetry
	telemetry.sdk.language: dotnet
	telemetry.sdk.version: 1.10.0

Metric Name: dotnet.jit.compiled_methods, Description: The number of times the JIT compiler (re)compiled methods since the process has started., Unit: {method}
(2026-05-15T19:47:51.8497588Z, 2026-05-15T19:48:51.8525002Z] LongSum
Value: 14724
Instrumentation scope (Meter):
	Name: System.Runtime
Resource associated with Metric:
	service.name: NatureProtector.Simulator.Host
	service.instance.id: c2f8297e-a893-491c-8415-d33e5ab48cbb
	telemetry.sdk.name: opentelemetry
	telemetry.sdk.language: dotnet
	telemetry.sdk.version: 1.10.0

Metric Name: dotnet.jit.compilation.time, Description: The number of times the JIT compiler (re)compiled methods since the process has started., Unit: s
(2026-05-15T19:47:51.8497690Z, 2026-05-15T19:48:51.8525004Z] DoubleSum
Value: 1.4459142
Instrumentation scope (Meter):
	Name: System.Runtime
Resource associated with Metric:
	service.name: NatureProtector.Simulator.Host
	service.instance.id: c2f8297e-a893-491c-8415-d33e5ab48cbb
	telemetry.sdk.name: opentelemetry
	telemetry.sdk.language: dotnet
	telemetry.sdk.version: 1.10.0

Metric Name: dotnet.monitor.lock_contentions, Description: The number of times there was contention when trying to acquire a monitor lock since the process has started., Unit: {contention}
(2026-05-15T19:47:51.8497769Z, 2026-05-15T19:48:51.8525005Z] LongSum
Value: 34
Instrumentation scope (Meter):
	Name: System.Runtime
Resource associated with Metric:
	service.name: NatureProtector.Simulator.Host
	service.instance.id: c2f8297e-a893-491c-8415-d33e5ab48cbb
	telemetry.sdk.name: opentelemetry
	telemetry.sdk.language: dotnet
	telemetry.sdk.version: 1.10.0

Metric Name: dotnet.thread_pool.thread.count, Description: The number of thread pool threads that currently exist., Unit: {thread}
(2026-05-15T19:47:51.8497866Z, 2026-05-15T19:48:51.8525006Z] LongSum
Value: 2
Instrumentation scope (Meter):
	Name: System.Runtime
Resource associated with Metric:
	service.name: NatureProtector.Simulator.Host
	service.instance.id: c2f8297e-a893-491c-8415-d33e5ab48cbb
	telemetry.sdk.name: opentelemetry
	telemetry.sdk.language: dotnet
	telemetry.sdk.version: 1.10.0

Metric Name: dotnet.thread_pool.work_item.count, Description: The number of work items that the thread pool has completed since the process has started., Unit: {work_item}
(2026-05-15T19:47:51.8497935Z, 2026-05-15T19:48:51.8525007Z] LongSum
Value: 113
Instrumentation scope (Meter):
	Name: System.Runtime
Resource associated with Metric:
	service.name: NatureProtector.Simulator.Host
	service.instance.id: c2f8297e-a893-491c-8415-d33e5ab48cbb
	telemetry.sdk.name: opentelemetry
	telemetry.sdk.language: dotnet
	telemetry.sdk.version: 1.10.0

Metric Name: dotnet.thread_pool.queue.length, Description: The number of work items that are currently queued to be processed by the thread pool., Unit: {work_item}
(2026-05-15T19:47:51.8498023Z, 2026-05-15T19:48:51.8525008Z] LongSum
Value: 0
Instrumentation scope (Meter):
	Name: System.Runtime
Resource associated with Metric:
	service.name: NatureProtector.Simulator.Host
	service.instance.id: c2f8297e-a893-491c-8415-d33e5ab48cbb
	telemetry.sdk.name: opentelemetry
	telemetry.sdk.language: dotnet
	telemetry.sdk.version: 1.10.0

Metric Name: dotnet.timer.count, Description: The number of timer instances that are currently active. An active timer is registered to tick at some point in the future and has not yet been canceled., Unit: {timer}
(2026-05-15T19:47:51.8498160Z, 2026-05-15T19:48:51.8525010Z] LongSumNonMonotonic
Value: 4
Instrumentation scope (Meter):
	Name: System.Runtime
Resource associated with Metric:
	service.name: NatureProtector.Simulator.Host
	service.instance.id: c2f8297e-a893-491c-8415-d33e5ab48cbb
	telemetry.sdk.name: opentelemetry
	telemetry.sdk.language: dotnet
	telemetry.sdk.version: 1.10.0

Metric Name: dotnet.assembly.count, Description: The number of .NET assemblies that are currently loaded., Unit: {assembly}
(2026-05-15T19:47:51.8498242Z, 2026-05-15T19:48:51.8525011Z] LongSumNonMonotonic
Value: 105
Instrumentation scope (Meter):
	Name: System.Runtime
Resource associated with Metric:
	service.name: NatureProtector.Simulator.Host
	service.instance.id: c2f8297e-a893-491c-8415-d33e5ab48cbb
	telemetry.sdk.name: opentelemetry
	telemetry.sdk.language: dotnet
	telemetry.sdk.version: 1.10.0

Metric Name: dotnet.process.cpu.count, Description: The number of processors available to the process., Unit: {cpu}
(2026-05-15T19:47:51.8541883Z, 2026-05-15T19:48:51.8525015Z] LongSumNonMonotonic
Value: 16
Instrumentation scope (Meter):
	Name: System.Runtime
Resource associated with Metric:
	service.name: NatureProtector.Simulator.Host
	service.instance.id: c2f8297e-a893-491c-8415-d33e5ab48cbb
	telemetry.sdk.name: opentelemetry
	telemetry.sdk.language: dotnet
	telemetry.sdk.version: 1.10.0

Metric Name: dotnet.process.cpu.time, Description: CPU time used by the process., Unit: s
(2026-05-15T19:47:51.8542466Z, 2026-05-15T19:48:51.8525016Z] cpu.mode: user DoubleSum
Value: 1.84375
Instrumentation scope (Meter):
	Name: System.Runtime
Resource associated with Metric:
	service.name: NatureProtector.Simulator.Host
	service.instance.id: c2f8297e-a893-491c-8415-d33e5ab48cbb
	telemetry.sdk.name: opentelemetry
	telemetry.sdk.language: dotnet
	telemetry.sdk.version: 1.10.0
(2026-05-15T19:47:51.8542466Z, 2026-05-15T19:48:51.8525016Z] cpu.mode: system DoubleSum
Value: 0.359375
Instrumentation scope (Meter):
	Name: System.Runtime
Resource associated with Metric:
	service.name: NatureProtector.Simulator.Host
	service.instance.id: c2f8297e-a893-491c-8415-d33e5ab48cbb
	telemetry.sdk.name: opentelemetry
	telemetry.sdk.language: dotnet
	telemetry.sdk.version: 1.10.0

Metric Name: natureprotector.simulator.context.creations
(2026-05-15T19:47:51.8686992Z, 2026-05-15T19:48:51.8525018Z] LongSum
Value: 1
Instrumentation scope (Meter):
	Name: NatureProtector.Simulator.Host
Resource associated with Metric:
	service.name: NatureProtector.Simulator.Host
	service.instance.id: c2f8297e-a893-491c-8415-d33e5ab48cbb
	telemetry.sdk.name: opentelemetry
	telemetry.sdk.language: dotnet
	telemetry.sdk.version: 1.10.0

Metric Name: natureprotector.simulator.context.creation.duration, Unit: ms
(2026-05-15T19:47:51.8691666Z, 2026-05-15T19:48:51.8525024Z] Histogram
Value: Sum: 1071,7155 Count: 1 Min: 1071,7155 Max: 1071,7155 
(-Infinity,0]:0
(0,5]:0
(5,10]:0
(10,25]:0
(25,50]:0
(50,75]:0
(75,100]:0
(100,250]:0
(250,500]:0
(500,750]:0
(750,1000]:0
(1000,2500]:1
(2500,5000]:0
(5000,7500]:0
(7500,10000]:0
(10000,+Infinity]:0

Instrumentation scope (Meter):
	Name: NatureProtector.Simulator.Host
Resource associated with Metric:
	service.name: NatureProtector.Simulator.Host
	service.instance.id: c2f8297e-a893-491c-8415-d33e5ab48cbb
	telemetry.sdk.name: opentelemetry
	telemetry.sdk.language: dotnet
	telemetry.sdk.version: 1.10.0

Metric Name: natureprotector.simulator.runs
(2026-05-15T19:47:51.8691833Z, 2026-05-15T19:48:51.8525027Z] np.outcome: started LongSum
Value: 1
Instrumentation scope (Meter):
	Name: NatureProtector.Simulator.Host
Resource associated with Metric:
	service.name: NatureProtector.Simulator.Host
	service.instance.id: c2f8297e-a893-491c-8415-d33e5ab48cbb
	telemetry.sdk.name: opentelemetry
	telemetry.sdk.language: dotnet
	telemetry.sdk.version: 1.10.0
(2026-05-15T19:47:51.8691833Z, 2026-05-15T19:48:51.8525027Z] np.outcome: completed LongSum
Value: 1
Instrumentation scope (Meter):
	Name: NatureProtector.Simulator.Host
Resource associated with Metric:
	service.name: NatureProtector.Simulator.Host
	service.instance.id: c2f8297e-a893-491c-8415-d33e5ab48cbb
	telemetry.sdk.name: opentelemetry
	telemetry.sdk.language: dotnet
	telemetry.sdk.version: 1.10.0

Metric Name: natureprotector.simulator.run.duration, Unit: ms
(2026-05-15T19:47:51.8691934Z, 2026-05-15T19:48:51.8525032Z] np.outcome: completed Histogram
Value: Sum: 21581,8992 Count: 1 Min: 21581,8992 Max: 21581,8992 
(-Infinity,0]:0
(0,5]:0
(5,10]:0
(10,25]:0
(25,50]:0
(50,75]:0
(75,100]:0
(100,250]:0
(250,500]:0
(500,750]:0
(750,1000]:0
(1000,2500]:0
(2500,5000]:0
(5000,7500]:0
(7500,10000]:0
(10000,+Infinity]:1

Instrumentation scope (Meter):
	Name: NatureProtector.Simulator.Host
Resource associated with Metric:
	service.name: NatureProtector.Simulator.Host
	service.instance.id: c2f8297e-a893-491c-8415-d33e5ab48cbb
	telemetry.sdk.name: opentelemetry
	telemetry.sdk.language: dotnet
	telemetry.sdk.version: 1.10.0

Metric Name: natureprotector.simulator.publish.messages
(2026-05-15T19:47:51.8692005Z, 2026-05-15T19:48:51.8525036Z] LongSum
Value: 30
Instrumentation scope (Meter):
	Name: NatureProtector.Simulator.Host
Resource associated with Metric:
	service.name: NatureProtector.Simulator.Host
	service.instance.id: c2f8297e-a893-491c-8415-d33e5ab48cbb
	telemetry.sdk.name: opentelemetry
	telemetry.sdk.language: dotnet
	telemetry.sdk.version: 1.10.0

Metric Name: natureprotector.simulator.publish.batch.size
(2026-05-15T19:47:51.8696093Z, 2026-05-15T19:48:51.8525046Z] Histogram
Value: Sum: 30 Count: 5 Min: 6 Max: 6 
(-Infinity,0]:0
(0,5]:0
(5,10]:5
(10,25]:0
(25,50]:0
(50,75]:0
(75,100]:0
(100,250]:0
(250,500]:0
(500,750]:0
(750,1000]:0
(1000,2500]:0
(2500,5000]:0
(5000,7500]:0
(7500,10000]:0
(10000,+Infinity]:0

Instrumentation scope (Meter):
	Name: NatureProtector.Simulator.Host
Resource associated with Metric:
	service.name: NatureProtector.Simulator.Host
	service.instance.id: c2f8297e-a893-491c-8415-d33e5ab48cbb
	telemetry.sdk.name: opentelemetry
	telemetry.sdk.language: dotnet
	telemetry.sdk.version: 1.10.0

Metric Name: natureprotector.simulator.publish.duration, Unit: ms
(2026-05-15T19:47:51.8696249Z, 2026-05-15T19:48:51.8525051Z] Histogram
Value: Sum: 365,81870000000004 Count: 35 Min: 0,1017 Max: 143,0177 
(-Infinity,0]:0
(0,5]:29
(5,10]:0
(10,25]:2
(25,50]:2
(50,75]:0
(75,100]:0
(100,250]:2
(250,500]:0
(500,750]:0
(750,1000]:0
(1000,2500]:0
(2500,5000]:0
(5000,7500]:0
(7500,10000]:0
(10000,+Infinity]:0

Instrumentation scope (Meter):
	Name: NatureProtector.Simulator.Host
Resource associated with Metric:
	service.name: NatureProtector.Simulator.Host
	service.instance.id: c2f8297e-a893-491c-8415-d33e5ab48cbb
	telemetry.sdk.name: opentelemetry
	telemetry.sdk.language: dotnet
	telemetry.sdk.version: 1.10.0

Metric Name: dns.lookup.duration, Description: Measures the time taken to perform a DNS lookup., Unit: s
(2026-05-15T19:47:52.6473778Z, 2026-05-15T19:48:51.8525060Z] dns.question.name: localhost Histogram
Value: Sum: 0,0071665 Count: 2 Min: 0,0004012 Max: 0,0067653 
(-Infinity,0,005]:1
(0,005,0,01]:1
(0,01,0,025]:0
(0,025,0,05]:0
(0,05,0,075]:0
(0,075,0,1]:0
(0,1,0,25]:0
(0,25,0,5]:0
(0,5,0,75]:0
(0,75,1]:0
(1,2,5]:0
(2,5,5]:0
(5,7,5]:0
(7,5,10]:0
(10,+Infinity]:0

Instrumentation scope (Meter):
	Name: System.Net.NameResolution
Resource associated with Metric:
	service.name: NatureProtector.Simulator.Host
	service.instance.id: c2f8297e-a893-491c-8415-d33e5ab48cbb
	telemetry.sdk.name: opentelemetry
	telemetry.sdk.language: dotnet
	telemetry.sdk.version: 1.10.0

Metric Name: process.memory.usage, Description: The amount of physical memory in use., Unit: By
(2026-05-15T19:47:51.8479446Z, 2026-05-15T19:49:01.8490782Z] LongSumNonMonotonic
Value: 108093440
Instrumentation scope (Meter):
	Name: OpenTelemetry.Instrumentation.Process
	Version: 1.10.0-beta.1
Resource associated with Metric:
	service.name: NatureProtector.Simulator.Host
	service.instance.id: c2f8297e-a893-491c-8415-d33e5ab48cbb
	telemetry.sdk.name: opentelemetry
	telemetry.sdk.language: dotnet
	telemetry.sdk.version: 1.10.0

Metric Name: process.memory.virtual, Description: The amount of committed virtual memory., Unit: By
(2026-05-15T19:47:51.8489044Z, 2026-05-15T19:49:01.8490789Z] LongSumNonMonotonic
Value: 2481003020288
Instrumentation scope (Meter):
	Name: OpenTelemetry.Instrumentation.Process
	Version: 1.10.0-beta.1
Resource associated with Metric:
	service.name: NatureProtector.Simulator.Host
	service.instance.id: c2f8297e-a893-491c-8415-d33e5ab48cbb
	telemetry.sdk.name: opentelemetry
	telemetry.sdk.language: dotnet
	telemetry.sdk.version: 1.10.0

Metric Name: process.cpu.time, Description: Total CPU seconds broken down by different states., Unit: s
(2026-05-15T19:47:51.8490877Z, 2026-05-15T19:49:01.8490794Z] process.cpu.state: user DoubleSum
Value: 1.875
Instrumentation scope (Meter):
	Name: OpenTelemetry.Instrumentation.Process
	Version: 1.10.0-beta.1
Resource associated with Metric:
	service.name: NatureProtector.Simulator.Host
	service.instance.id: c2f8297e-a893-491c-8415-d33e5ab48cbb
	telemetry.sdk.name: opentelemetry
	telemetry.sdk.language: dotnet
	telemetry.sdk.version: 1.10.0
(2026-05-15T19:47:51.8490877Z, 2026-05-15T19:49:01.8490794Z] process.cpu.state: system DoubleSum
Value: 0.390625
Instrumentation scope (Meter):
	Name: OpenTelemetry.Instrumentation.Process
	Version: 1.10.0-beta.1
Resource associated with Metric:
	service.name: NatureProtector.Simulator.Host
	service.instance.id: c2f8297e-a893-491c-8415-d33e5ab48cbb
	telemetry.sdk.name: opentelemetry
	telemetry.sdk.language: dotnet
	telemetry.sdk.version: 1.10.0

Metric Name: process.cpu.count, Description: The number of processors (CPU cores) available to the current process., Unit: {processors}
(2026-05-15T19:47:51.8491055Z, 2026-05-15T19:49:01.8490804Z] LongSumNonMonotonic
Value: 16
Instrumentation scope (Meter):
	Name: OpenTelemetry.Instrumentation.Process
	Version: 1.10.0-beta.1
Resource associated with Metric:
	service.name: NatureProtector.Simulator.Host
	service.instance.id: c2f8297e-a893-491c-8415-d33e5ab48cbb
	telemetry.sdk.name: opentelemetry
	telemetry.sdk.language: dotnet
	telemetry.sdk.version: 1.10.0

Metric Name: process.thread.count, Description: Process threads count., Unit: {thread}
(2026-05-15T19:47:51.8491189Z, 2026-05-15T19:49:01.8490806Z] LongSumNonMonotonic
Value: 21
Instrumentation scope (Meter):
	Name: OpenTelemetry.Instrumentation.Process
	Version: 1.10.0-beta.1
Resource associated with Metric:
	service.name: NatureProtector.Simulator.Host
	service.instance.id: c2f8297e-a893-491c-8415-d33e5ab48cbb
	telemetry.sdk.name: opentelemetry
	telemetry.sdk.language: dotnet
	telemetry.sdk.version: 1.10.0

Metric Name: dotnet.gc.collections, Description: The number of garbage collections that have occurred since the process has started., Unit: {collection}
(2026-05-15T19:47:51.8491273Z, 2026-05-15T19:49:01.8490809Z] gc.heap.generation: gen2 LongSum
Value: 1
Instrumentation scope (Meter):
	Name: System.Runtime
Resource associated with Metric:
	service.name: NatureProtector.Simulator.Host
	service.instance.id: c2f8297e-a893-491c-8415-d33e5ab48cbb
	telemetry.sdk.name: opentelemetry
	telemetry.sdk.language: dotnet
	telemetry.sdk.version: 1.10.0
(2026-05-15T19:47:51.8491273Z, 2026-05-15T19:49:01.8490809Z] gc.heap.generation: gen1 LongSum
Value: 1
Instrumentation scope (Meter):
	Name: System.Runtime
Resource associated with Metric:
	service.name: NatureProtector.Simulator.Host
	service.instance.id: c2f8297e-a893-491c-8415-d33e5ab48cbb
	telemetry.sdk.name: opentelemetry
	telemetry.sdk.language: dotnet
	telemetry.sdk.version: 1.10.0
(2026-05-15T19:47:51.8491273Z, 2026-05-15T19:49:01.8490809Z] gc.heap.generation: gen0 LongSum
Value: 2
Instrumentation scope (Meter):
	Name: System.Runtime
Resource associated with Metric:
	service.name: NatureProtector.Simulator.Host
	service.instance.id: c2f8297e-a893-491c-8415-d33e5ab48cbb
	telemetry.sdk.name: opentelemetry
	telemetry.sdk.language: dotnet
	telemetry.sdk.version: 1.10.0

Metric Name: dotnet.process.memory.working_set, Description: The number of bytes of physical memory mapped to the process context., Unit: By
(2026-05-15T19:47:51.8491348Z, 2026-05-15T19:49:01.8490811Z] LongSumNonMonotonic
Value: 108093440
Instrumentation scope (Meter):
	Name: System.Runtime
Resource associated with Metric:
	service.name: NatureProtector.Simulator.Host
	service.instance.id: c2f8297e-a893-491c-8415-d33e5ab48cbb
	telemetry.sdk.name: opentelemetry
	telemetry.sdk.language: dotnet
	telemetry.sdk.version: 1.10.0

Metric Name: dotnet.gc.heap.total_allocated, Description: The approximate number of bytes allocated on the managed GC heap since the process has started. The returned value does not include any native allocations., Unit: By
(2026-05-15T19:47:51.8497073Z, 2026-05-15T19:49:01.8490812Z] LongSum
Value: 40215664
Instrumentation scope (Meter):
	Name: System.Runtime
Resource associated with Metric:
	service.name: NatureProtector.Simulator.Host
	service.instance.id: c2f8297e-a893-491c-8415-d33e5ab48cbb
	telemetry.sdk.name: opentelemetry
	telemetry.sdk.language: dotnet
	telemetry.sdk.version: 1.10.0

Metric Name: dotnet.gc.last_collection.memory.committed_size, Description: The amount of committed virtual memory in use by the .NET GC, as observed during the latest garbage collection., Unit: By
(2026-05-15T19:47:51.8497164Z, 2026-05-15T19:49:01.8490814Z] LongSumNonMonotonic
Value: 20840448
Instrumentation scope (Meter):
	Name: System.Runtime
Resource associated with Metric:
	service.name: NatureProtector.Simulator.Host
	service.instance.id: c2f8297e-a893-491c-8415-d33e5ab48cbb
	telemetry.sdk.name: opentelemetry
	telemetry.sdk.language: dotnet
	telemetry.sdk.version: 1.10.0

Metric Name: dotnet.gc.last_collection.heap.size, Description: The managed GC heap size (including fragmentation), as observed during the latest garbage collection., Unit: By
(2026-05-15T19:47:51.8497237Z, 2026-05-15T19:49:01.8490816Z] gc.heap.generation: gen0 LongSumNonMonotonic
Value: 156040
Instrumentation scope (Meter):
	Name: System.Runtime
Resource associated with Metric:
	service.name: NatureProtector.Simulator.Host
	service.instance.id: c2f8297e-a893-491c-8415-d33e5ab48cbb
	telemetry.sdk.name: opentelemetry
	telemetry.sdk.language: dotnet
	telemetry.sdk.version: 1.10.0
(2026-05-15T19:47:51.8497237Z, 2026-05-15T19:49:01.8490816Z] gc.heap.generation: gen1 LongSumNonMonotonic
Value: 4144664
Instrumentation scope (Meter):
	Name: System.Runtime
Resource associated with Metric:
	service.name: NatureProtector.Simulator.Host
	service.instance.id: c2f8297e-a893-491c-8415-d33e5ab48cbb
	telemetry.sdk.name: opentelemetry
	telemetry.sdk.language: dotnet
	telemetry.sdk.version: 1.10.0
(2026-05-15T19:47:51.8497237Z, 2026-05-15T19:49:01.8490816Z] gc.heap.generation: gen2 LongSumNonMonotonic
Value: 915152
Instrumentation scope (Meter):
	Name: System.Runtime
Resource associated with Metric:
	service.name: NatureProtector.Simulator.Host
	service.instance.id: c2f8297e-a893-491c-8415-d33e5ab48cbb
	telemetry.sdk.name: opentelemetry
	telemetry.sdk.language: dotnet
	telemetry.sdk.version: 1.10.0
(2026-05-15T19:47:51.8497237Z, 2026-05-15T19:49:01.8490816Z] gc.heap.generation: loh LongSumNonMonotonic
Value: 6986640
Instrumentation scope (Meter):
	Name: System.Runtime
Resource associated with Metric:
	service.name: NatureProtector.Simulator.Host
	service.instance.id: c2f8297e-a893-491c-8415-d33e5ab48cbb
	telemetry.sdk.name: opentelemetry
	telemetry.sdk.language: dotnet
	telemetry.sdk.version: 1.10.0
(2026-05-15T19:47:51.8497237Z, 2026-05-15T19:49:01.8490816Z] gc.heap.generation: poh LongSumNonMonotonic
Value: 58240
Instrumentation scope (Meter):
	Name: System.Runtime
Resource associated with Metric:
	service.name: NatureProtector.Simulator.Host
	service.instance.id: c2f8297e-a893-491c-8415-d33e5ab48cbb
	telemetry.sdk.name: opentelemetry
	telemetry.sdk.language: dotnet
	telemetry.sdk.version: 1.10.0

Metric Name: dotnet.gc.last_collection.heap.fragmentation.size, Description: The heap fragmentation, as observed during the latest garbage collection., Unit: By
(2026-05-15T19:47:51.8497339Z, 2026-05-15T19:49:01.8490818Z] gc.heap.generation: gen0 LongSumNonMonotonic
Value: 147656
Instrumentation scope (Meter):
	Name: System.Runtime
Resource associated with Metric:
	service.name: NatureProtector.Simulator.Host
	service.instance.id: c2f8297e-a893-491c-8415-d33e5ab48cbb
	telemetry.sdk.name: opentelemetry
	telemetry.sdk.language: dotnet
	telemetry.sdk.version: 1.10.0
(2026-05-15T19:47:51.8497339Z, 2026-05-15T19:49:01.8490818Z] gc.heap.generation: gen1 LongSumNonMonotonic
Value: 68112
Instrumentation scope (Meter):
	Name: System.Runtime
Resource associated with Metric:
	service.name: NatureProtector.Simulator.Host
	service.instance.id: c2f8297e-a893-491c-8415-d33e5ab48cbb
	telemetry.sdk.name: opentelemetry
	telemetry.sdk.language: dotnet
	telemetry.sdk.version: 1.10.0
(2026-05-15T19:47:51.8497339Z, 2026-05-15T19:49:01.8490818Z] gc.heap.generation: gen2 LongSumNonMonotonic
Value: 0
Instrumentation scope (Meter):
	Name: System.Runtime
Resource associated with Metric:
	service.name: NatureProtector.Simulator.Host
	service.instance.id: c2f8297e-a893-491c-8415-d33e5ab48cbb
	telemetry.sdk.name: opentelemetry
	telemetry.sdk.language: dotnet
	telemetry.sdk.version: 1.10.0
(2026-05-15T19:47:51.8497339Z, 2026-05-15T19:49:01.8490818Z] gc.heap.generation: loh LongSumNonMonotonic
Value: 1120
Instrumentation scope (Meter):
	Name: System.Runtime
Resource associated with Metric:
	service.name: NatureProtector.Simulator.Host
	service.instance.id: c2f8297e-a893-491c-8415-d33e5ab48cbb
	telemetry.sdk.name: opentelemetry
	telemetry.sdk.language: dotnet
	telemetry.sdk.version: 1.10.0
(2026-05-15T19:47:51.8497339Z, 2026-05-15T19:49:01.8490818Z] gc.heap.generation: poh LongSumNonMonotonic
Value: 0
Instrumentation scope (Meter):
	Name: System.Runtime
Resource associated with Metric:
	service.name: NatureProtector.Simulator.Host
	service.instance.id: c2f8297e-a893-491c-8415-d33e5ab48cbb
	telemetry.sdk.name: opentelemetry
	telemetry.sdk.language: dotnet
	telemetry.sdk.version: 1.10.0

Metric Name: dotnet.gc.pause.time, Description: The total amount of time paused in GC since the process has started., Unit: s
(2026-05-15T19:47:51.8497421Z, 2026-05-15T19:49:01.8490820Z] DoubleSum
Value: 0.017602
Instrumentation scope (Meter):
	Name: System.Runtime
Resource associated with Metric:
	service.name: NatureProtector.Simulator.Host
	service.instance.id: c2f8297e-a893-491c-8415-d33e5ab48cbb
	telemetry.sdk.name: opentelemetry
	telemetry.sdk.language: dotnet
	telemetry.sdk.version: 1.10.0

Metric Name: dotnet.jit.compiled_il.size, Description: Count of bytes of intermediate language that have been compiled since the process has started., Unit: By
(2026-05-15T19:47:51.8497489Z, 2026-05-15T19:49:01.8490821Z] LongSum
Value: 1141348
Instrumentation scope (Meter):
	Name: System.Runtime
Resource associated with Metric:
	service.name: NatureProtector.Simulator.Host
	service.instance.id: c2f8297e-a893-491c-8415-d33e5ab48cbb
	telemetry.sdk.name: opentelemetry
	telemetry.sdk.language: dotnet
	telemetry.sdk.version: 1.10.0

Metric Name: dotnet.jit.compiled_methods, Description: The number of times the JIT compiler (re)compiled methods since the process has started., Unit: {method}
(2026-05-15T19:47:51.8497588Z, 2026-05-15T19:49:01.8490823Z] LongSum
Value: 14775
Instrumentation scope (Meter):
	Name: System.Runtime
Resource associated with Metric:
	service.name: NatureProtector.Simulator.Host
	service.instance.id: c2f8297e-a893-491c-8415-d33e5ab48cbb
	telemetry.sdk.name: opentelemetry
	telemetry.sdk.language: dotnet
	telemetry.sdk.version: 1.10.0

Metric Name: dotnet.jit.compilation.time, Description: The number of times the JIT compiler (re)compiled methods since the process has started., Unit: s
(2026-05-15T19:47:51.8497690Z, 2026-05-15T19:49:01.8490825Z] DoubleSum
Value: 1.4665065
Instrumentation scope (Meter):
	Name: System.Runtime
Resource associated with Metric:
	service.name: NatureProtector.Simulator.Host
	service.instance.id: c2f8297e-a893-491c-8415-d33e5ab48cbb
	telemetry.sdk.name: opentelemetry
	telemetry.sdk.language: dotnet
	telemetry.sdk.version: 1.10.0

Metric Name: dotnet.monitor.lock_contentions, Description: The number of times there was contention when trying to acquire a monitor lock since the process has started., Unit: {contention}
(2026-05-15T19:47:51.8497769Z, 2026-05-15T19:49:01.8490826Z] LongSum
Value: 34
Instrumentation scope (Meter):
	Name: System.Runtime
Resource associated with Metric:
	service.name: NatureProtector.Simulator.Host
	service.instance.id: c2f8297e-a893-491c-8415-d33e5ab48cbb
	telemetry.sdk.name: opentelemetry
	telemetry.sdk.language: dotnet
	telemetry.sdk.version: 1.10.0

Metric Name: dotnet.thread_pool.thread.count, Description: The number of thread pool threads that currently exist., Unit: {thread}
(2026-05-15T19:47:51.8497866Z, 2026-05-15T19:49:01.8490826Z] LongSum
Value: 2
Instrumentation scope (Meter):
	Name: System.Runtime
Resource associated with Metric:
	service.name: NatureProtector.Simulator.Host
	service.instance.id: c2f8297e-a893-491c-8415-d33e5ab48cbb
	telemetry.sdk.name: opentelemetry
	telemetry.sdk.language: dotnet
	telemetry.sdk.version: 1.10.0

Metric Name: dotnet.thread_pool.work_item.count, Description: The number of work items that the thread pool has completed since the process has started., Unit: {work_item}
(2026-05-15T19:47:51.8497935Z, 2026-05-15T19:49:01.8490828Z] LongSum
Value: 119
Instrumentation scope (Meter):
	Name: System.Runtime
Resource associated with Metric:
	service.name: NatureProtector.Simulator.Host
	service.instance.id: c2f8297e-a893-491c-8415-d33e5ab48cbb
	telemetry.sdk.name: opentelemetry
	telemetry.sdk.language: dotnet
	telemetry.sdk.version: 1.10.0

Metric Name: dotnet.thread_pool.queue.length, Description: The number of work items that are currently queued to be processed by the thread pool., Unit: {work_item}
(2026-05-15T19:47:51.8498023Z, 2026-05-15T19:49:01.8490829Z] LongSum
Value: 0
Instrumentation scope (Meter):
	Name: System.Runtime
Resource associated with Metric:
	service.name: NatureProtector.Simulator.Host
	service.instance.id: c2f8297e-a893-491c-8415-d33e5ab48cbb
	telemetry.sdk.name: opentelemetry
	telemetry.sdk.language: dotnet
	telemetry.sdk.version: 1.10.0

Metric Name: dotnet.timer.count, Description: The number of timer instances that are currently active. An active timer is registered to tick at some point in the future and has not yet been canceled., Unit: {timer}
(2026-05-15T19:47:51.8498160Z, 2026-05-15T19:49:01.8490831Z] LongSumNonMonotonic
Value: 4
Instrumentation scope (Meter):
	Name: System.Runtime
Resource associated with Metric:
	service.name: NatureProtector.Simulator.Host
	service.instance.id: c2f8297e-a893-491c-8415-d33e5ab48cbb
	telemetry.sdk.name: opentelemetry
	telemetry.sdk.language: dotnet
	telemetry.sdk.version: 1.10.0

Metric Name: dotnet.assembly.count, Description: The number of .NET assemblies that are currently loaded., Unit: {assembly}
(2026-05-15T19:47:51.8498242Z, 2026-05-15T19:49:01.8490833Z] LongSumNonMonotonic
Value: 105
Instrumentation scope (Meter):
	Name: System.Runtime
Resource associated with Metric:
	service.name: NatureProtector.Simulator.Host
	service.instance.id: c2f8297e-a893-491c-8415-d33e5ab48cbb
	telemetry.sdk.name: opentelemetry
	telemetry.sdk.language: dotnet
	telemetry.sdk.version: 1.10.0

Metric Name: dotnet.process.cpu.count, Description: The number of processors available to the process., Unit: {cpu}
(2026-05-15T19:47:51.8541883Z, 2026-05-15T19:49:01.8490838Z] LongSumNonMonotonic
Value: 16
Instrumentation scope (Meter):
	Name: System.Runtime
Resource associated with Metric:
	service.name: NatureProtector.Simulator.Host
	service.instance.id: c2f8297e-a893-491c-8415-d33e5ab48cbb
	telemetry.sdk.name: opentelemetry
	telemetry.sdk.language: dotnet
	telemetry.sdk.version: 1.10.0

Metric Name: dotnet.process.cpu.time, Description: CPU time used by the process., Unit: s
(2026-05-15T19:47:51.8542466Z, 2026-05-15T19:49:01.8490840Z] cpu.mode: user DoubleSum
Value: 1.875
Instrumentation scope (Meter):
	Name: System.Runtime
Resource associated with Metric:
	service.name: NatureProtector.Simulator.Host
	service.instance.id: c2f8297e-a893-491c-8415-d33e5ab48cbb
	telemetry.sdk.name: opentelemetry
	telemetry.sdk.language: dotnet
	telemetry.sdk.version: 1.10.0
(2026-05-15T19:47:51.8542466Z, 2026-05-15T19:49:01.8490840Z] cpu.mode: system DoubleSum
Value: 0.390625
Instrumentation scope (Meter):
	Name: System.Runtime
Resource associated with Metric:
	service.name: NatureProtector.Simulator.Host
	service.instance.id: c2f8297e-a893-491c-8415-d33e5ab48cbb
	telemetry.sdk.name: opentelemetry
	telemetry.sdk.language: dotnet
	telemetry.sdk.version: 1.10.0

Metric Name: natureprotector.simulator.context.creations
(2026-05-15T19:47:51.8686992Z, 2026-05-15T19:49:01.8490844Z] LongSum
Value: 1
Instrumentation scope (Meter):
	Name: NatureProtector.Simulator.Host
Resource associated with Metric:
	service.name: NatureProtector.Simulator.Host
	service.instance.id: c2f8297e-a893-491c-8415-d33e5ab48cbb
	telemetry.sdk.name: opentelemetry
	telemetry.sdk.language: dotnet
	telemetry.sdk.version: 1.10.0

Metric Name: natureprotector.simulator.context.creation.duration, Unit: ms
(2026-05-15T19:47:51.8691666Z, 2026-05-15T19:49:01.8490853Z] Histogram
Value: Sum: 1071,7155 Count: 1 Min: 1071,7155 Max: 1071,7155 
(-Infinity,0]:0
(0,5]:0
(5,10]:0
(10,25]:0
(25,50]:0
(50,75]:0
(75,100]:0
(100,250]:0
(250,500]:0
(500,750]:0
(750,1000]:0
(1000,2500]:1
(2500,5000]:0
(5000,7500]:0
(7500,10000]:0
(10000,+Infinity]:0

Instrumentation scope (Meter):
	Name: NatureProtector.Simulator.Host
Resource associated with Metric:
	service.name: NatureProtector.Simulator.Host
	service.instance.id: c2f8297e-a893-491c-8415-d33e5ab48cbb
	telemetry.sdk.name: opentelemetry
	telemetry.sdk.language: dotnet
	telemetry.sdk.version: 1.10.0

Metric Name: natureprotector.simulator.runs
(2026-05-15T19:47:51.8691833Z, 2026-05-15T19:49:01.8490858Z] np.outcome: started LongSum
Value: 1
Instrumentation scope (Meter):
	Name: NatureProtector.Simulator.Host
Resource associated with Metric:
	service.name: NatureProtector.Simulator.Host
	service.instance.id: c2f8297e-a893-491c-8415-d33e5ab48cbb
	telemetry.sdk.name: opentelemetry
	telemetry.sdk.language: dotnet
	telemetry.sdk.version: 1.10.0
(2026-05-15T19:47:51.8691833Z, 2026-05-15T19:49:01.8490858Z] np.outcome: completed LongSum
Value: 1
Instrumentation scope (Meter):
	Name: NatureProtector.Simulator.Host
Resource associated with Metric:
	service.name: NatureProtector.Simulator.Host
	service.instance.id: c2f8297e-a893-491c-8415-d33e5ab48cbb
	telemetry.sdk.name: opentelemetry
	telemetry.sdk.language: dotnet
	telemetry.sdk.version: 1.10.0

Metric Name: natureprotector.simulator.run.duration, Unit: ms
(2026-05-15T19:47:51.8691934Z, 2026-05-15T19:49:01.8490865Z] np.outcome: completed Histogram
Value: Sum: 21581,8992 Count: 1 Min: 21581,8992 Max: 21581,8992 
(-Infinity,0]:0
(0,5]:0
(5,10]:0
(10,25]:0
(25,50]:0
(50,75]:0
(75,100]:0
(100,250]:0
(250,500]:0
(500,750]:0
(750,1000]:0
(1000,2500]:0
(2500,5000]:0
(5000,7500]:0
(7500,10000]:0
(10000,+Infinity]:1

Instrumentation scope (Meter):
	Name: NatureProtector.Simulator.Host
Resource associated with Metric:
	service.name: NatureProtector.Simulator.Host
	service.instance.id: c2f8297e-a893-491c-8415-d33e5ab48cbb
	telemetry.sdk.name: opentelemetry
	telemetry.sdk.language: dotnet
	telemetry.sdk.version: 1.10.0

Metric Name: natureprotector.simulator.publish.messages
(2026-05-15T19:47:51.8692005Z, 2026-05-15T19:49:01.8490869Z] LongSum
Value: 30
Instrumentation scope (Meter):
	Name: NatureProtector.Simulator.Host
Resource associated with Metric:
	service.name: NatureProtector.Simulator.Host
	service.instance.id: c2f8297e-a893-491c-8415-d33e5ab48cbb
	telemetry.sdk.name: opentelemetry
	telemetry.sdk.language: dotnet
	telemetry.sdk.version: 1.10.0

Metric Name: natureprotector.simulator.publish.batch.size
(2026-05-15T19:47:51.8696093Z, 2026-05-15T19:49:01.8490881Z] Histogram
Value: Sum: 30 Count: 5 Min: 6 Max: 6 
(-Infinity,0]:0
(0,5]:0
(5,10]:5
(10,25]:0
(25,50]:0
(50,75]:0
(75,100]:0
(100,250]:0
(250,500]:0
(500,750]:0
(750,1000]:0
(1000,2500]:0
(2500,5000]:0
(5000,7500]:0
(7500,10000]:0
(10000,+Infinity]:0

Instrumentation scope (Meter):
	Name: NatureProtector.Simulator.Host
Resource associated with Metric:
	service.name: NatureProtector.Simulator.Host
	service.instance.id: c2f8297e-a893-491c-8415-d33e5ab48cbb
	telemetry.sdk.name: opentelemetry
	telemetry.sdk.language: dotnet
	telemetry.sdk.version: 1.10.0

Metric Name: natureprotector.simulator.publish.duration, Unit: ms
(2026-05-15T19:47:51.8696249Z, 2026-05-15T19:49:01.8490894Z] Histogram
Value: Sum: 365,81870000000004 Count: 35 Min: 0,1017 Max: 143,0177 
(-Infinity,0]:0
(0,5]:29
(5,10]:0
(10,25]:2
(25,50]:2
(50,75]:0
(75,100]:0
(100,250]:2
(250,500]:0
(500,750]:0
(750,1000]:0
(1000,2500]:0
(2500,5000]:0
(5000,7500]:0
(7500,10000]:0
(10000,+Infinity]:0

Instrumentation scope (Meter):
	Name: NatureProtector.Simulator.Host
Resource associated with Metric:
	service.name: NatureProtector.Simulator.Host
	service.instance.id: c2f8297e-a893-491c-8415-d33e5ab48cbb
	telemetry.sdk.name: opentelemetry
	telemetry.sdk.language: dotnet
	telemetry.sdk.version: 1.10.0

Metric Name: dns.lookup.duration, Description: Measures the time taken to perform a DNS lookup., Unit: s
(2026-05-15T19:47:52.6473778Z, 2026-05-15T19:49:01.8490904Z] dns.question.name: localhost Histogram
Value: Sum: 0,0071665 Count: 2 Min: 0,0004012 Max: 0,0067653 
(-Infinity,0,005]:1
(0,005,0,01]:1
(0,01,0,025]:0
(0,025,0,05]:0
(0,05,0,075]:0
(0,075,0,1]:0
(0,1,0,25]:0
(0,25,0,5]:0
(0,5,0,75]:0
(0,75,1]:0
(1,2,5]:0
(2,5,5]:0
(5,7,5]:0
(7,5,10]:0
(10,+Infinity]:0

Instrumentation scope (Meter):
	Name: System.Net.NameResolution
Resource associated with Metric:
	service.name: NatureProtector.Simulator.Host
	service.instance.id: c2f8297e-a893-491c-8415-d33e5ab48cbb
	telemetry.sdk.name: opentelemetry
	telemetry.sdk.language: dotnet
	telemetry.sdk.version: 1.10.0

Metric Name: process.memory.usage, Description: The amount of physical memory in use., Unit: By
(2026-05-15T19:47:51.8479446Z, 2026-05-15T19:49:11.8483470Z] LongSumNonMonotonic
Value: 107593728
Instrumentation scope (Meter):
	Name: OpenTelemetry.Instrumentation.Process
	Version: 1.10.0-beta.1
Resource associated with Metric:
	service.name: NatureProtector.Simulator.Host
	service.instance.id: c2f8297e-a893-491c-8415-d33e5ab48cbb
	telemetry.sdk.name: opentelemetry
	telemetry.sdk.language: dotnet
	telemetry.sdk.version: 1.10.0

Metric Name: process.memory.virtual, Description: The amount of committed virtual memory., Unit: By
(2026-05-15T19:47:51.8489044Z, 2026-05-15T19:49:11.8483481Z] LongSumNonMonotonic
Value: 2481003020288
Instrumentation scope (Meter):
	Name: OpenTelemetry.Instrumentation.Process
	Version: 1.10.0-beta.1
Resource associated with Metric:
	service.name: NatureProtector.Simulator.Host
	service.instance.id: c2f8297e-a893-491c-8415-d33e5ab48cbb
	telemetry.sdk.name: opentelemetry
	telemetry.sdk.language: dotnet
	telemetry.sdk.version: 1.10.0

Metric Name: process.cpu.time, Description: Total CPU seconds broken down by different states., Unit: s
(2026-05-15T19:47:51.8490877Z, 2026-05-15T19:49:11.8483486Z] process.cpu.state: user DoubleSum
Value: 1.875
Instrumentation scope (Meter):
	Name: OpenTelemetry.Instrumentation.Process
	Version: 1.10.0-beta.1
Resource associated with Metric:
	service.name: NatureProtector.Simulator.Host
	service.instance.id: c2f8297e-a893-491c-8415-d33e5ab48cbb
	telemetry.sdk.name: opentelemetry
	telemetry.sdk.language: dotnet
	telemetry.sdk.version: 1.10.0
(2026-05-15T19:47:51.8490877Z, 2026-05-15T19:49:11.8483486Z] process.cpu.state: system DoubleSum
Value: 0.40625
Instrumentation scope (Meter):
	Name: OpenTelemetry.Instrumentation.Process
	Version: 1.10.0-beta.1
Resource associated with Metric:
	service.name: NatureProtector.Simulator.Host
	service.instance.id: c2f8297e-a893-491c-8415-d33e5ab48cbb
	telemetry.sdk.name: opentelemetry
	telemetry.sdk.language: dotnet
	telemetry.sdk.version: 1.10.0

Metric Name: process.cpu.count, Description: The number of processors (CPU cores) available to the current process., Unit: {processors}
(2026-05-15T19:47:51.8491055Z, 2026-05-15T19:49:11.8483492Z] LongSumNonMonotonic
Value: 16
Instrumentation scope (Meter):
	Name: OpenTelemetry.Instrumentation.Process
	Version: 1.10.0-beta.1
Resource associated with Metric:
	service.name: NatureProtector.Simulator.Host
	service.instance.id: c2f8297e-a893-491c-8415-d33e5ab48cbb
	telemetry.sdk.name: opentelemetry
	telemetry.sdk.language: dotnet
	telemetry.sdk.version: 1.10.0

Metric Name: process.thread.count, Description: Process threads count., Unit: {thread}
(2026-05-15T19:47:51.8491189Z, 2026-05-15T19:49:11.8483494Z] LongSumNonMonotonic
Value: 21
Instrumentation scope (Meter):
	Name: OpenTelemetry.Instrumentation.Process
	Version: 1.10.0-beta.1
Resource associated with Metric:
	service.name: NatureProtector.Simulator.Host
	service.instance.id: c2f8297e-a893-491c-8415-d33e5ab48cbb
	telemetry.sdk.name: opentelemetry
	telemetry.sdk.language: dotnet
	telemetry.sdk.version: 1.10.0

Metric Name: dotnet.gc.collections, Description: The number of garbage collections that have occurred since the process has started., Unit: {collection}
(2026-05-15T19:47:51.8491273Z, 2026-05-15T19:49:11.8483497Z] gc.heap.generation: gen2 LongSum
Value: 1
Instrumentation scope (Meter):
	Name: System.Runtime
Resource associated with Metric:
	service.name: NatureProtector.Simulator.Host
	service.instance.id: c2f8297e-a893-491c-8415-d33e5ab48cbb
	telemetry.sdk.name: opentelemetry
	telemetry.sdk.language: dotnet
	telemetry.sdk.version: 1.10.0
(2026-05-15T19:47:51.8491273Z, 2026-05-15T19:49:11.8483497Z] gc.heap.generation: gen1 LongSum
Value: 1
Instrumentation scope (Meter):
	Name: System.Runtime
Resource associated with Metric:
	service.name: NatureProtector.Simulator.Host
	service.instance.id: c2f8297e-a893-491c-8415-d33e5ab48cbb
	telemetry.sdk.name: opentelemetry
	telemetry.sdk.language: dotnet
	telemetry.sdk.version: 1.10.0
(2026-05-15T19:47:51.8491273Z, 2026-05-15T19:49:11.8483497Z] gc.heap.generation: gen0 LongSum
Value: 2
Instrumentation scope (Meter):
	Name: System.Runtime
Resource associated with Metric:
	service.name: NatureProtector.Simulator.Host
	service.instance.id: c2f8297e-a893-491c-8415-d33e5ab48cbb
	telemetry.sdk.name: opentelemetry
	telemetry.sdk.language: dotnet
	telemetry.sdk.version: 1.10.0

Metric Name: dotnet.process.memory.working_set, Description: The number of bytes of physical memory mapped to the process context., Unit: By
(2026-05-15T19:47:51.8491348Z, 2026-05-15T19:49:11.8483499Z] LongSumNonMonotonic
Value: 106655744
Instrumentation scope (Meter):
	Name: System.Runtime
Resource associated with Metric:
	service.name: NatureProtector.Simulator.Host
	service.instance.id: c2f8297e-a893-491c-8415-d33e5ab48cbb
	telemetry.sdk.name: opentelemetry
	telemetry.sdk.language: dotnet
	telemetry.sdk.version: 1.10.0

Metric Name: dotnet.gc.heap.total_allocated, Description: The approximate number of bytes allocated on the managed GC heap since the process has started. The returned value does not include any native allocations., Unit: By
(2026-05-15T19:47:51.8497073Z, 2026-05-15T19:49:11.8483501Z] LongSum
Value: 40386968
Instrumentation scope (Meter):
	Name: System.Runtime
Resource associated with Metric:
	service.name: NatureProtector.Simulator.Host
	service.instance.id: c2f8297e-a893-491c-8415-d33e5ab48cbb
	telemetry.sdk.name: opentelemetry
	telemetry.sdk.language: dotnet
	telemetry.sdk.version: 1.10.0

Metric Name: dotnet.gc.last_collection.memory.committed_size, Description: The amount of committed virtual memory in use by the .NET GC, as observed during the latest garbage collection., Unit: By
(2026-05-15T19:47:51.8497164Z, 2026-05-15T19:49:11.8483503Z] LongSumNonMonotonic
Value: 20840448
Instrumentation scope (Meter):
	Name: System.Runtime
Resource associated with Metric:
	service.name: NatureProtector.Simulator.Host
	service.instance.id: c2f8297e-a893-491c-8415-d33e5ab48cbb
	telemetry.sdk.name: opentelemetry
	telemetry.sdk.language: dotnet
	telemetry.sdk.version: 1.10.0

Metric Name: dotnet.gc.last_collection.heap.size, Description: The managed GC heap size (including fragmentation), as observed during the latest garbage collection., Unit: By
(2026-05-15T19:47:51.8497237Z, 2026-05-15T19:49:11.8483504Z] gc.heap.generation: gen0 LongSumNonMonotonic
Value: 156040
Instrumentation scope (Meter):
	Name: System.Runtime
Resource associated with Metric:
	service.name: NatureProtector.Simulator.Host
	service.instance.id: c2f8297e-a893-491c-8415-d33e5ab48cbb
	telemetry.sdk.name: opentelemetry
	telemetry.sdk.language: dotnet
	telemetry.sdk.version: 1.10.0
(2026-05-15T19:47:51.8497237Z, 2026-05-15T19:49:11.8483504Z] gc.heap.generation: gen1 LongSumNonMonotonic
Value: 4144664
Instrumentation scope (Meter):
	Name: System.Runtime
Resource associated with Metric:
	service.name: NatureProtector.Simulator.Host
	service.instance.id: c2f8297e-a893-491c-8415-d33e5ab48cbb
	telemetry.sdk.name: opentelemetry
	telemetry.sdk.language: dotnet
	telemetry.sdk.version: 1.10.0
(2026-05-15T19:47:51.8497237Z, 2026-05-15T19:49:11.8483504Z] gc.heap.generation: gen2 LongSumNonMonotonic
Value: 915152
Instrumentation scope (Meter):
	Name: System.Runtime
Resource associated with Metric:
	service.name: NatureProtector.Simulator.Host
	service.instance.id: c2f8297e-a893-491c-8415-d33e5ab48cbb
	telemetry.sdk.name: opentelemetry
	telemetry.sdk.language: dotnet
	telemetry.sdk.version: 1.10.0
(2026-05-15T19:47:51.8497237Z, 2026-05-15T19:49:11.8483504Z] gc.heap.generation: loh LongSumNonMonotonic
Value: 6986640
Instrumentation scope (Meter):
	Name: System.Runtime
Resource associated with Metric:
	service.name: NatureProtector.Simulator.Host
	service.instance.id: c2f8297e-a893-491c-8415-d33e5ab48cbb
	telemetry.sdk.name: opentelemetry
	telemetry.sdk.language: dotnet
	telemetry.sdk.version: 1.10.0
(2026-05-15T19:47:51.8497237Z, 2026-05-15T19:49:11.8483504Z] gc.heap.generation: poh LongSumNonMonotonic
Value: 58240
Instrumentation scope (Meter):
	Name: System.Runtime
Resource associated with Metric:
	service.name: NatureProtector.Simulator.Host
	service.instance.id: c2f8297e-a893-491c-8415-d33e5ab48cbb
	telemetry.sdk.name: opentelemetry
	telemetry.sdk.language: dotnet
	telemetry.sdk.version: 1.10.0

Metric Name: dotnet.gc.last_collection.heap.fragmentation.size, Description: The heap fragmentation, as observed during the latest garbage collection., Unit: By
(2026-05-15T19:47:51.8497339Z, 2026-05-15T19:49:11.8483507Z] gc.heap.generation: gen0 LongSumNonMonotonic
Value: 147656
Instrumentation scope (Meter):
	Name: System.Runtime
Resource associated with Metric:
	service.name: NatureProtector.Simulator.Host
	service.instance.id: c2f8297e-a893-491c-8415-d33e5ab48cbb
	telemetry.sdk.name: opentelemetry
	telemetry.sdk.language: dotnet
	telemetry.sdk.version: 1.10.0
(2026-05-15T19:47:51.8497339Z, 2026-05-15T19:49:11.8483507Z] gc.heap.generation: gen1 LongSumNonMonotonic
Value: 68112
Instrumentation scope (Meter):
	Name: System.Runtime
Resource associated with Metric:
	service.name: NatureProtector.Simulator.Host
	service.instance.id: c2f8297e-a893-491c-8415-d33e5ab48cbb
	telemetry.sdk.name: opentelemetry
	telemetry.sdk.language: dotnet
	telemetry.sdk.version: 1.10.0
(2026-05-15T19:47:51.8497339Z, 2026-05-15T19:49:11.8483507Z] gc.heap.generation: gen2 LongSumNonMonotonic
Value: 0
Instrumentation scope (Meter):
	Name: System.Runtime
Resource associated with Metric:
	service.name: NatureProtector.Simulator.Host
	service.instance.id: c2f8297e-a893-491c-8415-d33e5ab48cbb
	telemetry.sdk.name: opentelemetry
	telemetry.sdk.language: dotnet
	telemetry.sdk.version: 1.10.0
(2026-05-15T19:47:51.8497339Z, 2026-05-15T19:49:11.8483507Z] gc.heap.generation: loh LongSumNonMonotonic
Value: 1120
Instrumentation scope (Meter):
	Name: System.Runtime
Resource associated with Metric:
	service.name: NatureProtector.Simulator.Host
	service.instance.id: c2f8297e-a893-491c-8415-d33e5ab48cbb
	telemetry.sdk.name: opentelemetry
	telemetry.sdk.language: dotnet
	telemetry.sdk.version: 1.10.0
(2026-05-15T19:47:51.8497339Z, 2026-05-15T19:49:11.8483507Z] gc.heap.generation: poh LongSumNonMonotonic
Value: 0
Instrumentation scope (Meter):
	Name: System.Runtime
Resource associated with Metric:
	service.name: NatureProtector.Simulator.Host
	service.instance.id: c2f8297e-a893-491c-8415-d33e5ab48cbb
	telemetry.sdk.name: opentelemetry
	telemetry.sdk.language: dotnet
	telemetry.sdk.version: 1.10.0

Metric Name: dotnet.gc.pause.time, Description: The total amount of time paused in GC since the process has started., Unit: s
(2026-05-15T19:47:51.8497421Z, 2026-05-15T19:49:11.8483509Z] DoubleSum
Value: 0.017602
Instrumentation scope (Meter):
	Name: System.Runtime
Resource associated with Metric:
	service.name: NatureProtector.Simulator.Host
	service.instance.id: c2f8297e-a893-491c-8415-d33e5ab48cbb
	telemetry.sdk.name: opentelemetry
	telemetry.sdk.language: dotnet
	telemetry.sdk.version: 1.10.0

Metric Name: dotnet.jit.compiled_il.size, Description: Count of bytes of intermediate language that have been compiled since the process has started., Unit: By
(2026-05-15T19:47:51.8497489Z, 2026-05-15T19:49:11.8483511Z] LongSum
Value: 1142706
Instrumentation scope (Meter):
	Name: System.Runtime
Resource associated with Metric:
	service.name: NatureProtector.Simulator.Host
	service.instance.id: c2f8297e-a893-491c-8415-d33e5ab48cbb
	telemetry.sdk.name: opentelemetry
	telemetry.sdk.language: dotnet
	telemetry.sdk.version: 1.10.0

Metric Name: dotnet.jit.compiled_methods, Description: The number of times the JIT compiler (re)compiled methods since the process has started., Unit: {method}
(2026-05-15T19:47:51.8497588Z, 2026-05-15T19:49:11.8483513Z] LongSum
Value: 14794
Instrumentation scope (Meter):
	Name: System.Runtime
Resource associated with Metric:
	service.name: NatureProtector.Simulator.Host
	service.instance.id: c2f8297e-a893-491c-8415-d33e5ab48cbb
	telemetry.sdk.name: opentelemetry
	telemetry.sdk.language: dotnet
	telemetry.sdk.version: 1.10.0

Metric Name: dotnet.jit.compilation.time, Description: The number of times the JIT compiler (re)compiled methods since the process has started., Unit: s
(2026-05-15T19:47:51.8497690Z, 2026-05-15T19:49:11.8483516Z] DoubleSum
Value: 1.4722319
Instrumentation scope (Meter):
	Name: System.Runtime
Resource associated with Metric:
	service.name: NatureProtector.Simulator.Host
	service.instance.id: c2f8297e-a893-491c-8415-d33e5ab48cbb
	telemetry.sdk.name: opentelemetry
	telemetry.sdk.language: dotnet
	telemetry.sdk.version: 1.10.0

Metric Name: dotnet.monitor.lock_contentions, Description: The number of times there was contention when trying to acquire a monitor lock since the process has started., Unit: {contention}
(2026-05-15T19:47:51.8497769Z, 2026-05-15T19:49:11.8483516Z] LongSum
Value: 34
Instrumentation scope (Meter):
	Name: System.Runtime
Resource associated with Metric:
	service.name: NatureProtector.Simulator.Host
	service.instance.id: c2f8297e-a893-491c-8415-d33e5ab48cbb
	telemetry.sdk.name: opentelemetry
	telemetry.sdk.language: dotnet
	telemetry.sdk.version: 1.10.0

Metric Name: dotnet.thread_pool.thread.count, Description: The number of thread pool threads that currently exist., Unit: {thread}
(2026-05-15T19:47:51.8497866Z, 2026-05-15T19:49:11.8483518Z] LongSum
Value: 2
Instrumentation scope (Meter):
	Name: System.Runtime
Resource associated with Metric:
	service.name: NatureProtector.Simulator.Host
	service.instance.id: c2f8297e-a893-491c-8415-d33e5ab48cbb
	telemetry.sdk.name: opentelemetry
	telemetry.sdk.language: dotnet
	telemetry.sdk.version: 1.10.0

Metric Name: dotnet.thread_pool.work_item.count, Description: The number of work items that the thread pool has completed since the process has started., Unit: {work_item}
(2026-05-15T19:47:51.8497935Z, 2026-05-15T19:49:11.8483520Z] LongSum
Value: 123
Instrumentation scope (Meter):
	Name: System.Runtime
Resource associated with Metric:
	service.name: NatureProtector.Simulator.Host
	service.instance.id: c2f8297e-a893-491c-8415-d33e5ab48cbb
	telemetry.sdk.name: opentelemetry
	telemetry.sdk.language: dotnet
	telemetry.sdk.version: 1.10.0

Metric Name: dotnet.thread_pool.queue.length, Description: The number of work items that are currently queued to be processed by the thread pool., Unit: {work_item}
(2026-05-15T19:47:51.8498023Z, 2026-05-15T19:49:11.8483521Z] LongSum
Value: 0
Instrumentation scope (Meter):
	Name: System.Runtime
Resource associated with Metric:
	service.name: NatureProtector.Simulator.Host
	service.instance.id: c2f8297e-a893-491c-8415-d33e5ab48cbb
	telemetry.sdk.name: opentelemetry
	telemetry.sdk.language: dotnet
	telemetry.sdk.version: 1.10.0

Metric Name: dotnet.timer.count, Description: The number of timer instances that are currently active. An active timer is registered to tick at some point in the future and has not yet been canceled., Unit: {timer}
(2026-05-15T19:47:51.8498160Z, 2026-05-15T19:49:11.8483523Z] LongSumNonMonotonic
Value: 4
Instrumentation scope (Meter):
	Name: System.Runtime
Resource associated with Metric:
	service.name: NatureProtector.Simulator.Host
	service.instance.id: c2f8297e-a893-491c-8415-d33e5ab48cbb
	telemetry.sdk.name: opentelemetry
	telemetry.sdk.language: dotnet
	telemetry.sdk.version: 1.10.0

Metric Name: dotnet.assembly.count, Description: The number of .NET assemblies that are currently loaded., Unit: {assembly}
(2026-05-15T19:47:51.8498242Z, 2026-05-15T19:49:11.8483525Z] LongSumNonMonotonic
Value: 105
Instrumentation scope (Meter):
	Name: System.Runtime
Resource associated with Metric:
	service.name: NatureProtector.Simulator.Host
	service.instance.id: c2f8297e-a893-491c-8415-d33e5ab48cbb
	telemetry.sdk.name: opentelemetry
	telemetry.sdk.language: dotnet
	telemetry.sdk.version: 1.10.0

Metric Name: dotnet.process.cpu.count, Description: The number of processors available to the process., Unit: {cpu}
(2026-05-15T19:47:51.8541883Z, 2026-05-15T19:49:11.8483529Z] LongSumNonMonotonic
Value: 16
Instrumentation scope (Meter):
	Name: System.Runtime
Resource associated with Metric:
	service.name: NatureProtector.Simulator.Host
	service.instance.id: c2f8297e-a893-491c-8415-d33e5ab48cbb
	telemetry.sdk.name: opentelemetry
	telemetry.sdk.language: dotnet
	telemetry.sdk.version: 1.10.0

Metric Name: dotnet.process.cpu.time, Description: CPU time used by the process., Unit: s
(2026-05-15T19:47:51.8542466Z, 2026-05-15T19:49:11.8483531Z] cpu.mode: user DoubleSum
Value: 1.875
Instrumentation scope (Meter):
	Name: System.Runtime
Resource associated with Metric:
	service.name: NatureProtector.Simulator.Host
	service.instance.id: c2f8297e-a893-491c-8415-d33e5ab48cbb
	telemetry.sdk.name: opentelemetry
	telemetry.sdk.language: dotnet
	telemetry.sdk.version: 1.10.0
(2026-05-15T19:47:51.8542466Z, 2026-05-15T19:49:11.8483531Z] cpu.mode: system DoubleSum
Value: 0.40625
Instrumentation scope (Meter):
	Name: System.Runtime
Resource associated with Metric:
	service.name: NatureProtector.Simulator.Host
	service.instance.id: c2f8297e-a893-491c-8415-d33e5ab48cbb
	telemetry.sdk.name: opentelemetry
	telemetry.sdk.language: dotnet
	telemetry.sdk.version: 1.10.0

Metric Name: natureprotector.simulator.context.creations
(2026-05-15T19:47:51.8686992Z, 2026-05-15T19:49:11.8483534Z] LongSum
Value: 1
Instrumentation scope (Meter):
	Name: NatureProtector.Simulator.Host
Resource associated with Metric:
	service.name: NatureProtector.Simulator.Host
	service.instance.id: c2f8297e-a893-491c-8415-d33e5ab48cbb
	telemetry.sdk.name: opentelemetry
	telemetry.sdk.language: dotnet
	telemetry.sdk.version: 1.10.0

Metric Name: natureprotector.simulator.context.creation.duration, Unit: ms
(2026-05-15T19:47:51.8691666Z, 2026-05-15T19:49:11.8483541Z] Histogram
Value: Sum: 1071,7155 Count: 1 Min: 1071,7155 Max: 1071,7155 
(-Infinity,0]:0
(0,5]:0
(5,10]:0
(10,25]:0
(25,50]:0
(50,75]:0
(75,100]:0
(100,250]:0
(250,500]:0
(500,750]:0
(750,1000]:0
(1000,2500]:1
(2500,5000]:0
(5000,7500]:0
(7500,10000]:0
(10000,+Infinity]:0

Instrumentation scope (Meter):
	Name: NatureProtector.Simulator.Host
Resource associated with Metric:
	service.name: NatureProtector.Simulator.Host
	service.instance.id: c2f8297e-a893-491c-8415-d33e5ab48cbb
	telemetry.sdk.name: opentelemetry
	telemetry.sdk.language: dotnet
	telemetry.sdk.version: 1.10.0

Metric Name: natureprotector.simulator.runs
(2026-05-15T19:47:51.8691833Z, 2026-05-15T19:49:11.8483544Z] np.outcome: started LongSum
Value: 1
Instrumentation scope (Meter):
	Name: NatureProtector.Simulator.Host
Resource associated with Metric:
	service.name: NatureProtector.Simulator.Host
	service.instance.id: c2f8297e-a893-491c-8415-d33e5ab48cbb
	telemetry.sdk.name: opentelemetry
	telemetry.sdk.language: dotnet
	telemetry.sdk.version: 1.10.0
(2026-05-15T19:47:51.8691833Z, 2026-05-15T19:49:11.8483544Z] np.outcome: completed LongSum
Value: 1
Instrumentation scope (Meter):
	Name: NatureProtector.Simulator.Host
Resource associated with Metric:
	service.name: NatureProtector.Simulator.Host
	service.instance.id: c2f8297e-a893-491c-8415-d33e5ab48cbb
	telemetry.sdk.name: opentelemetry
	telemetry.sdk.language: dotnet
	telemetry.sdk.version: 1.10.0

Metric Name: natureprotector.simulator.run.duration, Unit: ms
(2026-05-15T19:47:51.8691934Z, 2026-05-15T19:49:11.8483549Z] np.outcome: completed Histogram
Value: Sum: 21581,8992 Count: 1 Min: 21581,8992 Max: 21581,8992 
(-Infinity,0]:0
(0,5]:0
(5,10]:0
(10,25]:0
(25,50]:0
(50,75]:0
(75,100]:0
(100,250]:0
(250,500]:0
(500,750]:0
(750,1000]:0
(1000,2500]:0
(2500,5000]:0
(5000,7500]:0
(7500,10000]:0
(10000,+Infinity]:1

Instrumentation scope (Meter):
	Name: NatureProtector.Simulator.Host
Resource associated with Metric:
	service.name: NatureProtector.Simulator.Host
	service.instance.id: c2f8297e-a893-491c-8415-d33e5ab48cbb
	telemetry.sdk.name: opentelemetry
	telemetry.sdk.language: dotnet
	telemetry.sdk.version: 1.10.0

Metric Name: natureprotector.simulator.publish.messages
(2026-05-15T19:47:51.8692005Z, 2026-05-15T19:49:11.8483551Z] LongSum
Value: 30
Instrumentation scope (Meter):
	Name: NatureProtector.Simulator.Host
Resource associated with Metric:
	service.name: NatureProtector.Simulator.Host
	service.instance.id: c2f8297e-a893-491c-8415-d33e5ab48cbb
	telemetry.sdk.name: opentelemetry
	telemetry.sdk.language: dotnet
	telemetry.sdk.version: 1.10.0

Metric Name: natureprotector.simulator.publish.batch.size
(2026-05-15T19:47:51.8696093Z, 2026-05-15T19:49:11.8483561Z] Histogram
Value: Sum: 30 Count: 5 Min: 6 Max: 6 
(-Infinity,0]:0
(0,5]:0
(5,10]:5
(10,25]:0
(25,50]:0
(50,75]:0
(75,100]:0
(100,250]:0
(250,500]:0
(500,750]:0
(750,1000]:0
(1000,2500]:0
(2500,5000]:0
(5000,7500]:0
(7500,10000]:0
(10000,+Infinity]:0

Instrumentation scope (Meter):
	Name: NatureProtector.Simulator.Host
Resource associated with Metric:
	service.name: NatureProtector.Simulator.Host
	service.instance.id: c2f8297e-a893-491c-8415-d33e5ab48cbb
	telemetry.sdk.name: opentelemetry
	telemetry.sdk.language: dotnet
	telemetry.sdk.version: 1.10.0

Metric Name: natureprotector.simulator.publish.duration, Unit: ms
(2026-05-15T19:47:51.8696249Z, 2026-05-15T19:49:11.8483567Z] Histogram
Value: Sum: 365,81870000000004 Count: 35 Min: 0,1017 Max: 143,0177 
(-Infinity,0]:0
(0,5]:29
(5,10]:0
(10,25]:2
(25,50]:2
(50,75]:0
(75,100]:0
(100,250]:2
(250,500]:0
(500,750]:0
(750,1000]:0
(1000,2500]:0
(2500,5000]:0
(5000,7500]:0
(7500,10000]:0
(10000,+Infinity]:0

Instrumentation scope (Meter):
	Name: NatureProtector.Simulator.Host
Resource associated with Metric:
	service.name: NatureProtector.Simulator.Host
	service.instance.id: c2f8297e-a893-491c-8415-d33e5ab48cbb
	telemetry.sdk.name: opentelemetry
	telemetry.sdk.language: dotnet
	telemetry.sdk.version: 1.10.0

Metric Name: dns.lookup.duration, Description: Measures the time taken to perform a DNS lookup., Unit: s
(2026-05-15T19:47:52.6473778Z, 2026-05-15T19:49:11.8483576Z] dns.question.name: localhost Histogram
Value: Sum: 0,0071665 Count: 2 Min: 0,0004012 Max: 0,0067653 
(-Infinity,0,005]:1
(0,005,0,01]:1
(0,01,0,025]:0
(0,025,0,05]:0
(0,05,0,075]:0
(0,075,0,1]:0
(0,1,0,25]:0
(0,25,0,5]:0
(0,5,0,75]:0
(0,75,1]:0
(1,2,5]:0
(2,5,5]:0
(5,7,5]:0
(7,5,10]:0
(10,+Infinity]:0

Instrumentation scope (Meter):
	Name: System.Net.NameResolution
Resource associated with Metric:
	service.name: NatureProtector.Simulator.Host
	service.instance.id: c2f8297e-a893-491c-8415-d33e5ab48cbb
	telemetry.sdk.name: opentelemetry
	telemetry.sdk.language: dotnet
	telemetry.sdk.version: 1.10.0

Metric Name: process.memory.usage, Description: The amount of physical memory in use., Unit: By
(2026-05-15T19:47:51.8479446Z, 2026-05-15T19:49:21.8546293Z] LongSumNonMonotonic
Value: 106819584
Instrumentation scope (Meter):
	Name: OpenTelemetry.Instrumentation.Process
	Version: 1.10.0-beta.1
Resource associated with Metric:
	service.name: NatureProtector.Simulator.Host
	service.instance.id: c2f8297e-a893-491c-8415-d33e5ab48cbb
	telemetry.sdk.name: opentelemetry
	telemetry.sdk.language: dotnet
	telemetry.sdk.version: 1.10.0

Metric Name: process.memory.virtual, Description: The amount of committed virtual memory., Unit: By
(2026-05-15T19:47:51.8489044Z, 2026-05-15T19:49:21.8546301Z] LongSumNonMonotonic
Value: 2480999940096
Instrumentation scope (Meter):
	Name: OpenTelemetry.Instrumentation.Process
	Version: 1.10.0-beta.1
Resource associated with Metric:
	service.name: NatureProtector.Simulator.Host
	service.instance.id: c2f8297e-a893-491c-8415-d33e5ab48cbb
	telemetry.sdk.name: opentelemetry
	telemetry.sdk.language: dotnet
	telemetry.sdk.version: 1.10.0

Metric Name: process.cpu.time, Description: Total CPU seconds broken down by different states., Unit: s
(2026-05-15T19:47:51.8490877Z, 2026-05-15T19:49:21.8546307Z] process.cpu.state: user DoubleSum
Value: 1.875
Instrumentation scope (Meter):
	Name: OpenTelemetry.Instrumentation.Process
	Version: 1.10.0-beta.1
Resource associated with Metric:
	service.name: NatureProtector.Simulator.Host
	service.instance.id: c2f8297e-a893-491c-8415-d33e5ab48cbb
	telemetry.sdk.name: opentelemetry
	telemetry.sdk.language: dotnet
	telemetry.sdk.version: 1.10.0
(2026-05-15T19:47:51.8490877Z, 2026-05-15T19:49:21.8546307Z] process.cpu.state: system DoubleSum
Value: 0.421875
Instrumentation scope (Meter):
	Name: OpenTelemetry.Instrumentation.Process
	Version: 1.10.0-beta.1
Resource associated with Metric:
	service.name: NatureProtector.Simulator.Host
	service.instance.id: c2f8297e-a893-491c-8415-d33e5ab48cbb
	telemetry.sdk.name: opentelemetry
	telemetry.sdk.language: dotnet
	telemetry.sdk.version: 1.10.0

Metric Name: process.cpu.count, Description: The number of processors (CPU cores) available to the current process., Unit: {processors}
(2026-05-15T19:47:51.8491055Z, 2026-05-15T19:49:21.8546310Z] LongSumNonMonotonic
Value: 16
Instrumentation scope (Meter):
	Name: OpenTelemetry.Instrumentation.Process
	Version: 1.10.0-beta.1
Resource associated with Metric:
	service.name: NatureProtector.Simulator.Host
	service.instance.id: c2f8297e-a893-491c-8415-d33e5ab48cbb
	telemetry.sdk.name: opentelemetry
	telemetry.sdk.language: dotnet
	telemetry.sdk.version: 1.10.0

Metric Name: process.thread.count, Description: Process threads count., Unit: {thread}
(2026-05-15T19:47:51.8491189Z, 2026-05-15T19:49:21.8546313Z] LongSumNonMonotonic
Value: 21
Instrumentation scope (Meter):
	Name: OpenTelemetry.Instrumentation.Process
	Version: 1.10.0-beta.1
Resource associated with Metric:
	service.name: NatureProtector.Simulator.Host
	service.instance.id: c2f8297e-a893-491c-8415-d33e5ab48cbb
	telemetry.sdk.name: opentelemetry
	telemetry.sdk.language: dotnet
	telemetry.sdk.version: 1.10.0

Metric Name: dotnet.gc.collections, Description: The number of garbage collections that have occurred since the process has started., Unit: {collection}
(2026-05-15T19:47:51.8491273Z, 2026-05-15T19:49:21.8546315Z] gc.heap.generation: gen2 LongSum
Value: 1
Instrumentation scope (Meter):
	Name: System.Runtime
Resource associated with Metric:
	service.name: NatureProtector.Simulator.Host
	service.instance.id: c2f8297e-a893-491c-8415-d33e5ab48cbb
	telemetry.sdk.name: opentelemetry
	telemetry.sdk.language: dotnet
	telemetry.sdk.version: 1.10.0
(2026-05-15T19:47:51.8491273Z, 2026-05-15T19:49:21.8546315Z] gc.heap.generation: gen1 LongSum
Value: 1
Instrumentation scope (Meter):
	Name: System.Runtime
Resource associated with Metric:
	service.name: NatureProtector.Simulator.Host
	service.instance.id: c2f8297e-a893-491c-8415-d33e5ab48cbb
	telemetry.sdk.name: opentelemetry
	telemetry.sdk.language: dotnet
	telemetry.sdk.version: 1.10.0
(2026-05-15T19:47:51.8491273Z, 2026-05-15T19:49:21.8546315Z] gc.heap.generation: gen0 LongSum
Value: 2
Instrumentation scope (Meter):
	Name: System.Runtime
Resource associated with Metric:
	service.name: NatureProtector.Simulator.Host
	service.instance.id: c2f8297e-a893-491c-8415-d33e5ab48cbb
	telemetry.sdk.name: opentelemetry
	telemetry.sdk.language: dotnet
	telemetry.sdk.version: 1.10.0

Metric Name: dotnet.process.memory.working_set, Description: The number of bytes of physical memory mapped to the process context., Unit: By
(2026-05-15T19:47:51.8491348Z, 2026-05-15T19:49:21.8546316Z] LongSumNonMonotonic
Value: 106496000
Instrumentation scope (Meter):
	Name: System.Runtime
Resource associated with Metric:
	service.name: NatureProtector.Simulator.Host
	service.instance.id: c2f8297e-a893-491c-8415-d33e5ab48cbb
	telemetry.sdk.name: opentelemetry
	telemetry.sdk.language: dotnet
	telemetry.sdk.version: 1.10.0

Metric Name: dotnet.gc.heap.total_allocated, Description: The approximate number of bytes allocated on the managed GC heap since the process has started. The returned value does not include any native allocations., Unit: By
(2026-05-15T19:47:51.8497073Z, 2026-05-15T19:49:21.8546318Z] LongSum
Value: 40550968
Instrumentation scope (Meter):
	Name: System.Runtime
Resource associated with Metric:
	service.name: NatureProtector.Simulator.Host
	service.instance.id: c2f8297e-a893-491c-8415-d33e5ab48cbb
	telemetry.sdk.name: opentelemetry
	telemetry.sdk.language: dotnet
	telemetry.sdk.version: 1.10.0

Metric Name: dotnet.gc.last_collection.memory.committed_size, Description: The amount of committed virtual memory in use by the .NET GC, as observed during the latest garbage collection., Unit: By
(2026-05-15T19:47:51.8497164Z, 2026-05-15T19:49:21.8546321Z] LongSumNonMonotonic
Value: 20840448
Instrumentation scope (Meter):
	Name: System.Runtime
Resource associated with Metric:
	service.name: NatureProtector.Simulator.Host
	service.instance.id: c2f8297e-a893-491c-8415-d33e5ab48cbb
	telemetry.sdk.name: opentelemetry
	telemetry.sdk.language: dotnet
	telemetry.sdk.version: 1.10.0

Metric Name: dotnet.gc.last_collection.heap.size, Description: The managed GC heap size (including fragmentation), as observed during the latest garbage collection., Unit: By
(2026-05-15T19:47:51.8497237Z, 2026-05-15T19:49:21.8546323Z] gc.heap.generation: gen0 LongSumNonMonotonic
Value: 156040
Instrumentation scope (Meter):
	Name: System.Runtime
Resource associated with Metric:
	service.name: NatureProtector.Simulator.Host
	service.instance.id: c2f8297e-a893-491c-8415-d33e5ab48cbb
	telemetry.sdk.name: opentelemetry
	telemetry.sdk.language: dotnet
	telemetry.sdk.version: 1.10.0
(2026-05-15T19:47:51.8497237Z, 2026-05-15T19:49:21.8546323Z] gc.heap.generation: gen1 LongSumNonMonotonic
Value: 4144664
Instrumentation scope (Meter):
	Name: System.Runtime
Resource associated with Metric:
	service.name: NatureProtector.Simulator.Host
	service.instance.id: c2f8297e-a893-491c-8415-d33e5ab48cbb
	telemetry.sdk.name: opentelemetry
	telemetry.sdk.language: dotnet
	telemetry.sdk.version: 1.10.0
(2026-05-15T19:47:51.8497237Z, 2026-05-15T19:49:21.8546323Z] gc.heap.generation: gen2 LongSumNonMonotonic
Value: 915152
Instrumentation scope (Meter):
	Name: System.Runtime
Resource associated with Metric:
	service.name: NatureProtector.Simulator.Host
	service.instance.id: c2f8297e-a893-491c-8415-d33e5ab48cbb
	telemetry.sdk.name: opentelemetry
	telemetry.sdk.language: dotnet
	telemetry.sdk.version: 1.10.0
(2026-05-15T19:47:51.8497237Z, 2026-05-15T19:49:21.8546323Z] gc.heap.generation: loh LongSumNonMonotonic
Value: 6986640
Instrumentation scope (Meter):
	Name: System.Runtime
Resource associated with Metric:
	service.name: NatureProtector.Simulator.Host
	service.instance.id: c2f8297e-a893-491c-8415-d33e5ab48cbb
	telemetry.sdk.name: opentelemetry
	telemetry.sdk.language: dotnet
	telemetry.sdk.version: 1.10.0
(2026-05-15T19:47:51.8497237Z, 2026-05-15T19:49:21.8546323Z] gc.heap.generation: poh LongSumNonMonotonic
Value: 58240
Instrumentation scope (Meter):
	Name: System.Runtime
Resource associated with Metric:
	service.name: NatureProtector.Simulator.Host
	service.instance.id: c2f8297e-a893-491c-8415-d33e5ab48cbb
	telemetry.sdk.name: opentelemetry
	telemetry.sdk.language: dotnet
	telemetry.sdk.version: 1.10.0

Metric Name: dotnet.gc.last_collection.heap.fragmentation.size, Description: The heap fragmentation, as observed during the latest garbage collection., Unit: By
(2026-05-15T19:47:51.8497339Z, 2026-05-15T19:49:21.8546325Z] gc.heap.generation: gen0 LongSumNonMonotonic
Value: 147656
Instrumentation scope (Meter):
	Name: System.Runtime
Resource associated with Metric:
	service.name: NatureProtector.Simulator.Host
	service.instance.id: c2f8297e-a893-491c-8415-d33e5ab48cbb
	telemetry.sdk.name: opentelemetry
	telemetry.sdk.language: dotnet
	telemetry.sdk.version: 1.10.0
(2026-05-15T19:47:51.8497339Z, 2026-05-15T19:49:21.8546325Z] gc.heap.generation: gen1 LongSumNonMonotonic
Value: 68112
Instrumentation scope (Meter):
	Name: System.Runtime
Resource associated with Metric:
	service.name: NatureProtector.Simulator.Host
	service.instance.id: c2f8297e-a893-491c-8415-d33e5ab48cbb
	telemetry.sdk.name: opentelemetry
	telemetry.sdk.language: dotnet
	telemetry.sdk.version: 1.10.0
(2026-05-15T19:47:51.8497339Z, 2026-05-15T19:49:21.8546325Z] gc.heap.generation: gen2 LongSumNonMonotonic
Value: 0
Instrumentation scope (Meter):
	Name: System.Runtime
Resource associated with Metric:
	service.name: NatureProtector.Simulator.Host
	service.instance.id: c2f8297e-a893-491c-8415-d33e5ab48cbb
	telemetry.sdk.name: opentelemetry
	telemetry.sdk.language: dotnet
	telemetry.sdk.version: 1.10.0
(2026-05-15T19:47:51.8497339Z, 2026-05-15T19:49:21.8546325Z] gc.heap.generation: loh LongSumNonMonotonic
Value: 1120
Instrumentation scope (Meter):
	Name: System.Runtime
Resource associated with Metric:
	service.name: NatureProtector.Simulator.Host
	service.instance.id: c2f8297e-a893-491c-8415-d33e5ab48cbb
	telemetry.sdk.name: opentelemetry
	telemetry.sdk.language: dotnet
	telemetry.sdk.version: 1.10.0
(2026-05-15T19:47:51.8497339Z, 2026-05-15T19:49:21.8546325Z] gc.heap.generation: poh LongSumNonMonotonic
Value: 0
Instrumentation scope (Meter):
	Name: System.Runtime
Resource associated with Metric:
	service.name: NatureProtector.Simulator.Host
	service.instance.id: c2f8297e-a893-491c-8415-d33e5ab48cbb
	telemetry.sdk.name: opentelemetry
	telemetry.sdk.language: dotnet
	telemetry.sdk.version: 1.10.0

Metric Name: dotnet.gc.pause.time, Description: The total amount of time paused in GC since the process has started., Unit: s
(2026-05-15T19:47:51.8497421Z, 2026-05-15T19:49:21.8546327Z] DoubleSum
Value: 0.017602
Instrumentation scope (Meter):
	Name: System.Runtime
Resource associated with Metric:
	service.name: NatureProtector.Simulator.Host
	service.instance.id: c2f8297e-a893-491c-8415-d33e5ab48cbb
	telemetry.sdk.name: opentelemetry
	telemetry.sdk.language: dotnet
	telemetry.sdk.version: 1.10.0

Metric Name: dotnet.jit.compiled_il.size, Description: Count of bytes of intermediate language that have been compiled since the process has started., Unit: By
(2026-05-15T19:47:51.8497489Z, 2026-05-15T19:49:21.8546329Z] LongSum
Value: 1144366
Instrumentation scope (Meter):
	Name: System.Runtime
Resource associated with Metric:
	service.name: NatureProtector.Simulator.Host
	service.instance.id: c2f8297e-a893-491c-8415-d33e5ab48cbb
	telemetry.sdk.name: opentelemetry
	telemetry.sdk.language: dotnet
	telemetry.sdk.version: 1.10.0

Metric Name: dotnet.jit.compiled_methods, Description: The number of times the JIT compiler (re)compiled methods since the process has started., Unit: {method}
(2026-05-15T19:47:51.8497588Z, 2026-05-15T19:49:21.8546332Z] LongSum
Value: 14815
Instrumentation scope (Meter):
	Name: System.Runtime
Resource associated with Metric:
	service.name: NatureProtector.Simulator.Host
	service.instance.id: c2f8297e-a893-491c-8415-d33e5ab48cbb
	telemetry.sdk.name: opentelemetry
	telemetry.sdk.language: dotnet
	telemetry.sdk.version: 1.10.0

Metric Name: dotnet.jit.compilation.time, Description: The number of times the JIT compiler (re)compiled methods since the process has started., Unit: s
(2026-05-15T19:47:51.8497690Z, 2026-05-15T19:49:21.8546334Z] DoubleSum
Value: 1.4781739
Instrumentation scope (Meter):
	Name: System.Runtime
Resource associated with Metric:
	service.name: NatureProtector.Simulator.Host
	service.instance.id: c2f8297e-a893-491c-8415-d33e5ab48cbb
	telemetry.sdk.name: opentelemetry
	telemetry.sdk.language: dotnet
	telemetry.sdk.version: 1.10.0

Metric Name: dotnet.monitor.lock_contentions, Description: The number of times there was contention when trying to acquire a monitor lock since the process has started., Unit: {contention}
(2026-05-15T19:47:51.8497769Z, 2026-05-15T19:49:21.8546334Z] LongSum
Value: 34
Instrumentation scope (Meter):
	Name: System.Runtime
Resource associated with Metric:
	service.name: NatureProtector.Simulator.Host
	service.instance.id: c2f8297e-a893-491c-8415-d33e5ab48cbb
	telemetry.sdk.name: opentelemetry
	telemetry.sdk.language: dotnet
	telemetry.sdk.version: 1.10.0

Metric Name: dotnet.thread_pool.thread.count, Description: The number of thread pool threads that currently exist., Unit: {thread}
(2026-05-15T19:47:51.8497866Z, 2026-05-15T19:49:21.8546335Z] LongSum
Value: 2
Instrumentation scope (Meter):
	Name: System.Runtime
Resource associated with Metric:
	service.name: NatureProtector.Simulator.Host
	service.instance.id: c2f8297e-a893-491c-8415-d33e5ab48cbb
	telemetry.sdk.name: opentelemetry
	telemetry.sdk.language: dotnet
	telemetry.sdk.version: 1.10.0

Metric Name: dotnet.thread_pool.work_item.count, Description: The number of work items that the thread pool has completed since the process has started., Unit: {work_item}
(2026-05-15T19:47:51.8497935Z, 2026-05-15T19:49:21.8546336Z] LongSum
Value: 125
Instrumentation scope (Meter):
	Name: System.Runtime
Resource associated with Metric:
	service.name: NatureProtector.Simulator.Host
	service.instance.id: c2f8297e-a893-491c-8415-d33e5ab48cbb
	telemetry.sdk.name: opentelemetry
	telemetry.sdk.language: dotnet
	telemetry.sdk.version: 1.10.0

Metric Name: dotnet.thread_pool.queue.length, Description: The number of work items that are currently queued to be processed by the thread pool., Unit: {work_item}
(2026-05-15T19:47:51.8498023Z, 2026-05-15T19:49:21.8546338Z] LongSum
Value: 0
Instrumentation scope (Meter):
	Name: System.Runtime
Resource associated with Metric:
	service.name: NatureProtector.Simulator.Host
	service.instance.id: c2f8297e-a893-491c-8415-d33e5ab48cbb
	telemetry.sdk.name: opentelemetry
	telemetry.sdk.language: dotnet
	telemetry.sdk.version: 1.10.0

Metric Name: dotnet.timer.count, Description: The number of timer instances that are currently active. An active timer is registered to tick at some point in the future and has not yet been canceled., Unit: {timer}
(2026-05-15T19:47:51.8498160Z, 2026-05-15T19:49:21.8546340Z] LongSumNonMonotonic
Value: 4
Instrumentation scope (Meter):
	Name: System.Runtime
Resource associated with Metric:
	service.name: NatureProtector.Simulator.Host
	service.instance.id: c2f8297e-a893-491c-8415-d33e5ab48cbb
	telemetry.sdk.name: opentelemetry
	telemetry.sdk.language: dotnet
	telemetry.sdk.version: 1.10.0

Metric Name: dotnet.assembly.count, Description: The number of .NET assemblies that are currently loaded., Unit: {assembly}
(2026-05-15T19:47:51.8498242Z, 2026-05-15T19:49:21.8546341Z] LongSumNonMonotonic
Value: 105
Instrumentation scope (Meter):
	Name: System.Runtime
Resource associated with Metric:
	service.name: NatureProtector.Simulator.Host
	service.instance.id: c2f8297e-a893-491c-8415-d33e5ab48cbb
	telemetry.sdk.name: opentelemetry
	telemetry.sdk.language: dotnet
	telemetry.sdk.version: 1.10.0

Metric Name: dotnet.process.cpu.count, Description: The number of processors available to the process., Unit: {cpu}
(2026-05-15T19:47:51.8541883Z, 2026-05-15T19:49:21.8546345Z] LongSumNonMonotonic
Value: 16
Instrumentation scope (Meter):
	Name: System.Runtime
Resource associated with Metric:
	service.name: NatureProtector.Simulator.Host
	service.instance.id: c2f8297e-a893-491c-8415-d33e5ab48cbb
	telemetry.sdk.name: opentelemetry
	telemetry.sdk.language: dotnet
	telemetry.sdk.version: 1.10.0

Metric Name: dotnet.process.cpu.time, Description: CPU time used by the process., Unit: s
(2026-05-15T19:47:51.8542466Z, 2026-05-15T19:49:21.8546346Z] cpu.mode: user DoubleSum
Value: 1.890625
Instrumentation scope (Meter):
	Name: System.Runtime
Resource associated with Metric:
	service.name: NatureProtector.Simulator.Host
	service.instance.id: c2f8297e-a893-491c-8415-d33e5ab48cbb
	telemetry.sdk.name: opentelemetry
	telemetry.sdk.language: dotnet
	telemetry.sdk.version: 1.10.0
(2026-05-15T19:47:51.8542466Z, 2026-05-15T19:49:21.8546346Z] cpu.mode: system DoubleSum
Value: 0.4375
Instrumentation scope (Meter):
	Name: System.Runtime
Resource associated with Metric:
	service.name: NatureProtector.Simulator.Host
	service.instance.id: c2f8297e-a893-491c-8415-d33e5ab48cbb
	telemetry.sdk.name: opentelemetry
	telemetry.sdk.language: dotnet
	telemetry.sdk.version: 1.10.0

Metric Name: natureprotector.simulator.context.creations
(2026-05-15T19:47:51.8686992Z, 2026-05-15T19:49:21.8546349Z] LongSum
Value: 1
Instrumentation scope (Meter):
	Name: NatureProtector.Simulator.Host
Resource associated with Metric:
	service.name: NatureProtector.Simulator.Host
	service.instance.id: c2f8297e-a893-491c-8415-d33e5ab48cbb
	telemetry.sdk.name: opentelemetry
	telemetry.sdk.language: dotnet
	telemetry.sdk.version: 1.10.0

Metric Name: natureprotector.simulator.context.creation.duration, Unit: ms
(2026-05-15T19:47:51.8691666Z, 2026-05-15T19:49:21.8546358Z] Histogram
Value: Sum: 1071,7155 Count: 1 Min: 1071,7155 Max: 1071,7155 
(-Infinity,0]:0
(0,5]:0
(5,10]:0
(10,25]:0
(25,50]:0
(50,75]:0
(75,100]:0
(100,250]:0
(250,500]:0
(500,750]:0
(750,1000]:0
(1000,2500]:1
(2500,5000]:0
(5000,7500]:0
(7500,10000]:0
(10000,+Infinity]:0

Instrumentation scope (Meter):
	Name: NatureProtector.Simulator.Host
Resource associated with Metric:
	service.name: NatureProtector.Simulator.Host
	service.instance.id: c2f8297e-a893-491c-8415-d33e5ab48cbb
	telemetry.sdk.name: opentelemetry
	telemetry.sdk.language: dotnet
	telemetry.sdk.version: 1.10.0

Metric Name: natureprotector.simulator.runs
(2026-05-15T19:47:51.8691833Z, 2026-05-15T19:49:21.8546369Z] np.outcome: started LongSum
Value: 1
Instrumentation scope (Meter):
	Name: NatureProtector.Simulator.Host
Resource associated with Metric:
	service.name: NatureProtector.Simulator.Host
	service.instance.id: c2f8297e-a893-491c-8415-d33e5ab48cbb
	telemetry.sdk.name: opentelemetry
	telemetry.sdk.language: dotnet
	telemetry.sdk.version: 1.10.0
(2026-05-15T19:47:51.8691833Z, 2026-05-15T19:49:21.8546369Z] np.outcome: completed LongSum
Value: 1
Instrumentation scope (Meter):
	Name: NatureProtector.Simulator.Host
Resource associated with Metric:
	service.name: NatureProtector.Simulator.Host
	service.instance.id: c2f8297e-a893-491c-8415-d33e5ab48cbb
	telemetry.sdk.name: opentelemetry
	telemetry.sdk.language: dotnet
	telemetry.sdk.version: 1.10.0

Metric Name: natureprotector.simulator.run.duration, Unit: ms
(2026-05-15T19:47:51.8691934Z, 2026-05-15T19:49:21.8546376Z] np.outcome: completed Histogram
Value: Sum: 21581,8992 Count: 1 Min: 21581,8992 Max: 21581,8992 
(-Infinity,0]:0
(0,5]:0
(5,10]:0
(10,25]:0
(25,50]:0
(50,75]:0
(75,100]:0
(100,250]:0
(250,500]:0
(500,750]:0
(750,1000]:0
(1000,2500]:0
(2500,5000]:0
(5000,7500]:0
(7500,10000]:0
(10000,+Infinity]:1

Instrumentation scope (Meter):
	Name: NatureProtector.Simulator.Host
Resource associated with Metric:
	service.name: NatureProtector.Simulator.Host
	service.instance.id: c2f8297e-a893-491c-8415-d33e5ab48cbb
	telemetry.sdk.name: opentelemetry
	telemetry.sdk.language: dotnet
	telemetry.sdk.version: 1.10.0

Metric Name: natureprotector.simulator.publish.messages
(2026-05-15T19:47:51.8692005Z, 2026-05-15T19:49:21.8546379Z] LongSum
Value: 30
Instrumentation scope (Meter):
	Name: NatureProtector.Simulator.Host
Resource associated with Metric:
	service.name: NatureProtector.Simulator.Host
	service.instance.id: c2f8297e-a893-491c-8415-d33e5ab48cbb
	telemetry.sdk.name: opentelemetry
	telemetry.sdk.language: dotnet
	telemetry.sdk.version: 1.10.0

Metric Name: natureprotector.simulator.publish.batch.size
(2026-05-15T19:47:51.8696093Z, 2026-05-15T19:49:21.8546385Z] Histogram
Value: Sum: 30 Count: 5 Min: 6 Max: 6 
(-Infinity,0]:0
(0,5]:0
(5,10]:5
(10,25]:0
(25,50]:0
(50,75]:0
(75,100]:0
(100,250]:0
(250,500]:0
(500,750]:0
(750,1000]:0
(1000,2500]:0
(2500,5000]:0
(5000,7500]:0
(7500,10000]:0
(10000,+Infinity]:0

Instrumentation scope (Meter):
	Name: NatureProtector.Simulator.Host
Resource associated with Metric:
	service.name: NatureProtector.Simulator.Host
	service.instance.id: c2f8297e-a893-491c-8415-d33e5ab48cbb
	telemetry.sdk.name: opentelemetry
	telemetry.sdk.language: dotnet
	telemetry.sdk.version: 1.10.0

Metric Name: natureprotector.simulator.publish.duration, Unit: ms
(2026-05-15T19:47:51.8696249Z, 2026-05-15T19:49:21.8546391Z] Histogram
Value: Sum: 365,81870000000004 Count: 35 Min: 0,1017 Max: 143,0177 
(-Infinity,0]:0
(0,5]:29
(5,10]:0
(10,25]:2
(25,50]:2
(50,75]:0
(75,100]:0
(100,250]:2
(250,500]:0
(500,750]:0
(750,1000]:0
(1000,2500]:0
(2500,5000]:0
(5000,7500]:0
(7500,10000]:0
(10000,+Infinity]:0

Instrumentation scope (Meter):
	Name: NatureProtector.Simulator.Host
Resource associated with Metric:
	service.name: NatureProtector.Simulator.Host
	service.instance.id: c2f8297e-a893-491c-8415-d33e5ab48cbb
	telemetry.sdk.name: opentelemetry
	telemetry.sdk.language: dotnet
	telemetry.sdk.version: 1.10.0

Metric Name: dns.lookup.duration, Description: Measures the time taken to perform a DNS lookup., Unit: s
(2026-05-15T19:47:52.6473778Z, 2026-05-15T19:49:21.8546399Z] dns.question.name: localhost Histogram
Value: Sum: 0,0071665 Count: 2 Min: 0,0004012 Max: 0,0067653 
(-Infinity,0,005]:1
(0,005,0,01]:1
(0,01,0,025]:0
(0,025,0,05]:0
(0,05,0,075]:0
(0,075,0,1]:0
(0,1,0,25]:0
(0,25,0,5]:0
(0,5,0,75]:0
(0,75,1]:0
(1,2,5]:0
(2,5,5]:0
(5,7,5]:0
(7,5,10]:0
(10,+Infinity]:0

Instrumentation scope (Meter):
	Name: System.Net.NameResolution
Resource associated with Metric:
	service.name: NatureProtector.Simulator.Host
	service.instance.id: c2f8297e-a893-491c-8415-d33e5ab48cbb
	telemetry.sdk.name: opentelemetry
	telemetry.sdk.language: dotnet
	telemetry.sdk.version: 1.10.0

Metric Name: process.memory.usage, Description: The amount of physical memory in use., Unit: By
(2026-05-15T19:47:51.8479446Z, 2026-05-15T19:49:31.8521315Z] LongSumNonMonotonic
Value: 107773952
Instrumentation scope (Meter):
	Name: OpenTelemetry.Instrumentation.Process
	Version: 1.10.0-beta.1
Resource associated with Metric:
	service.name: NatureProtector.Simulator.Host
	service.instance.id: c2f8297e-a893-491c-8415-d33e5ab48cbb
	telemetry.sdk.name: opentelemetry
	telemetry.sdk.language: dotnet
	telemetry.sdk.version: 1.10.0

Metric Name: process.memory.virtual, Description: The amount of committed virtual memory., Unit: By
(2026-05-15T19:47:51.8489044Z, 2026-05-15T19:49:31.8521322Z] LongSumNonMonotonic
Value: 2480999874560
Instrumentation scope (Meter):
	Name: OpenTelemetry.Instrumentation.Process
	Version: 1.10.0-beta.1
Resource associated with Metric:
	service.name: NatureProtector.Simulator.Host
	service.instance.id: c2f8297e-a893-491c-8415-d33e5ab48cbb
	telemetry.sdk.name: opentelemetry
	telemetry.sdk.language: dotnet
	telemetry.sdk.version: 1.10.0

Metric Name: process.cpu.time, Description: Total CPU seconds broken down by different states., Unit: s
(2026-05-15T19:47:51.8490877Z, 2026-05-15T19:49:31.8521327Z] process.cpu.state: user DoubleSum
Value: 1.921875
Instrumentation scope (Meter):
	Name: OpenTelemetry.Instrumentation.Process
	Version: 1.10.0-beta.1
Resource associated with Metric:
	service.name: NatureProtector.Simulator.Host
	service.instance.id: c2f8297e-a893-491c-8415-d33e5ab48cbb
	telemetry.sdk.name: opentelemetry
	telemetry.sdk.language: dotnet
	telemetry.sdk.version: 1.10.0
(2026-05-15T19:47:51.8490877Z, 2026-05-15T19:49:31.8521327Z] process.cpu.state: system DoubleSum
Value: 0.453125
Instrumentation scope (Meter):
	Name: OpenTelemetry.Instrumentation.Process
	Version: 1.10.0-beta.1
Resource associated with Metric:
	service.name: NatureProtector.Simulator.Host
	service.instance.id: c2f8297e-a893-491c-8415-d33e5ab48cbb
	telemetry.sdk.name: opentelemetry
	telemetry.sdk.language: dotnet
	telemetry.sdk.version: 1.10.0

Metric Name: process.cpu.count, Description: The number of processors (CPU cores) available to the current process., Unit: {processors}
(2026-05-15T19:47:51.8491055Z, 2026-05-15T19:49:31.8521332Z] LongSumNonMonotonic
Value: 16
Instrumentation scope (Meter):
	Name: OpenTelemetry.Instrumentation.Process
	Version: 1.10.0-beta.1
Resource associated with Metric:
	service.name: NatureProtector.Simulator.Host
	service.instance.id: c2f8297e-a893-491c-8415-d33e5ab48cbb
	telemetry.sdk.name: opentelemetry
	telemetry.sdk.language: dotnet
	telemetry.sdk.version: 1.10.0

Metric Name: process.thread.count, Description: Process threads count., Unit: {thread}
(2026-05-15T19:47:51.8491189Z, 2026-05-15T19:49:31.8521335Z] LongSumNonMonotonic
Value: 21
Instrumentation scope (Meter):
	Name: OpenTelemetry.Instrumentation.Process
	Version: 1.10.0-beta.1
Resource associated with Metric:
	service.name: NatureProtector.Simulator.Host
	service.instance.id: c2f8297e-a893-491c-8415-d33e5ab48cbb
	telemetry.sdk.name: opentelemetry
	telemetry.sdk.language: dotnet
	telemetry.sdk.version: 1.10.0

Metric Name: dotnet.gc.collections, Description: The number of garbage collections that have occurred since the process has started., Unit: {collection}
(2026-05-15T19:47:51.8491273Z, 2026-05-15T19:49:31.8521338Z] gc.heap.generation: gen2 LongSum
Value: 1
Instrumentation scope (Meter):
	Name: System.Runtime
Resource associated with Metric:
	service.name: NatureProtector.Simulator.Host
	service.instance.id: c2f8297e-a893-491c-8415-d33e5ab48cbb
	telemetry.sdk.name: opentelemetry
	telemetry.sdk.language: dotnet
	telemetry.sdk.version: 1.10.0
(2026-05-15T19:47:51.8491273Z, 2026-05-15T19:49:31.8521338Z] gc.heap.generation: gen1 LongSum
Value: 1
Instrumentation scope (Meter):
	Name: System.Runtime
Resource associated with Metric:
	service.name: NatureProtector.Simulator.Host
	service.instance.id: c2f8297e-a893-491c-8415-d33e5ab48cbb
	telemetry.sdk.name: opentelemetry
	telemetry.sdk.language: dotnet
	telemetry.sdk.version: 1.10.0
(2026-05-15T19:47:51.8491273Z, 2026-05-15T19:49:31.8521338Z] gc.heap.generation: gen0 LongSum
Value: 2
Instrumentation scope (Meter):
	Name: System.Runtime
Resource associated with Metric:
	service.name: NatureProtector.Simulator.Host
	service.instance.id: c2f8297e-a893-491c-8415-d33e5ab48cbb
	telemetry.sdk.name: opentelemetry
	telemetry.sdk.language: dotnet
	telemetry.sdk.version: 1.10.0

Metric Name: dotnet.process.memory.working_set, Description: The number of bytes of physical memory mapped to the process context., Unit: By
(2026-05-15T19:47:51.8491348Z, 2026-05-15T19:49:31.8521340Z] LongSumNonMonotonic
Value: 107249664
Instrumentation scope (Meter):
	Name: System.Runtime
Resource associated with Metric:
	service.name: NatureProtector.Simulator.Host
	service.instance.id: c2f8297e-a893-491c-8415-d33e5ab48cbb
	telemetry.sdk.name: opentelemetry
	telemetry.sdk.language: dotnet
	telemetry.sdk.version: 1.10.0

Metric Name: dotnet.gc.heap.total_allocated, Description: The approximate number of bytes allocated on the managed GC heap since the process has started. The returned value does not include any native allocations., Unit: By
(2026-05-15T19:47:51.8497073Z, 2026-05-15T19:49:31.8521341Z] LongSum
Value: 40714968
Instrumentation scope (Meter):
	Name: System.Runtime
Resource associated with Metric:
	service.name: NatureProtector.Simulator.Host
	service.instance.id: c2f8297e-a893-491c-8415-d33e5ab48cbb
	telemetry.sdk.name: opentelemetry
	telemetry.sdk.language: dotnet
	telemetry.sdk.version: 1.10.0

Metric Name: dotnet.gc.last_collection.memory.committed_size, Description: The amount of committed virtual memory in use by the .NET GC, as observed during the latest garbage collection., Unit: By
(2026-05-15T19:47:51.8497164Z, 2026-05-15T19:49:31.8521343Z] LongSumNonMonotonic
Value: 20840448
Instrumentation scope (Meter):
	Name: System.Runtime
Resource associated with Metric:
	service.name: NatureProtector.Simulator.Host
	service.instance.id: c2f8297e-a893-491c-8415-d33e5ab48cbb
	telemetry.sdk.name: opentelemetry
	telemetry.sdk.language: dotnet
	telemetry.sdk.version: 1.10.0

Metric Name: dotnet.gc.last_collection.heap.size, Description: The managed GC heap size (including fragmentation), as observed during the latest garbage collection., Unit: By
(2026-05-15T19:47:51.8497237Z, 2026-05-15T19:49:31.8521344Z] gc.heap.generation: gen0 LongSumNonMonotonic
Value: 156040
Instrumentation scope (Meter):
	Name: System.Runtime
Resource associated with Metric:
	service.name: NatureProtector.Simulator.Host
	service.instance.id: c2f8297e-a893-491c-8415-d33e5ab48cbb
	telemetry.sdk.name: opentelemetry
	telemetry.sdk.language: dotnet
	telemetry.sdk.version: 1.10.0
(2026-05-15T19:47:51.8497237Z, 2026-05-15T19:49:31.8521344Z] gc.heap.generation: gen1 LongSumNonMonotonic
Value: 4144664
Instrumentation scope (Meter):
	Name: System.Runtime
Resource associated with Metric:
	service.name: NatureProtector.Simulator.Host
	service.instance.id: c2f8297e-a893-491c-8415-d33e5ab48cbb
	telemetry.sdk.name: opentelemetry
	telemetry.sdk.language: dotnet
	telemetry.sdk.version: 1.10.0
(2026-05-15T19:47:51.8497237Z, 2026-05-15T19:49:31.8521344Z] gc.heap.generation: gen2 LongSumNonMonotonic
Value: 915152
Instrumentation scope (Meter):
	Name: System.Runtime
Resource associated with Metric:
	service.name: NatureProtector.Simulator.Host
	service.instance.id: c2f8297e-a893-491c-8415-d33e5ab48cbb
	telemetry.sdk.name: opentelemetry
	telemetry.sdk.language: dotnet
	telemetry.sdk.version: 1.10.0
(2026-05-15T19:47:51.8497237Z, 2026-05-15T19:49:31.8521344Z] gc.heap.generation: loh LongSumNonMonotonic
Value: 6986640
Instrumentation scope (Meter):
	Name: System.Runtime
Resource associated with Metric:
	service.name: NatureProtector.Simulator.Host
	service.instance.id: c2f8297e-a893-491c-8415-d33e5ab48cbb
	telemetry.sdk.name: opentelemetry
	telemetry.sdk.language: dotnet
	telemetry.sdk.version: 1.10.0
(2026-05-15T19:47:51.8497237Z, 2026-05-15T19:49:31.8521344Z] gc.heap.generation: poh LongSumNonMonotonic
Value: 58240
Instrumentation scope (Meter):
	Name: System.Runtime
Resource associated with Metric:
	service.name: NatureProtector.Simulator.Host
	service.instance.id: c2f8297e-a893-491c-8415-d33e5ab48cbb
	telemetry.sdk.name: opentelemetry
	telemetry.sdk.language: dotnet
	telemetry.sdk.version: 1.10.0

Metric Name: dotnet.gc.last_collection.heap.fragmentation.size, Description: The heap fragmentation, as observed during the latest garbage collection., Unit: By
(2026-05-15T19:47:51.8497339Z, 2026-05-15T19:49:31.8521346Z] gc.heap.generation: gen0 LongSumNonMonotonic
Value: 147656
Instrumentation scope (Meter):
	Name: System.Runtime
Resource associated with Metric:
	service.name: NatureProtector.Simulator.Host
	service.instance.id: c2f8297e-a893-491c-8415-d33e5ab48cbb
	telemetry.sdk.name: opentelemetry
	telemetry.sdk.language: dotnet
	telemetry.sdk.version: 1.10.0
(2026-05-15T19:47:51.8497339Z, 2026-05-15T19:49:31.8521346Z] gc.heap.generation: gen1 LongSumNonMonotonic
Value: 68112
Instrumentation scope (Meter):
	Name: System.Runtime
Resource associated with Metric:
	service.name: NatureProtector.Simulator.Host
	service.instance.id: c2f8297e-a893-491c-8415-d33e5ab48cbb
	telemetry.sdk.name: opentelemetry
	telemetry.sdk.language: dotnet
	telemetry.sdk.version: 1.10.0
(2026-05-15T19:47:51.8497339Z, 2026-05-15T19:49:31.8521346Z] gc.heap.generation: gen2 LongSumNonMonotonic
Value: 0
Instrumentation scope (Meter):
	Name: System.Runtime
Resource associated with Metric:
	service.name: NatureProtector.Simulator.Host
	service.instance.id: c2f8297e-a893-491c-8415-d33e5ab48cbb
	telemetry.sdk.name: opentelemetry
	telemetry.sdk.language: dotnet
	telemetry.sdk.version: 1.10.0
(2026-05-15T19:47:51.8497339Z, 2026-05-15T19:49:31.8521346Z] gc.heap.generation: loh LongSumNonMonotonic
Value: 1120
Instrumentation scope (Meter):
	Name: System.Runtime
Resource associated with Metric:
	service.name: NatureProtector.Simulator.Host
	service.instance.id: c2f8297e-a893-491c-8415-d33e5ab48cbb
	telemetry.sdk.name: opentelemetry
	telemetry.sdk.language: dotnet
	telemetry.sdk.version: 1.10.0
(2026-05-15T19:47:51.8497339Z, 2026-05-15T19:49:31.8521346Z] gc.heap.generation: poh LongSumNonMonotonic
Value: 0
Instrumentation scope (Meter):
	Name: System.Runtime
Resource associated with Metric:
	service.name: NatureProtector.Simulator.Host
	service.instance.id: c2f8297e-a893-491c-8415-d33e5ab48cbb
	telemetry.sdk.name: opentelemetry
	telemetry.sdk.language: dotnet
	telemetry.sdk.version: 1.10.0

Metric Name: dotnet.gc.pause.time, Description: The total amount of time paused in GC since the process has started., Unit: s
(2026-05-15T19:47:51.8497421Z, 2026-05-15T19:49:31.8521347Z] DoubleSum
Value: 0.017602
Instrumentation scope (Meter):
	Name: System.Runtime
Resource associated with Metric:
	service.name: NatureProtector.Simulator.Host
	service.instance.id: c2f8297e-a893-491c-8415-d33e5ab48cbb
	telemetry.sdk.name: opentelemetry
	telemetry.sdk.language: dotnet
	telemetry.sdk.version: 1.10.0

Metric Name: dotnet.jit.compiled_il.size, Description: Count of bytes of intermediate language that have been compiled since the process has started., Unit: By
(2026-05-15T19:47:51.8497489Z, 2026-05-15T19:49:31.8521349Z] LongSum
Value: 1151098
Instrumentation scope (Meter):
	Name: System.Runtime
Resource associated with Metric:
	service.name: NatureProtector.Simulator.Host
	service.instance.id: c2f8297e-a893-491c-8415-d33e5ab48cbb
	telemetry.sdk.name: opentelemetry
	telemetry.sdk.language: dotnet
	telemetry.sdk.version: 1.10.0

Metric Name: dotnet.jit.compiled_methods, Description: The number of times the JIT compiler (re)compiled methods since the process has started., Unit: {method}
(2026-05-15T19:47:51.8497588Z, 2026-05-15T19:49:31.8521351Z] LongSum
Value: 14882
Instrumentation scope (Meter):
	Name: System.Runtime
Resource associated with Metric:
	service.name: NatureProtector.Simulator.Host
	service.instance.id: c2f8297e-a893-491c-8415-d33e5ab48cbb
	telemetry.sdk.name: opentelemetry
	telemetry.sdk.language: dotnet
	telemetry.sdk.version: 1.10.0

Metric Name: dotnet.jit.compilation.time, Description: The number of times the JIT compiler (re)compiled methods since the process has started., Unit: s
(2026-05-15T19:47:51.8497690Z, 2026-05-15T19:49:31.8521353Z] DoubleSum
Value: 1.4993935
Instrumentation scope (Meter):
	Name: System.Runtime
Resource associated with Metric:
	service.name: NatureProtector.Simulator.Host
	service.instance.id: c2f8297e-a893-491c-8415-d33e5ab48cbb
	telemetry.sdk.name: opentelemetry
	telemetry.sdk.language: dotnet
	telemetry.sdk.version: 1.10.0

Metric Name: dotnet.monitor.lock_contentions, Description: The number of times there was contention when trying to acquire a monitor lock since the process has started., Unit: {contention}
(2026-05-15T19:47:51.8497769Z, 2026-05-15T19:49:31.8521355Z] LongSum
Value: 34
Instrumentation scope (Meter):
	Name: System.Runtime
Resource associated with Metric:
	service.name: NatureProtector.Simulator.Host
	service.instance.id: c2f8297e-a893-491c-8415-d33e5ab48cbb
	telemetry.sdk.name: opentelemetry
	telemetry.sdk.language: dotnet
	telemetry.sdk.version: 1.10.0

Metric Name: dotnet.thread_pool.thread.count, Description: The number of thread pool threads that currently exist., Unit: {thread}
(2026-05-15T19:47:51.8497866Z, 2026-05-15T19:49:31.8521355Z] LongSum
Value: 2
Instrumentation scope (Meter):
	Name: System.Runtime
Resource associated with Metric:
	service.name: NatureProtector.Simulator.Host
	service.instance.id: c2f8297e-a893-491c-8415-d33e5ab48cbb
	telemetry.sdk.name: opentelemetry
	telemetry.sdk.language: dotnet
	telemetry.sdk.version: 1.10.0

Metric Name: dotnet.thread_pool.work_item.count, Description: The number of work items that the thread pool has completed since the process has started., Unit: {work_item}
(2026-05-15T19:47:51.8497935Z, 2026-05-15T19:49:31.8521357Z] LongSum
Value: 129
Instrumentation scope (Meter):
	Name: System.Runtime
Resource associated with Metric:
	service.name: NatureProtector.Simulator.Host
	service.instance.id: c2f8297e-a893-491c-8415-d33e5ab48cbb
	telemetry.sdk.name: opentelemetry
	telemetry.sdk.language: dotnet
	telemetry.sdk.version: 1.10.0

Metric Name: dotnet.thread_pool.queue.length, Description: The number of work items that are currently queued to be processed by the thread pool., Unit: {work_item}
(2026-05-15T19:47:51.8498023Z, 2026-05-15T19:49:31.8521358Z] LongSum
Value: 0
Instrumentation scope (Meter):
	Name: System.Runtime
Resource associated with Metric:
	service.name: NatureProtector.Simulator.Host
	service.instance.id: c2f8297e-a893-491c-8415-d33e5ab48cbb
	telemetry.sdk.name: opentelemetry
	telemetry.sdk.language: dotnet
	telemetry.sdk.version: 1.10.0

Metric Name: dotnet.timer.count, Description: The number of timer instances that are currently active. An active timer is registered to tick at some point in the future and has not yet been canceled., Unit: {timer}
(2026-05-15T19:47:51.8498160Z, 2026-05-15T19:49:31.8521360Z] LongSumNonMonotonic
Value: 4
Instrumentation scope (Meter):
	Name: System.Runtime
Resource associated with Metric:
	service.name: NatureProtector.Simulator.Host
	service.instance.id: c2f8297e-a893-491c-8415-d33e5ab48cbb
	telemetry.sdk.name: opentelemetry
	telemetry.sdk.language: dotnet
	telemetry.sdk.version: 1.10.0

Metric Name: dotnet.assembly.count, Description: The number of .NET assemblies that are currently loaded., Unit: {assembly}
(2026-05-15T19:47:51.8498242Z, 2026-05-15T19:49:31.8521361Z] LongSumNonMonotonic
Value: 105
Instrumentation scope (Meter):
	Name: System.Runtime
Resource associated with Metric:
	service.name: NatureProtector.Simulator.Host
	service.instance.id: c2f8297e-a893-491c-8415-d33e5ab48cbb
	telemetry.sdk.name: opentelemetry
	telemetry.sdk.language: dotnet
	telemetry.sdk.version: 1.10.0

Metric Name: dotnet.process.cpu.count, Description: The number of processors available to the process., Unit: {cpu}
(2026-05-15T19:47:51.8541883Z, 2026-05-15T19:49:31.8521365Z] LongSumNonMonotonic
Value: 16
Instrumentation scope (Meter):
	Name: System.Runtime
Resource associated with Metric:
	service.name: NatureProtector.Simulator.Host
	service.instance.id: c2f8297e-a893-491c-8415-d33e5ab48cbb
	telemetry.sdk.name: opentelemetry
	telemetry.sdk.language: dotnet
	telemetry.sdk.version: 1.10.0

Metric Name: dotnet.process.cpu.time, Description: CPU time used by the process., Unit: s
(2026-05-15T19:47:51.8542466Z, 2026-05-15T19:49:31.8521367Z] cpu.mode: user DoubleSum
Value: 1.921875
Instrumentation scope (Meter):
	Name: System.Runtime
Resource associated with Metric:
	service.name: NatureProtector.Simulator.Host
	service.instance.id: c2f8297e-a893-491c-8415-d33e5ab48cbb
	telemetry.sdk.name: opentelemetry
	telemetry.sdk.language: dotnet
	telemetry.sdk.version: 1.10.0
(2026-05-15T19:47:51.8542466Z, 2026-05-15T19:49:31.8521367Z] cpu.mode: system DoubleSum
Value: 0.46875
Instrumentation scope (Meter):
	Name: System.Runtime
Resource associated with Metric:
	service.name: NatureProtector.Simulator.Host
	service.instance.id: c2f8297e-a893-491c-8415-d33e5ab48cbb
	telemetry.sdk.name: opentelemetry
	telemetry.sdk.language: dotnet
	telemetry.sdk.version: 1.10.0

Metric Name: natureprotector.simulator.context.creations
(2026-05-15T19:47:51.8686992Z, 2026-05-15T19:49:31.8521370Z] LongSum
Value: 1
Instrumentation scope (Meter):
	Name: NatureProtector.Simulator.Host
Resource associated with Metric:
	service.name: NatureProtector.Simulator.Host
	service.instance.id: c2f8297e-a893-491c-8415-d33e5ab48cbb
	telemetry.sdk.name: opentelemetry
	telemetry.sdk.language: dotnet
	telemetry.sdk.version: 1.10.0

Metric Name: natureprotector.simulator.context.creation.duration, Unit: ms
(2026-05-15T19:47:51.8691666Z, 2026-05-15T19:49:31.8521377Z] Histogram
Value: Sum: 1071,7155 Count: 1 Min: 1071,7155 Max: 1071,7155 
(-Infinity,0]:0
(0,5]:0
(5,10]:0
(10,25]:0
(25,50]:0
(50,75]:0
(75,100]:0
(100,250]:0
(250,500]:0
(500,750]:0
(750,1000]:0
(1000,2500]:1
(2500,5000]:0
(5000,7500]:0
(7500,10000]:0
(10000,+Infinity]:0

Instrumentation scope (Meter):
	Name: NatureProtector.Simulator.Host
Resource associated with Metric:
	service.name: NatureProtector.Simulator.Host
	service.instance.id: c2f8297e-a893-491c-8415-d33e5ab48cbb
	telemetry.sdk.name: opentelemetry
	telemetry.sdk.language: dotnet
	telemetry.sdk.version: 1.10.0

Metric Name: natureprotector.simulator.runs
(2026-05-15T19:47:51.8691833Z, 2026-05-15T19:49:31.8521380Z] np.outcome: started LongSum
Value: 1
Instrumentation scope (Meter):
	Name: NatureProtector.Simulator.Host
Resource associated with Metric:
	service.name: NatureProtector.Simulator.Host
	service.instance.id: c2f8297e-a893-491c-8415-d33e5ab48cbb
	telemetry.sdk.name: opentelemetry
	telemetry.sdk.language: dotnet
	telemetry.sdk.version: 1.10.0
(2026-05-15T19:47:51.8691833Z, 2026-05-15T19:49:31.8521380Z] np.outcome: completed LongSum
Value: 1
Instrumentation scope (Meter):
	Name: NatureProtector.Simulator.Host
Resource associated with Metric:
	service.name: NatureProtector.Simulator.Host
	service.instance.id: c2f8297e-a893-491c-8415-d33e5ab48cbb
	telemetry.sdk.name: opentelemetry
	telemetry.sdk.language: dotnet
	telemetry.sdk.version: 1.10.0

Metric Name: natureprotector.simulator.run.duration, Unit: ms
(2026-05-15T19:47:51.8691934Z, 2026-05-15T19:49:31.8521391Z] np.outcome: completed Histogram
Value: Sum: 21581,8992 Count: 1 Min: 21581,8992 Max: 21581,8992 
(-Infinity,0]:0
(0,5]:0
(5,10]:0
(10,25]:0
(25,50]:0
(50,75]:0
(75,100]:0
(100,250]:0
(250,500]:0
(500,750]:0
(750,1000]:0
(1000,2500]:0
(2500,5000]:0
(5000,7500]:0
(7500,10000]:0
(10000,+Infinity]:1

Instrumentation scope (Meter):
	Name: NatureProtector.Simulator.Host
Resource associated with Metric:
	service.name: NatureProtector.Simulator.Host
	service.instance.id: c2f8297e-a893-491c-8415-d33e5ab48cbb
	telemetry.sdk.name: opentelemetry
	telemetry.sdk.language: dotnet
	telemetry.sdk.version: 1.10.0

Metric Name: natureprotector.simulator.publish.messages
(2026-05-15T19:47:51.8692005Z, 2026-05-15T19:49:31.8521394Z] LongSum
Value: 30
Instrumentation scope (Meter):
	Name: NatureProtector.Simulator.Host
Resource associated with Metric:
	service.name: NatureProtector.Simulator.Host
	service.instance.id: c2f8297e-a893-491c-8415-d33e5ab48cbb
	telemetry.sdk.name: opentelemetry
	telemetry.sdk.language: dotnet
	telemetry.sdk.version: 1.10.0

Metric Name: natureprotector.simulator.publish.batch.size
(2026-05-15T19:47:51.8696093Z, 2026-05-15T19:49:31.8521400Z] Histogram
Value: Sum: 30 Count: 5 Min: 6 Max: 6 
(-Infinity,0]:0
(0,5]:0
(5,10]:5
(10,25]:0
(25,50]:0
(50,75]:0
(75,100]:0
(100,250]:0
(250,500]:0
(500,750]:0
(750,1000]:0
(1000,2500]:0
(2500,5000]:0
(5000,7500]:0
(7500,10000]:0
(10000,+Infinity]:0

Instrumentation scope (Meter):
	Name: NatureProtector.Simulator.Host
Resource associated with Metric:
	service.name: NatureProtector.Simulator.Host
	service.instance.id: c2f8297e-a893-491c-8415-d33e5ab48cbb
	telemetry.sdk.name: opentelemetry
	telemetry.sdk.language: dotnet
	telemetry.sdk.version: 1.10.0

Metric Name: natureprotector.simulator.publish.duration, Unit: ms
(2026-05-15T19:47:51.8696249Z, 2026-05-15T19:49:31.8521404Z] Histogram
Value: Sum: 365,81870000000004 Count: 35 Min: 0,1017 Max: 143,0177 
(-Infinity,0]:0
(0,5]:29
(5,10]:0
(10,25]:2
(25,50]:2
(50,75]:0
(75,100]:0
(100,250]:2
(250,500]:0
(500,750]:0
(750,1000]:0
(1000,2500]:0
(2500,5000]:0
(5000,7500]:0
(7500,10000]:0
(10000,+Infinity]:0

Instrumentation scope (Meter):
	Name: NatureProtector.Simulator.Host
Resource associated with Metric:
	service.name: NatureProtector.Simulator.Host
	service.instance.id: c2f8297e-a893-491c-8415-d33e5ab48cbb
	telemetry.sdk.name: opentelemetry
	telemetry.sdk.language: dotnet
	telemetry.sdk.version: 1.10.0

Metric Name: dns.lookup.duration, Description: Measures the time taken to perform a DNS lookup., Unit: s
(2026-05-15T19:47:52.6473778Z, 2026-05-15T19:49:31.8521411Z] dns.question.name: localhost Histogram
Value: Sum: 0,0071665 Count: 2 Min: 0,0004012 Max: 0,0067653 
(-Infinity,0,005]:1
(0,005,0,01]:1
(0,01,0,025]:0
(0,025,0,05]:0
(0,05,0,075]:0
(0,075,0,1]:0
(0,1,0,25]:0
(0,25,0,5]:0
(0,5,0,75]:0
(0,75,1]:0
(1,2,5]:0
(2,5,5]:0
(5,7,5]:0
(7,5,10]:0
(10,+Infinity]:0

Instrumentation scope (Meter):
	Name: System.Net.NameResolution
Resource associated with Metric:
	service.name: NatureProtector.Simulator.Host
	service.instance.id: c2f8297e-a893-491c-8415-d33e5ab48cbb
	telemetry.sdk.name: opentelemetry
	telemetry.sdk.language: dotnet
	telemetry.sdk.version: 1.10.0

Metric Name: process.memory.usage, Description: The amount of physical memory in use., Unit: By
(2026-05-15T19:47:51.8479446Z, 2026-05-15T19:49:41.8521768Z] LongSumNonMonotonic
Value: 107892736
Instrumentation scope (Meter):
	Name: OpenTelemetry.Instrumentation.Process
	Version: 1.10.0-beta.1
Resource associated with Metric:
	service.name: NatureProtector.Simulator.Host
	service.instance.id: c2f8297e-a893-491c-8415-d33e5ab48cbb
	telemetry.sdk.name: opentelemetry
	telemetry.sdk.language: dotnet
	telemetry.sdk.version: 1.10.0

Metric Name: process.memory.virtual, Description: The amount of committed virtual memory., Unit: By
(2026-05-15T19:47:51.8489044Z, 2026-05-15T19:49:41.8521774Z] LongSumNonMonotonic
Value: 2481003020288
Instrumentation scope (Meter):
	Name: OpenTelemetry.Instrumentation.Process
	Version: 1.10.0-beta.1
Resource associated with Metric:
	service.name: NatureProtector.Simulator.Host
	service.instance.id: c2f8297e-a893-491c-8415-d33e5ab48cbb
	telemetry.sdk.name: opentelemetry
	telemetry.sdk.language: dotnet
	telemetry.sdk.version: 1.10.0

Metric Name: process.cpu.time, Description: Total CPU seconds broken down by different states., Unit: s
(2026-05-15T19:47:51.8490877Z, 2026-05-15T19:49:41.8521779Z] process.cpu.state: user DoubleSum
Value: 1.921875
Instrumentation scope (Meter):
	Name: OpenTelemetry.Instrumentation.Process
	Version: 1.10.0-beta.1
Resource associated with Metric:
	service.name: NatureProtector.Simulator.Host
	service.instance.id: c2f8297e-a893-491c-8415-d33e5ab48cbb
	telemetry.sdk.name: opentelemetry
	telemetry.sdk.language: dotnet
	telemetry.sdk.version: 1.10.0
(2026-05-15T19:47:51.8490877Z, 2026-05-15T19:49:41.8521779Z] process.cpu.state: system DoubleSum
Value: 0.484375
Instrumentation scope (Meter):
	Name: OpenTelemetry.Instrumentation.Process
	Version: 1.10.0-beta.1
Resource associated with Metric:
	service.name: NatureProtector.Simulator.Host
	service.instance.id: c2f8297e-a893-491c-8415-d33e5ab48cbb
	telemetry.sdk.name: opentelemetry
	telemetry.sdk.language: dotnet
	telemetry.sdk.version: 1.10.0

Metric Name: process.cpu.count, Description: The number of processors (CPU cores) available to the current process., Unit: {processors}
(2026-05-15T19:47:51.8491055Z, 2026-05-15T19:49:41.8521783Z] LongSumNonMonotonic
Value: 16
Instrumentation scope (Meter):
	Name: OpenTelemetry.Instrumentation.Process
	Version: 1.10.0-beta.1
Resource associated with Metric:
	service.name: NatureProtector.Simulator.Host
	service.instance.id: c2f8297e-a893-491c-8415-d33e5ab48cbb
	telemetry.sdk.name: opentelemetry
	telemetry.sdk.language: dotnet
	telemetry.sdk.version: 1.10.0

Metric Name: process.thread.count, Description: Process threads count., Unit: {thread}
(2026-05-15T19:47:51.8491189Z, 2026-05-15T19:49:41.8521785Z] LongSumNonMonotonic
Value: 21
Instrumentation scope (Meter):
	Name: OpenTelemetry.Instrumentation.Process
	Version: 1.10.0-beta.1
Resource associated with Metric:
	service.name: NatureProtector.Simulator.Host
	service.instance.id: c2f8297e-a893-491c-8415-d33e5ab48cbb
	telemetry.sdk.name: opentelemetry
	telemetry.sdk.language: dotnet
	telemetry.sdk.version: 1.10.0

Metric Name: dotnet.gc.collections, Description: The number of garbage collections that have occurred since the process has started., Unit: {collection}
(2026-05-15T19:47:51.8491273Z, 2026-05-15T19:49:41.8521788Z] gc.heap.generation: gen2 LongSum
Value: 1
Instrumentation scope (Meter):
	Name: System.Runtime
Resource associated with Metric:
	service.name: NatureProtector.Simulator.Host
	service.instance.id: c2f8297e-a893-491c-8415-d33e5ab48cbb
	telemetry.sdk.name: opentelemetry
	telemetry.sdk.language: dotnet
	telemetry.sdk.version: 1.10.0
(2026-05-15T19:47:51.8491273Z, 2026-05-15T19:49:41.8521788Z] gc.heap.generation: gen1 LongSum
Value: 1
Instrumentation scope (Meter):
	Name: System.Runtime
Resource associated with Metric:
	service.name: NatureProtector.Simulator.Host
	service.instance.id: c2f8297e-a893-491c-8415-d33e5ab48cbb
	telemetry.sdk.name: opentelemetry
	telemetry.sdk.language: dotnet
	telemetry.sdk.version: 1.10.0
(2026-05-15T19:47:51.8491273Z, 2026-05-15T19:49:41.8521788Z] gc.heap.generation: gen0 LongSum
Value: 2
Instrumentation scope (Meter):
	Name: System.Runtime
Resource associated with Metric:
	service.name: NatureProtector.Simulator.Host
	service.instance.id: c2f8297e-a893-491c-8415-d33e5ab48cbb
	telemetry.sdk.name: opentelemetry
	telemetry.sdk.language: dotnet
	telemetry.sdk.version: 1.10.0

Metric Name: dotnet.process.memory.working_set, Description: The number of bytes of physical memory mapped to the process context., Unit: By
(2026-05-15T19:47:51.8491348Z, 2026-05-15T19:49:41.8521789Z] LongSumNonMonotonic
Value: 106852352
Instrumentation scope (Meter):
	Name: System.Runtime
Resource associated with Metric:
	service.name: NatureProtector.Simulator.Host
	service.instance.id: c2f8297e-a893-491c-8415-d33e5ab48cbb
	telemetry.sdk.name: opentelemetry
	telemetry.sdk.language: dotnet
	telemetry.sdk.version: 1.10.0

Metric Name: dotnet.gc.heap.total_allocated, Description: The approximate number of bytes allocated on the managed GC heap since the process has started. The returned value does not include any native allocations., Unit: By
(2026-05-15T19:47:51.8497073Z, 2026-05-15T19:49:41.8521791Z] LongSum
Value: 40878968
Instrumentation scope (Meter):
	Name: System.Runtime
Resource associated with Metric:
	service.name: NatureProtector.Simulator.Host
	service.instance.id: c2f8297e-a893-491c-8415-d33e5ab48cbb
	telemetry.sdk.name: opentelemetry
	telemetry.sdk.language: dotnet
	telemetry.sdk.version: 1.10.0

Metric Name: dotnet.gc.last_collection.memory.committed_size, Description: The amount of committed virtual memory in use by the .NET GC, as observed during the latest garbage collection., Unit: By
(2026-05-15T19:47:51.8497164Z, 2026-05-15T19:49:41.8521793Z] LongSumNonMonotonic
Value: 20840448
Instrumentation scope (Meter):
	Name: System.Runtime
Resource associated with Metric:
	service.name: NatureProtector.Simulator.Host
	service.instance.id: c2f8297e-a893-491c-8415-d33e5ab48cbb
	telemetry.sdk.name: opentelemetry
	telemetry.sdk.language: dotnet
	telemetry.sdk.version: 1.10.0

Metric Name: dotnet.gc.last_collection.heap.size, Description: The managed GC heap size (including fragmentation), as observed during the latest garbage collection., Unit: By
(2026-05-15T19:47:51.8497237Z, 2026-05-15T19:49:41.8521795Z] gc.heap.generation: gen0 LongSumNonMonotonic
Value: 156040
Instrumentation scope (Meter):
	Name: System.Runtime
Resource associated with Metric:
	service.name: NatureProtector.Simulator.Host
	service.instance.id: c2f8297e-a893-491c-8415-d33e5ab48cbb
	telemetry.sdk.name: opentelemetry
	telemetry.sdk.language: dotnet
	telemetry.sdk.version: 1.10.0
(2026-05-15T19:47:51.8497237Z, 2026-05-15T19:49:41.8521795Z] gc.heap.generation: gen1 LongSumNonMonotonic
Value: 4144664
Instrumentation scope (Meter):
	Name: System.Runtime
Resource associated with Metric:
	service.name: NatureProtector.Simulator.Host
	service.instance.id: c2f8297e-a893-491c-8415-d33e5ab48cbb
	telemetry.sdk.name: opentelemetry
	telemetry.sdk.language: dotnet
	telemetry.sdk.version: 1.10.0
(2026-05-15T19:47:51.8497237Z, 2026-05-15T19:49:41.8521795Z] gc.heap.generation: gen2 LongSumNonMonotonic
Value: 915152
Instrumentation scope (Meter):
	Name: System.Runtime
Resource associated with Metric:
	service.name: NatureProtector.Simulator.Host
	service.instance.id: c2f8297e-a893-491c-8415-d33e5ab48cbb
	telemetry.sdk.name: opentelemetry
	telemetry.sdk.language: dotnet
	telemetry.sdk.version: 1.10.0
(2026-05-15T19:47:51.8497237Z, 2026-05-15T19:49:41.8521795Z] gc.heap.generation: loh LongSumNonMonotonic
Value: 6986640
Instrumentation scope (Meter):
	Name: System.Runtime
Resource associated with Metric:
	service.name: NatureProtector.Simulator.Host
	service.instance.id: c2f8297e-a893-491c-8415-d33e5ab48cbb
	telemetry.sdk.name: opentelemetry
	telemetry.sdk.language: dotnet
	telemetry.sdk.version: 1.10.0
(2026-05-15T19:47:51.8497237Z, 2026-05-15T19:49:41.8521795Z] gc.heap.generation: poh LongSumNonMonotonic
Value: 58240
Instrumentation scope (Meter):
	Name: System.Runtime
Resource associated with Metric:
	service.name: NatureProtector.Simulator.Host
	service.instance.id: c2f8297e-a893-491c-8415-d33e5ab48cbb
	telemetry.sdk.name: opentelemetry
	telemetry.sdk.language: dotnet
	telemetry.sdk.version: 1.10.0

Metric Name: dotnet.gc.last_collection.heap.fragmentation.size, Description: The heap fragmentation, as observed during the latest garbage collection., Unit: By
(2026-05-15T19:47:51.8497339Z, 2026-05-15T19:49:41.8521797Z] gc.heap.generation: gen0 LongSumNonMonotonic
Value: 147656
Instrumentation scope (Meter):
	Name: System.Runtime
Resource associated with Metric:
	service.name: NatureProtector.Simulator.Host
	service.instance.id: c2f8297e-a893-491c-8415-d33e5ab48cbb
	telemetry.sdk.name: opentelemetry
	telemetry.sdk.language: dotnet
	telemetry.sdk.version: 1.10.0
(2026-05-15T19:47:51.8497339Z, 2026-05-15T19:49:41.8521797Z] gc.heap.generation: gen1 LongSumNonMonotonic
Value: 68112
Instrumentation scope (Meter):
	Name: System.Runtime
Resource associated with Metric:
	service.name: NatureProtector.Simulator.Host
	service.instance.id: c2f8297e-a893-491c-8415-d33e5ab48cbb
	telemetry.sdk.name: opentelemetry
	telemetry.sdk.language: dotnet
	telemetry.sdk.version: 1.10.0
(2026-05-15T19:47:51.8497339Z, 2026-05-15T19:49:41.8521797Z] gc.heap.generation: gen2 LongSumNonMonotonic
Value: 0
Instrumentation scope (Meter):
	Name: System.Runtime
Resource associated with Metric:
	service.name: NatureProtector.Simulator.Host
	service.instance.id: c2f8297e-a893-491c-8415-d33e5ab48cbb
	telemetry.sdk.name: opentelemetry
	telemetry.sdk.language: dotnet
	telemetry.sdk.version: 1.10.0
(2026-05-15T19:47:51.8497339Z, 2026-05-15T19:49:41.8521797Z] gc.heap.generation: loh LongSumNonMonotonic
Value: 1120
Instrumentation scope (Meter):
	Name: System.Runtime
Resource associated with Metric:
	service.name: NatureProtector.Simulator.Host
	service.instance.id: c2f8297e-a893-491c-8415-d33e5ab48cbb
	telemetry.sdk.name: opentelemetry
	telemetry.sdk.language: dotnet
	telemetry.sdk.version: 1.10.0
(2026-05-15T19:47:51.8497339Z, 2026-05-15T19:49:41.8521797Z] gc.heap.generation: poh LongSumNonMonotonic
Value: 0
Instrumentation scope (Meter):
	Name: System.Runtime
Resource associated with Metric:
	service.name: NatureProtector.Simulator.Host
	service.instance.id: c2f8297e-a893-491c-8415-d33e5ab48cbb
	telemetry.sdk.name: opentelemetry
	telemetry.sdk.language: dotnet
	telemetry.sdk.version: 1.10.0

Metric Name: dotnet.gc.pause.time, Description: The total amount of time paused in GC since the process has started., Unit: s
(2026-05-15T19:47:51.8497421Z, 2026-05-15T19:49:41.8521800Z] DoubleSum
Value: 0.017602
Instrumentation scope (Meter):
	Name: System.Runtime
Resource associated with Metric:
	service.name: NatureProtector.Simulator.Host
	service.instance.id: c2f8297e-a893-491c-8415-d33e5ab48cbb
	telemetry.sdk.name: opentelemetry
	telemetry.sdk.language: dotnet
	telemetry.sdk.version: 1.10.0

Metric Name: dotnet.jit.compiled_il.size, Description: Count of bytes of intermediate language that have been compiled since the process has started., Unit: By
(2026-05-15T19:47:51.8497489Z, 2026-05-15T19:49:41.8521802Z] LongSum
Value: 1152822
Instrumentation scope (Meter):
	Name: System.Runtime
Resource associated with Metric:
	service.name: NatureProtector.Simulator.Host
	service.instance.id: c2f8297e-a893-491c-8415-d33e5ab48cbb
	telemetry.sdk.name: opentelemetry
	telemetry.sdk.language: dotnet
	telemetry.sdk.version: 1.10.0

Metric Name: dotnet.jit.compiled_methods, Description: The number of times the JIT compiler (re)compiled methods since the process has started., Unit: {method}
(2026-05-15T19:47:51.8497588Z, 2026-05-15T19:49:41.8521803Z] LongSum
Value: 14901
Instrumentation scope (Meter):
	Name: System.Runtime
Resource associated with Metric:
	service.name: NatureProtector.Simulator.Host
	service.instance.id: c2f8297e-a893-491c-8415-d33e5ab48cbb
	telemetry.sdk.name: opentelemetry
	telemetry.sdk.language: dotnet
	telemetry.sdk.version: 1.10.0

Metric Name: dotnet.jit.compilation.time, Description: The number of times the JIT compiler (re)compiled methods since the process has started., Unit: s
(2026-05-15T19:47:51.8497690Z, 2026-05-15T19:49:41.8521805Z] DoubleSum
Value: 1.5054639
Instrumentation scope (Meter):
	Name: System.Runtime
Resource associated with Metric:
	service.name: NatureProtector.Simulator.Host
	service.instance.id: c2f8297e-a893-491c-8415-d33e5ab48cbb
	telemetry.sdk.name: opentelemetry
	telemetry.sdk.language: dotnet
	telemetry.sdk.version: 1.10.0

Metric Name: dotnet.monitor.lock_contentions, Description: The number of times there was contention when trying to acquire a monitor lock since the process has started., Unit: {contention}
(2026-05-15T19:47:51.8497769Z, 2026-05-15T19:49:41.8521806Z] LongSum
Value: 34
Instrumentation scope (Meter):
	Name: System.Runtime
Resource associated with Metric:
	service.name: NatureProtector.Simulator.Host
	service.instance.id: c2f8297e-a893-491c-8415-d33e5ab48cbb
	telemetry.sdk.name: opentelemetry
	telemetry.sdk.language: dotnet
	telemetry.sdk.version: 1.10.0

Metric Name: dotnet.thread_pool.thread.count, Description: The number of thread pool threads that currently exist., Unit: {thread}
(2026-05-15T19:47:51.8497866Z, 2026-05-15T19:49:41.8521806Z] LongSum
Value: 2
Instrumentation scope (Meter):
	Name: System.Runtime
Resource associated with Metric:
	service.name: NatureProtector.Simulator.Host
	service.instance.id: c2f8297e-a893-491c-8415-d33e5ab48cbb
	telemetry.sdk.name: opentelemetry
	telemetry.sdk.language: dotnet
	telemetry.sdk.version: 1.10.0

Metric Name: dotnet.thread_pool.work_item.count, Description: The number of work items that the thread pool has completed since the process has started., Unit: {work_item}
(2026-05-15T19:47:51.8497935Z, 2026-05-15T19:49:41.8521809Z] LongSum
Value: 133
Instrumentation scope (Meter):
	Name: System.Runtime
Resource associated with Metric:
	service.name: NatureProtector.Simulator.Host
	service.instance.id: c2f8297e-a893-491c-8415-d33e5ab48cbb
	telemetry.sdk.name: opentelemetry
	telemetry.sdk.language: dotnet
	telemetry.sdk.version: 1.10.0

Metric Name: dotnet.thread_pool.queue.length, Description: The number of work items that are currently queued to be processed by the thread pool., Unit: {work_item}
(2026-05-15T19:47:51.8498023Z, 2026-05-15T19:49:41.8521810Z] LongSum
Value: 0
Instrumentation scope (Meter):
	Name: System.Runtime
Resource associated with Metric:
	service.name: NatureProtector.Simulator.Host
	service.instance.id: c2f8297e-a893-491c-8415-d33e5ab48cbb
	telemetry.sdk.name: opentelemetry
	telemetry.sdk.language: dotnet
	telemetry.sdk.version: 1.10.0

Metric Name: dotnet.timer.count, Description: The number of timer instances that are currently active. An active timer is registered to tick at some point in the future and has not yet been canceled., Unit: {timer}
(2026-05-15T19:47:51.8498160Z, 2026-05-15T19:49:41.8521812Z] LongSumNonMonotonic
Value: 4
Instrumentation scope (Meter):
	Name: System.Runtime
Resource associated with Metric:
	service.name: NatureProtector.Simulator.Host
	service.instance.id: c2f8297e-a893-491c-8415-d33e5ab48cbb
	telemetry.sdk.name: opentelemetry
	telemetry.sdk.language: dotnet
	telemetry.sdk.version: 1.10.0

Metric Name: dotnet.assembly.count, Description: The number of .NET assemblies that are currently loaded., Unit: {assembly}
(2026-05-15T19:47:51.8498242Z, 2026-05-15T19:49:41.8521813Z] LongSumNonMonotonic
Value: 105
Instrumentation scope (Meter):
	Name: System.Runtime
Resource associated with Metric:
	service.name: NatureProtector.Simulator.Host
	service.instance.id: c2f8297e-a893-491c-8415-d33e5ab48cbb
	telemetry.sdk.name: opentelemetry
	telemetry.sdk.language: dotnet
	telemetry.sdk.version: 1.10.0

Metric Name: dotnet.process.cpu.count, Description: The number of processors available to the process., Unit: {cpu}
(2026-05-15T19:47:51.8541883Z, 2026-05-15T19:49:41.8521822Z] LongSumNonMonotonic
Value: 16
Instrumentation scope (Meter):
	Name: System.Runtime
Resource associated with Metric:
	service.name: NatureProtector.Simulator.Host
	service.instance.id: c2f8297e-a893-491c-8415-d33e5ab48cbb
	telemetry.sdk.name: opentelemetry
	telemetry.sdk.language: dotnet
	telemetry.sdk.version: 1.10.0

Metric Name: dotnet.process.cpu.time, Description: CPU time used by the process., Unit: s
(2026-05-15T19:47:51.8542466Z, 2026-05-15T19:49:41.8521823Z] cpu.mode: user DoubleSum
Value: 1.921875
Instrumentation scope (Meter):
	Name: System.Runtime
Resource associated with Metric:
	service.name: NatureProtector.Simulator.Host
	service.instance.id: c2f8297e-a893-491c-8415-d33e5ab48cbb
	telemetry.sdk.name: opentelemetry
	telemetry.sdk.language: dotnet
	telemetry.sdk.version: 1.10.0
(2026-05-15T19:47:51.8542466Z, 2026-05-15T19:49:41.8521823Z] cpu.mode: system DoubleSum
Value: 0.484375
Instrumentation scope (Meter):
	Name: System.Runtime
Resource associated with Metric:
	service.name: NatureProtector.Simulator.Host
	service.instance.id: c2f8297e-a893-491c-8415-d33e5ab48cbb
	telemetry.sdk.name: opentelemetry
	telemetry.sdk.language: dotnet
	telemetry.sdk.version: 1.10.0

Metric Name: natureprotector.simulator.context.creations
(2026-05-15T19:47:51.8686992Z, 2026-05-15T19:49:41.8521825Z] LongSum
Value: 1
Instrumentation scope (Meter):
	Name: NatureProtector.Simulator.Host
Resource associated with Metric:
	service.name: NatureProtector.Simulator.Host
	service.instance.id: c2f8297e-a893-491c-8415-d33e5ab48cbb
	telemetry.sdk.name: opentelemetry
	telemetry.sdk.language: dotnet
	telemetry.sdk.version: 1.10.0

Metric Name: natureprotector.simulator.context.creation.duration, Unit: ms
(2026-05-15T19:47:51.8691666Z, 2026-05-15T19:49:41.8521832Z] Histogram
Value: Sum: 1071,7155 Count: 1 Min: 1071,7155 Max: 1071,7155 
(-Infinity,0]:0
(0,5]:0
(5,10]:0
(10,25]:0
(25,50]:0
(50,75]:0
(75,100]:0
(100,250]:0
(250,500]:0
(500,750]:0
(750,1000]:0
(1000,2500]:1
(2500,5000]:0
(5000,7500]:0
(7500,10000]:0
(10000,+Infinity]:0

Instrumentation scope (Meter):
	Name: NatureProtector.Simulator.Host
Resource associated with Metric:
	service.name: NatureProtector.Simulator.Host
	service.instance.id: c2f8297e-a893-491c-8415-d33e5ab48cbb
	telemetry.sdk.name: opentelemetry
	telemetry.sdk.language: dotnet
	telemetry.sdk.version: 1.10.0

Metric Name: natureprotector.simulator.runs
(2026-05-15T19:47:51.8691833Z, 2026-05-15T19:49:41.8521835Z] np.outcome: started LongSum
Value: 1
Instrumentation scope (Meter):
	Name: NatureProtector.Simulator.Host
Resource associated with Metric:
	service.name: NatureProtector.Simulator.Host
	service.instance.id: c2f8297e-a893-491c-8415-d33e5ab48cbb
	telemetry.sdk.name: opentelemetry
	telemetry.sdk.language: dotnet
	telemetry.sdk.version: 1.10.0
(2026-05-15T19:47:51.8691833Z, 2026-05-15T19:49:41.8521835Z] np.outcome: completed LongSum
Value: 1
Instrumentation scope (Meter):
	Name: NatureProtector.Simulator.Host
Resource associated with Metric:
	service.name: NatureProtector.Simulator.Host
	service.instance.id: c2f8297e-a893-491c-8415-d33e5ab48cbb
	telemetry.sdk.name: opentelemetry
	telemetry.sdk.language: dotnet
	telemetry.sdk.version: 1.10.0

Metric Name: natureprotector.simulator.run.duration, Unit: ms
(2026-05-15T19:47:51.8691934Z, 2026-05-15T19:49:41.8521841Z] np.outcome: completed Histogram
Value: Sum: 21581,8992 Count: 1 Min: 21581,8992 Max: 21581,8992 
(-Infinity,0]:0
(0,5]:0
(5,10]:0
(10,25]:0
(25,50]:0
(50,75]:0
(75,100]:0
(100,250]:0
(250,500]:0
(500,750]:0
(750,1000]:0
(1000,2500]:0
(2500,5000]:0
(5000,7500]:0
(7500,10000]:0
(10000,+Infinity]:1

Instrumentation scope (Meter):
	Name: NatureProtector.Simulator.Host
Resource associated with Metric:
	service.name: NatureProtector.Simulator.Host
	service.instance.id: c2f8297e-a893-491c-8415-d33e5ab48cbb
	telemetry.sdk.name: opentelemetry
	telemetry.sdk.language: dotnet
	telemetry.sdk.version: 1.10.0

Metric Name: natureprotector.simulator.publish.messages
(2026-05-15T19:47:51.8692005Z, 2026-05-15T19:49:41.8521844Z] LongSum
Value: 30
Instrumentation scope (Meter):
	Name: NatureProtector.Simulator.Host
Resource associated with Metric:
	service.name: NatureProtector.Simulator.Host
	service.instance.id: c2f8297e-a893-491c-8415-d33e5ab48cbb
	telemetry.sdk.name: opentelemetry
	telemetry.sdk.language: dotnet
	telemetry.sdk.version: 1.10.0

Metric Name: natureprotector.simulator.publish.batch.size
(2026-05-15T19:47:51.8696093Z, 2026-05-15T19:49:41.8521851Z] Histogram
Value: Sum: 30 Count: 5 Min: 6 Max: 6 
(-Infinity,0]:0
(0,5]:0
(5,10]:5
(10,25]:0
(25,50]:0
(50,75]:0
(75,100]:0
(100,250]:0
(250,500]:0
(500,750]:0
(750,1000]:0
(1000,2500]:0
(2500,5000]:0
(5000,7500]:0
(7500,10000]:0
(10000,+Infinity]:0

Instrumentation scope (Meter):
	Name: NatureProtector.Simulator.Host
Resource associated with Metric:
	service.name: NatureProtector.Simulator.Host
	service.instance.id: c2f8297e-a893-491c-8415-d33e5ab48cbb
	telemetry.sdk.name: opentelemetry
	telemetry.sdk.language: dotnet
	telemetry.sdk.version: 1.10.0

Metric Name: natureprotector.simulator.publish.duration, Unit: ms
(2026-05-15T19:47:51.8696249Z, 2026-05-15T19:49:41.8521857Z] Histogram
Value: Sum: 365,81870000000004 Count: 35 Min: 0,1017 Max: 143,0177 
(-Infinity,0]:0
(0,5]:29
(5,10]:0
(10,25]:2
(25,50]:2
(50,75]:0
(75,100]:0
(100,250]:2
(250,500]:0
(500,750]:0
(750,1000]:0
(1000,2500]:0
(2500,5000]:0
(5000,7500]:0
(7500,10000]:0
(10000,+Infinity]:0

Instrumentation scope (Meter):
	Name: NatureProtector.Simulator.Host
Resource associated with Metric:
	service.name: NatureProtector.Simulator.Host
	service.instance.id: c2f8297e-a893-491c-8415-d33e5ab48cbb
	telemetry.sdk.name: opentelemetry
	telemetry.sdk.language: dotnet
	telemetry.sdk.version: 1.10.0

Metric Name: dns.lookup.duration, Description: Measures the time taken to perform a DNS lookup., Unit: s
(2026-05-15T19:47:52.6473778Z, 2026-05-15T19:49:41.8521866Z] dns.question.name: localhost Histogram
Value: Sum: 0,0071665 Count: 2 Min: 0,0004012 Max: 0,0067653 
(-Infinity,0,005]:1
(0,005,0,01]:1
(0,01,0,025]:0
(0,025,0,05]:0
(0,05,0,075]:0
(0,075,0,1]:0
(0,1,0,25]:0
(0,25,0,5]:0
(0,5,0,75]:0
(0,75,1]:0
(1,2,5]:0
(2,5,5]:0
(5,7,5]:0
(7,5,10]:0
(10,+Infinity]:0

Instrumentation scope (Meter):
	Name: System.Net.NameResolution
Resource associated with Metric:
	service.name: NatureProtector.Simulator.Host
	service.instance.id: c2f8297e-a893-491c-8415-d33e5ab48cbb
	telemetry.sdk.name: opentelemetry
	telemetry.sdk.language: dotnet
	telemetry.sdk.version: 1.10.0

Metric Name: process.memory.usage, Description: The amount of physical memory in use., Unit: By
(2026-05-15T19:47:51.8479446Z, 2026-05-15T19:49:51.8521573Z] LongSumNonMonotonic
Value: 107388928
Instrumentation scope (Meter):
	Name: OpenTelemetry.Instrumentation.Process
	Version: 1.10.0-beta.1
Resource associated with Metric:
	service.name: NatureProtector.Simulator.Host
	service.instance.id: c2f8297e-a893-491c-8415-d33e5ab48cbb
	telemetry.sdk.name: opentelemetry
	telemetry.sdk.language: dotnet
	telemetry.sdk.version: 1.10.0

Metric Name: process.memory.virtual, Description: The amount of committed virtual memory., Unit: By
(2026-05-15T19:47:51.8489044Z, 2026-05-15T19:49:51.8521587Z] LongSumNonMonotonic
Value: 2480999874560
Instrumentation scope (Meter):
	Name: OpenTelemetry.Instrumentation.Process
	Version: 1.10.0-beta.1
Resource associated with Metric:
	service.name: NatureProtector.Simulator.Host
	service.instance.id: c2f8297e-a893-491c-8415-d33e5ab48cbb
	telemetry.sdk.name: opentelemetry
	telemetry.sdk.language: dotnet
	telemetry.sdk.version: 1.10.0

Metric Name: process.cpu.time, Description: Total CPU seconds broken down by different states., Unit: s
(2026-05-15T19:47:51.8490877Z, 2026-05-15T19:49:51.8521593Z] process.cpu.state: user DoubleSum
Value: 1.9375
Instrumentation scope (Meter):
	Name: OpenTelemetry.Instrumentation.Process
	Version: 1.10.0-beta.1
Resource associated with Metric:
	service.name: NatureProtector.Simulator.Host
	service.instance.id: c2f8297e-a893-491c-8415-d33e5ab48cbb
	telemetry.sdk.name: opentelemetry
	telemetry.sdk.language: dotnet
	telemetry.sdk.version: 1.10.0
(2026-05-15T19:47:51.8490877Z, 2026-05-15T19:49:51.8521593Z] process.cpu.state: system DoubleSum
Value: 0.5
Instrumentation scope (Meter):
	Name: OpenTelemetry.Instrumentation.Process
	Version: 1.10.0-beta.1
Resource associated with Metric:
	service.name: NatureProtector.Simulator.Host
	service.instance.id: c2f8297e-a893-491c-8415-d33e5ab48cbb
	telemetry.sdk.name: opentelemetry
	telemetry.sdk.language: dotnet
	telemetry.sdk.version: 1.10.0

Metric Name: process.cpu.count, Description: The number of processors (CPU cores) available to the current process., Unit: {processors}
(2026-05-15T19:47:51.8491055Z, 2026-05-15T19:49:51.8521598Z] LongSumNonMonotonic
Value: 16
Instrumentation scope (Meter):
	Name: OpenTelemetry.Instrumentation.Process
	Version: 1.10.0-beta.1
Resource associated with Metric:
	service.name: NatureProtector.Simulator.Host
	service.instance.id: c2f8297e-a893-491c-8415-d33e5ab48cbb
	telemetry.sdk.name: opentelemetry
	telemetry.sdk.language: dotnet
	telemetry.sdk.version: 1.10.0

Metric Name: process.thread.count, Description: Process threads count., Unit: {thread}
(2026-05-15T19:47:51.8491189Z, 2026-05-15T19:49:51.8521601Z] LongSumNonMonotonic
Value: 20
Instrumentation scope (Meter):
	Name: OpenTelemetry.Instrumentation.Process
	Version: 1.10.0-beta.1
Resource associated with Metric:
	service.name: NatureProtector.Simulator.Host
	service.instance.id: c2f8297e-a893-491c-8415-d33e5ab48cbb
	telemetry.sdk.name: opentelemetry
	telemetry.sdk.language: dotnet
	telemetry.sdk.version: 1.10.0

Metric Name: dotnet.gc.collections, Description: The number of garbage collections that have occurred since the process has started., Unit: {collection}
(2026-05-15T19:47:51.8491273Z, 2026-05-15T19:49:51.8521605Z] gc.heap.generation: gen2 LongSum
Value: 1
Instrumentation scope (Meter):
	Name: System.Runtime
Resource associated with Metric:
	service.name: NatureProtector.Simulator.Host
	service.instance.id: c2f8297e-a893-491c-8415-d33e5ab48cbb
	telemetry.sdk.name: opentelemetry
	telemetry.sdk.language: dotnet
	telemetry.sdk.version: 1.10.0
(2026-05-15T19:47:51.8491273Z, 2026-05-15T19:49:51.8521605Z] gc.heap.generation: gen1 LongSum
Value: 1
Instrumentation scope (Meter):
	Name: System.Runtime
Resource associated with Metric:
	service.name: NatureProtector.Simulator.Host
	service.instance.id: c2f8297e-a893-491c-8415-d33e5ab48cbb
	telemetry.sdk.name: opentelemetry
	telemetry.sdk.language: dotnet
	telemetry.sdk.version: 1.10.0
(2026-05-15T19:47:51.8491273Z, 2026-05-15T19:49:51.8521605Z] gc.heap.generation: gen0 LongSum
Value: 2
Instrumentation scope (Meter):
	Name: System.Runtime
Resource associated with Metric:
	service.name: NatureProtector.Simulator.Host
	service.instance.id: c2f8297e-a893-491c-8415-d33e5ab48cbb
	telemetry.sdk.name: opentelemetry
	telemetry.sdk.language: dotnet
	telemetry.sdk.version: 1.10.0

Metric Name: dotnet.process.memory.working_set, Description: The number of bytes of physical memory mapped to the process context., Unit: By
(2026-05-15T19:47:51.8491348Z, 2026-05-15T19:49:51.8521607Z] LongSumNonMonotonic
Value: 106414080
Instrumentation scope (Meter):
	Name: System.Runtime
Resource associated with Metric:
	service.name: NatureProtector.Simulator.Host
	service.instance.id: c2f8297e-a893-491c-8415-d33e5ab48cbb
	telemetry.sdk.name: opentelemetry
	telemetry.sdk.language: dotnet
	telemetry.sdk.version: 1.10.0

Metric Name: dotnet.gc.heap.total_allocated, Description: The approximate number of bytes allocated on the managed GC heap since the process has started. The returned value does not include any native allocations., Unit: By
(2026-05-15T19:47:51.8497073Z, 2026-05-15T19:49:51.8521609Z] LongSum
Value: 41034768
Instrumentation scope (Meter):
	Name: System.Runtime
Resource associated with Metric:
	service.name: NatureProtector.Simulator.Host
	service.instance.id: c2f8297e-a893-491c-8415-d33e5ab48cbb
	telemetry.sdk.name: opentelemetry
	telemetry.sdk.language: dotnet
	telemetry.sdk.version: 1.10.0

Metric Name: dotnet.gc.last_collection.memory.committed_size, Description: The amount of committed virtual memory in use by the .NET GC, as observed during the latest garbage collection., Unit: By
(2026-05-15T19:47:51.8497164Z, 2026-05-15T19:49:51.8521610Z] LongSumNonMonotonic
Value: 20840448
Instrumentation scope (Meter):
	Name: System.Runtime
Resource associated with Metric:
	service.name: NatureProtector.Simulator.Host
	service.instance.id: c2f8297e-a893-491c-8415-d33e5ab48cbb
	telemetry.sdk.name: opentelemetry
	telemetry.sdk.language: dotnet
	telemetry.sdk.version: 1.10.0

Metric Name: dotnet.gc.last_collection.heap.size, Description: The managed GC heap size (including fragmentation), as observed during the latest garbage collection., Unit: By
(2026-05-15T19:47:51.8497237Z, 2026-05-15T19:49:51.8521611Z] gc.heap.generation: gen0 LongSumNonMonotonic
Value: 156040
Instrumentation scope (Meter):
	Name: System.Runtime
Resource associated with Metric:
	service.name: NatureProtector.Simulator.Host
	service.instance.id: c2f8297e-a893-491c-8415-d33e5ab48cbb
	telemetry.sdk.name: opentelemetry
	telemetry.sdk.language: dotnet
	telemetry.sdk.version: 1.10.0
(2026-05-15T19:47:51.8497237Z, 2026-05-15T19:49:51.8521611Z] gc.heap.generation: gen1 LongSumNonMonotonic
Value: 4144664
Instrumentation scope (Meter):
	Name: System.Runtime
Resource associated with Metric:
	service.name: NatureProtector.Simulator.Host
	service.instance.id: c2f8297e-a893-491c-8415-d33e5ab48cbb
	telemetry.sdk.name: opentelemetry
	telemetry.sdk.language: dotnet
	telemetry.sdk.version: 1.10.0
(2026-05-15T19:47:51.8497237Z, 2026-05-15T19:49:51.8521611Z] gc.heap.generation: gen2 LongSumNonMonotonic
Value: 915152
Instrumentation scope (Meter):
	Name: System.Runtime
Resource associated with Metric:
	service.name: NatureProtector.Simulator.Host
	service.instance.id: c2f8297e-a893-491c-8415-d33e5ab48cbb
	telemetry.sdk.name: opentelemetry
	telemetry.sdk.language: dotnet
	telemetry.sdk.version: 1.10.0
(2026-05-15T19:47:51.8497237Z, 2026-05-15T19:49:51.8521611Z] gc.heap.generation: loh LongSumNonMonotonic
Value: 6986640
Instrumentation scope (Meter):
	Name: System.Runtime
Resource associated with Metric:
	service.name: NatureProtector.Simulator.Host
	service.instance.id: c2f8297e-a893-491c-8415-d33e5ab48cbb
	telemetry.sdk.name: opentelemetry
	telemetry.sdk.language: dotnet
	telemetry.sdk.version: 1.10.0
(2026-05-15T19:47:51.8497237Z, 2026-05-15T19:49:51.8521611Z] gc.heap.generation: poh LongSumNonMonotonic
Value: 58240
Instrumentation scope (Meter):
	Name: System.Runtime
Resource associated with Metric:
	service.name: NatureProtector.Simulator.Host
	service.instance.id: c2f8297e-a893-491c-8415-d33e5ab48cbb
	telemetry.sdk.name: opentelemetry
	telemetry.sdk.language: dotnet
	telemetry.sdk.version: 1.10.0

Metric Name: dotnet.gc.last_collection.heap.fragmentation.size, Description: The heap fragmentation, as observed during the latest garbage collection., Unit: By
(2026-05-15T19:47:51.8497339Z, 2026-05-15T19:49:51.8521613Z] gc.heap.generation: gen0 LongSumNonMonotonic
Value: 147656
Instrumentation scope (Meter):
	Name: System.Runtime
Resource associated with Metric:
	service.name: NatureProtector.Simulator.Host
	service.instance.id: c2f8297e-a893-491c-8415-d33e5ab48cbb
	telemetry.sdk.name: opentelemetry
	telemetry.sdk.language: dotnet
	telemetry.sdk.version: 1.10.0
(2026-05-15T19:47:51.8497339Z, 2026-05-15T19:49:51.8521613Z] gc.heap.generation: gen1 LongSumNonMonotonic
Value: 68112
Instrumentation scope (Meter):
	Name: System.Runtime
Resource associated with Metric:
	service.name: NatureProtector.Simulator.Host
	service.instance.id: c2f8297e-a893-491c-8415-d33e5ab48cbb
	telemetry.sdk.name: opentelemetry
	telemetry.sdk.language: dotnet
	telemetry.sdk.version: 1.10.0
(2026-05-15T19:47:51.8497339Z, 2026-05-15T19:49:51.8521613Z] gc.heap.generation: gen2 LongSumNonMonotonic
Value: 0
Instrumentation scope (Meter):
	Name: System.Runtime
Resource associated with Metric:
	service.name: NatureProtector.Simulator.Host
	service.instance.id: c2f8297e-a893-491c-8415-d33e5ab48cbb
	telemetry.sdk.name: opentelemetry
	telemetry.sdk.language: dotnet
	telemetry.sdk.version: 1.10.0
(2026-05-15T19:47:51.8497339Z, 2026-05-15T19:49:51.8521613Z] gc.heap.generation: loh LongSumNonMonotonic
Value: 1120
Instrumentation scope (Meter):
	Name: System.Runtime
Resource associated with Metric:
	service.name: NatureProtector.Simulator.Host
	service.instance.id: c2f8297e-a893-491c-8415-d33e5ab48cbb
	telemetry.sdk.name: opentelemetry
	telemetry.sdk.language: dotnet
	telemetry.sdk.version: 1.10.0
(2026-05-15T19:47:51.8497339Z, 2026-05-15T19:49:51.8521613Z] gc.heap.generation: poh LongSumNonMonotonic
Value: 0
Instrumentation scope (Meter):
	Name: System.Runtime
Resource associated with Metric:
	service.name: NatureProtector.Simulator.Host
	service.instance.id: c2f8297e-a893-491c-8415-d33e5ab48cbb
	telemetry.sdk.name: opentelemetry
	telemetry.sdk.language: dotnet
	telemetry.sdk.version: 1.10.0

Metric Name: dotnet.gc.pause.time, Description: The total amount of time paused in GC since the process has started., Unit: s
(2026-05-15T19:47:51.8497421Z, 2026-05-15T19:49:51.8521614Z] DoubleSum
Value: 0.017602
Instrumentation scope (Meter):
	Name: System.Runtime
Resource associated with Metric:
	service.name: NatureProtector.Simulator.Host
	service.instance.id: c2f8297e-a893-491c-8415-d33e5ab48cbb
	telemetry.sdk.name: opentelemetry
	telemetry.sdk.language: dotnet
	telemetry.sdk.version: 1.10.0

Metric Name: dotnet.jit.compiled_il.size, Description: Count of bytes of intermediate language that have been compiled since the process has started., Unit: By
(2026-05-15T19:47:51.8497489Z, 2026-05-15T19:49:51.8521620Z] LongSum
Value: 1154581
Instrumentation scope (Meter):
	Name: System.Runtime
Resource associated with Metric:
	service.name: NatureProtector.Simulator.Host
	service.instance.id: c2f8297e-a893-491c-8415-d33e5ab48cbb
	telemetry.sdk.name: opentelemetry
	telemetry.sdk.language: dotnet
	telemetry.sdk.version: 1.10.0

Metric Name: dotnet.jit.compiled_methods, Description: The number of times the JIT compiler (re)compiled methods since the process has started., Unit: {method}
(2026-05-15T19:47:51.8497588Z, 2026-05-15T19:49:51.8521621Z] LongSum
Value: 14921
Instrumentation scope (Meter):
	Name: System.Runtime
Resource associated with Metric:
	service.name: NatureProtector.Simulator.Host
	service.instance.id: c2f8297e-a893-491c-8415-d33e5ab48cbb
	telemetry.sdk.name: opentelemetry
	telemetry.sdk.language: dotnet
	telemetry.sdk.version: 1.10.0

Metric Name: dotnet.jit.compilation.time, Description: The number of times the JIT compiler (re)compiled methods since the process has started., Unit: s
(2026-05-15T19:47:51.8497690Z, 2026-05-15T19:49:51.8521623Z] DoubleSum
Value: 1.5111427
Instrumentation scope (Meter):
	Name: System.Runtime
Resource associated with Metric:
	service.name: NatureProtector.Simulator.Host
	service.instance.id: c2f8297e-a893-491c-8415-d33e5ab48cbb
	telemetry.sdk.name: opentelemetry
	telemetry.sdk.language: dotnet
	telemetry.sdk.version: 1.10.0

Metric Name: dotnet.monitor.lock_contentions, Description: The number of times there was contention when trying to acquire a monitor lock since the process has started., Unit: {contention}
(2026-05-15T19:47:51.8497769Z, 2026-05-15T19:49:51.8521623Z] LongSum
Value: 34
Instrumentation scope (Meter):
	Name: System.Runtime
Resource associated with Metric:
	service.name: NatureProtector.Simulator.Host
	service.instance.id: c2f8297e-a893-491c-8415-d33e5ab48cbb
	telemetry.sdk.name: opentelemetry
	telemetry.sdk.language: dotnet
	telemetry.sdk.version: 1.10.0

Metric Name: dotnet.thread_pool.thread.count, Description: The number of thread pool threads that currently exist., Unit: {thread}
(2026-05-15T19:47:51.8497866Z, 2026-05-15T19:49:51.8521624Z] LongSum
Value: 2
Instrumentation scope (Meter):
	Name: System.Runtime
Resource associated with Metric:
	service.name: NatureProtector.Simulator.Host
	service.instance.id: c2f8297e-a893-491c-8415-d33e5ab48cbb
	telemetry.sdk.name: opentelemetry
	telemetry.sdk.language: dotnet
	telemetry.sdk.version: 1.10.0

Metric Name: dotnet.thread_pool.work_item.count, Description: The number of work items that the thread pool has completed since the process has started., Unit: {work_item}
(2026-05-15T19:47:51.8497935Z, 2026-05-15T19:49:51.8521625Z] LongSum
Value: 135
Instrumentation scope (Meter):
	Name: System.Runtime
Resource associated with Metric:
	service.name: NatureProtector.Simulator.Host
	service.instance.id: c2f8297e-a893-491c-8415-d33e5ab48cbb
	telemetry.sdk.name: opentelemetry
	telemetry.sdk.language: dotnet
	telemetry.sdk.version: 1.10.0

Metric Name: dotnet.thread_pool.queue.length, Description: The number of work items that are currently queued to be processed by the thread pool., Unit: {work_item}
(2026-05-15T19:47:51.8498023Z, 2026-05-15T19:49:51.8521627Z] LongSum
Value: 0
Instrumentation scope (Meter):
	Name: System.Runtime
Resource associated with Metric:
	service.name: NatureProtector.Simulator.Host
	service.instance.id: c2f8297e-a893-491c-8415-d33e5ab48cbb
	telemetry.sdk.name: opentelemetry
	telemetry.sdk.language: dotnet
	telemetry.sdk.version: 1.10.0

Metric Name: dotnet.timer.count, Description: The number of timer instances that are currently active. An active timer is registered to tick at some point in the future and has not yet been canceled., Unit: {timer}
(2026-05-15T19:47:51.8498160Z, 2026-05-15T19:49:51.8521628Z] LongSumNonMonotonic
Value: 4
Instrumentation scope (Meter):
	Name: System.Runtime
Resource associated with Metric:
	service.name: NatureProtector.Simulator.Host
	service.instance.id: c2f8297e-a893-491c-8415-d33e5ab48cbb
	telemetry.sdk.name: opentelemetry
	telemetry.sdk.language: dotnet
	telemetry.sdk.version: 1.10.0

Metric Name: dotnet.assembly.count, Description: The number of .NET assemblies that are currently loaded., Unit: {assembly}
(2026-05-15T19:47:51.8498242Z, 2026-05-15T19:49:51.8521631Z] LongSumNonMonotonic
Value: 105
Instrumentation scope (Meter):
	Name: System.Runtime
Resource associated with Metric:
	service.name: NatureProtector.Simulator.Host
	service.instance.id: c2f8297e-a893-491c-8415-d33e5ab48cbb
	telemetry.sdk.name: opentelemetry
	telemetry.sdk.language: dotnet
	telemetry.sdk.version: 1.10.0

Metric Name: dotnet.process.cpu.count, Description: The number of processors available to the process., Unit: {cpu}
(2026-05-15T19:47:51.8541883Z, 2026-05-15T19:49:51.8521638Z] LongSumNonMonotonic
Value: 16
Instrumentation scope (Meter):
	Name: System.Runtime
Resource associated with Metric:
	service.name: NatureProtector.Simulator.Host
	service.instance.id: c2f8297e-a893-491c-8415-d33e5ab48cbb
	telemetry.sdk.name: opentelemetry
	telemetry.sdk.language: dotnet
	telemetry.sdk.version: 1.10.0

Metric Name: dotnet.process.cpu.time, Description: CPU time used by the process., Unit: s
(2026-05-15T19:47:51.8542466Z, 2026-05-15T19:49:51.8521641Z] cpu.mode: user DoubleSum
Value: 1.9375
Instrumentation scope (Meter):
	Name: System.Runtime
Resource associated with Metric:
	service.name: NatureProtector.Simulator.Host
	service.instance.id: c2f8297e-a893-491c-8415-d33e5ab48cbb
	telemetry.sdk.name: opentelemetry
	telemetry.sdk.language: dotnet
	telemetry.sdk.version: 1.10.0
(2026-05-15T19:47:51.8542466Z, 2026-05-15T19:49:51.8521641Z] cpu.mode: system DoubleSum
Value: 0.515625
Instrumentation scope (Meter):
	Name: System.Runtime
Resource associated with Metric:
	service.name: NatureProtector.Simulator.Host
	service.instance.id: c2f8297e-a893-491c-8415-d33e5ab48cbb
	telemetry.sdk.name: opentelemetry
	telemetry.sdk.language: dotnet
	telemetry.sdk.version: 1.10.0

Metric Name: natureprotector.simulator.context.creations
(2026-05-15T19:47:51.8686992Z, 2026-05-15T19:49:51.8521644Z] LongSum
Value: 1
Instrumentation scope (Meter):
	Name: NatureProtector.Simulator.Host
Resource associated with Metric:
	service.name: NatureProtector.Simulator.Host
	service.instance.id: c2f8297e-a893-491c-8415-d33e5ab48cbb
	telemetry.sdk.name: opentelemetry
	telemetry.sdk.language: dotnet
	telemetry.sdk.version: 1.10.0

Metric Name: natureprotector.simulator.context.creation.duration, Unit: ms
(2026-05-15T19:47:51.8691666Z, 2026-05-15T19:49:51.8521652Z] Histogram
Value: Sum: 1071,7155 Count: 1 Min: 1071,7155 Max: 1071,7155 
(-Infinity,0]:0
(0,5]:0
(5,10]:0
(10,25]:0
(25,50]:0
(50,75]:0
(75,100]:0
(100,250]:0
(250,500]:0
(500,750]:0
(750,1000]:0
(1000,2500]:1
(2500,5000]:0
(5000,7500]:0
(7500,10000]:0
(10000,+Infinity]:0

Instrumentation scope (Meter):
	Name: NatureProtector.Simulator.Host
Resource associated with Metric:
	service.name: NatureProtector.Simulator.Host
	service.instance.id: c2f8297e-a893-491c-8415-d33e5ab48cbb
	telemetry.sdk.name: opentelemetry
	telemetry.sdk.language: dotnet
	telemetry.sdk.version: 1.10.0

Metric Name: natureprotector.simulator.runs
(2026-05-15T19:47:51.8691833Z, 2026-05-15T19:49:51.8521656Z] np.outcome: started LongSum
Value: 1
Instrumentation scope (Meter):
	Name: NatureProtector.Simulator.Host
Resource associated with Metric:
	service.name: NatureProtector.Simulator.Host
	service.instance.id: c2f8297e-a893-491c-8415-d33e5ab48cbb
	telemetry.sdk.name: opentelemetry
	telemetry.sdk.language: dotnet
	telemetry.sdk.version: 1.10.0
(2026-05-15T19:47:51.8691833Z, 2026-05-15T19:49:51.8521656Z] np.outcome: completed LongSum
Value: 1
Instrumentation scope (Meter):
	Name: NatureProtector.Simulator.Host
Resource associated with Metric:
	service.name: NatureProtector.Simulator.Host
	service.instance.id: c2f8297e-a893-491c-8415-d33e5ab48cbb
	telemetry.sdk.name: opentelemetry
	telemetry.sdk.language: dotnet
	telemetry.sdk.version: 1.10.0

Metric Name: natureprotector.simulator.run.duration, Unit: ms
(2026-05-15T19:47:51.8691934Z, 2026-05-15T19:49:51.8521667Z] np.outcome: completed Histogram
Value: Sum: 21581,8992 Count: 1 Min: 21581,8992 Max: 21581,8992 
(-Infinity,0]:0
(0,5]:0
(5,10]:0
(10,25]:0
(25,50]:0
(50,75]:0
(75,100]:0
(100,250]:0
(250,500]:0
(500,750]:0
(750,1000]:0
(1000,2500]:0
(2500,5000]:0
(5000,7500]:0
(7500,10000]:0
(10000,+Infinity]:1

Instrumentation scope (Meter):
	Name: NatureProtector.Simulator.Host
Resource associated with Metric:
	service.name: NatureProtector.Simulator.Host
	service.instance.id: c2f8297e-a893-491c-8415-d33e5ab48cbb
	telemetry.sdk.name: opentelemetry
	telemetry.sdk.language: dotnet
	telemetry.sdk.version: 1.10.0

Metric Name: natureprotector.simulator.publish.messages
(2026-05-15T19:47:51.8692005Z, 2026-05-15T19:49:51.8521673Z] LongSum
Value: 30
Instrumentation scope (Meter):
	Name: NatureProtector.Simulator.Host
Resource associated with Metric:
	service.name: NatureProtector.Simulator.Host
	service.instance.id: c2f8297e-a893-491c-8415-d33e5ab48cbb
	telemetry.sdk.name: opentelemetry
	telemetry.sdk.language: dotnet
	telemetry.sdk.version: 1.10.0

Metric Name: natureprotector.simulator.publish.batch.size
(2026-05-15T19:47:51.8696093Z, 2026-05-15T19:49:51.8521682Z] Histogram
Value: Sum: 30 Count: 5 Min: 6 Max: 6 
(-Infinity,0]:0
(0,5]:0
(5,10]:5
(10,25]:0
(25,50]:0
(50,75]:0
(75,100]:0
(100,250]:0
(250,500]:0
(500,750]:0
(750,1000]:0
(1000,2500]:0
(2500,5000]:0
(5000,7500]:0
(7500,10000]:0
(10000,+Infinity]:0

Instrumentation scope (Meter):
	Name: NatureProtector.Simulator.Host
Resource associated with Metric:
	service.name: NatureProtector.Simulator.Host
	service.instance.id: c2f8297e-a893-491c-8415-d33e5ab48cbb
	telemetry.sdk.name: opentelemetry
	telemetry.sdk.language: dotnet
	telemetry.sdk.version: 1.10.0

Metric Name: natureprotector.simulator.publish.duration, Unit: ms
(2026-05-15T19:47:51.8696249Z, 2026-05-15T19:49:51.8521689Z] Histogram
Value: Sum: 365,81870000000004 Count: 35 Min: 0,1017 Max: 143,0177 
(-Infinity,0]:0
(0,5]:29
(5,10]:0
(10,25]:2
(25,50]:2
(50,75]:0
(75,100]:0
(100,250]:2
(250,500]:0
(500,750]:0
(750,1000]:0
(1000,2500]:0
(2500,5000]:0
(5000,7500]:0
(7500,10000]:0
(10000,+Infinity]:0

Instrumentation scope (Meter):
	Name: NatureProtector.Simulator.Host
Resource associated with Metric:
	service.name: NatureProtector.Simulator.Host
	service.instance.id: c2f8297e-a893-491c-8415-d33e5ab48cbb
	telemetry.sdk.name: opentelemetry
	telemetry.sdk.language: dotnet
	telemetry.sdk.version: 1.10.0

Metric Name: dns.lookup.duration, Description: Measures the time taken to perform a DNS lookup., Unit: s
(2026-05-15T19:47:52.6473778Z, 2026-05-15T19:49:51.8521707Z] dns.question.name: localhost Histogram
Value: Sum: 0,0071665 Count: 2 Min: 0,0004012 Max: 0,0067653 
(-Infinity,0,005]:1
(0,005,0,01]:1
(0,01,0,025]:0
(0,025,0,05]:0
(0,05,0,075]:0
(0,075,0,1]:0
(0,1,0,25]:0
(0,25,0,5]:0
(0,5,0,75]:0
(0,75,1]:0
(1,2,5]:0
(2,5,5]:0
(5,7,5]:0
(7,5,10]:0
(10,+Infinity]:0

Instrumentation scope (Meter):
	Name: System.Net.NameResolution
Resource associated with Metric:
	service.name: NatureProtector.Simulator.Host
	service.instance.id: c2f8297e-a893-491c-8415-d33e5ab48cbb
	telemetry.sdk.name: opentelemetry
	telemetry.sdk.language: dotnet
	telemetry.sdk.version: 1.10.0

Metric Name: process.memory.usage, Description: The amount of physical memory in use., Unit: By
(2026-05-15T19:47:51.8479446Z, 2026-05-15T19:50:01.8422724Z] LongSumNonMonotonic
Value: 107159552
Instrumentation scope (Meter):
	Name: OpenTelemetry.Instrumentation.Process
	Version: 1.10.0-beta.1
Resource associated with Metric:
	service.name: NatureProtector.Simulator.Host
	service.instance.id: c2f8297e-a893-491c-8415-d33e5ab48cbb
	telemetry.sdk.name: opentelemetry
	telemetry.sdk.language: dotnet
	telemetry.sdk.version: 1.10.0

Metric Name: process.memory.virtual, Description: The amount of committed virtual memory., Unit: By
(2026-05-15T19:47:51.8489044Z, 2026-05-15T19:50:01.8422728Z] LongSumNonMonotonic
Value: 2480999874560
Instrumentation scope (Meter):
	Name: OpenTelemetry.Instrumentation.Process
	Version: 1.10.0-beta.1
Resource associated with Metric:
	service.name: NatureProtector.Simulator.Host
	service.instance.id: c2f8297e-a893-491c-8415-d33e5ab48cbb
	telemetry.sdk.name: opentelemetry
	telemetry.sdk.language: dotnet
	telemetry.sdk.version: 1.10.0

Metric Name: process.cpu.time, Description: Total CPU seconds broken down by different states., Unit: s
(2026-05-15T19:47:51.8490877Z, 2026-05-15T19:50:01.8422735Z] process.cpu.state: user DoubleSum
Value: 1.9375
Instrumentation scope (Meter):
	Name: OpenTelemetry.Instrumentation.Process
	Version: 1.10.0-beta.1
Resource associated with Metric:
	service.name: NatureProtector.Simulator.Host
	service.instance.id: c2f8297e-a893-491c-8415-d33e5ab48cbb
	telemetry.sdk.name: opentelemetry
	telemetry.sdk.language: dotnet
	telemetry.sdk.version: 1.10.0
(2026-05-15T19:47:51.8490877Z, 2026-05-15T19:50:01.8422735Z] process.cpu.state: system DoubleSum
Value: 0.53125
Instrumentation scope (Meter):
	Name: OpenTelemetry.Instrumentation.Process
	Version: 1.10.0-beta.1
Resource associated with Metric:
	service.name: NatureProtector.Simulator.Host
	service.instance.id: c2f8297e-a893-491c-8415-d33e5ab48cbb
	telemetry.sdk.name: opentelemetry
	telemetry.sdk.language: dotnet
	telemetry.sdk.version: 1.10.0

Metric Name: process.cpu.count, Description: The number of processors (CPU cores) available to the current process., Unit: {processors}
(2026-05-15T19:47:51.8491055Z, 2026-05-15T19:50:01.8422740Z] LongSumNonMonotonic
Value: 16
Instrumentation scope (Meter):
	Name: OpenTelemetry.Instrumentation.Process
	Version: 1.10.0-beta.1
Resource associated with Metric:
	service.name: NatureProtector.Simulator.Host
	service.instance.id: c2f8297e-a893-491c-8415-d33e5ab48cbb
	telemetry.sdk.name: opentelemetry
	telemetry.sdk.language: dotnet
	telemetry.sdk.version: 1.10.0

Metric Name: process.thread.count, Description: Process threads count., Unit: {thread}
(2026-05-15T19:47:51.8491189Z, 2026-05-15T19:50:01.8422742Z] LongSumNonMonotonic
Value: 20
Instrumentation scope (Meter):
	Name: OpenTelemetry.Instrumentation.Process
	Version: 1.10.0-beta.1
Resource associated with Metric:
	service.name: NatureProtector.Simulator.Host
	service.instance.id: c2f8297e-a893-491c-8415-d33e5ab48cbb
	telemetry.sdk.name: opentelemetry
	telemetry.sdk.language: dotnet
	telemetry.sdk.version: 1.10.0

Metric Name: dotnet.gc.collections, Description: The number of garbage collections that have occurred since the process has started., Unit: {collection}
(2026-05-15T19:47:51.8491273Z, 2026-05-15T19:50:01.8422746Z] gc.heap.generation: gen2 LongSum
Value: 1
Instrumentation scope (Meter):
	Name: System.Runtime
Resource associated with Metric:
	service.name: NatureProtector.Simulator.Host
	service.instance.id: c2f8297e-a893-491c-8415-d33e5ab48cbb
	telemetry.sdk.name: opentelemetry
	telemetry.sdk.language: dotnet
	telemetry.sdk.version: 1.10.0
(2026-05-15T19:47:51.8491273Z, 2026-05-15T19:50:01.8422746Z] gc.heap.generation: gen1 LongSum
Value: 1
Instrumentation scope (Meter):
	Name: System.Runtime
Resource associated with Metric:
	service.name: NatureProtector.Simulator.Host
	service.instance.id: c2f8297e-a893-491c-8415-d33e5ab48cbb
	telemetry.sdk.name: opentelemetry
	telemetry.sdk.language: dotnet
	telemetry.sdk.version: 1.10.0
(2026-05-15T19:47:51.8491273Z, 2026-05-15T19:50:01.8422746Z] gc.heap.generation: gen0 LongSum
Value: 2
Instrumentation scope (Meter):
	Name: System.Runtime
Resource associated with Metric:
	service.name: NatureProtector.Simulator.Host
	service.instance.id: c2f8297e-a893-491c-8415-d33e5ab48cbb
	telemetry.sdk.name: opentelemetry
	telemetry.sdk.language: dotnet
	telemetry.sdk.version: 1.10.0

Metric Name: dotnet.process.memory.working_set, Description: The number of bytes of physical memory mapped to the process context., Unit: By
(2026-05-15T19:47:51.8491348Z, 2026-05-15T19:50:01.8422749Z] LongSumNonMonotonic
Value: 107159552
Instrumentation scope (Meter):
	Name: System.Runtime
Resource associated with Metric:
	service.name: NatureProtector.Simulator.Host
	service.instance.id: c2f8297e-a893-491c-8415-d33e5ab48cbb
	telemetry.sdk.name: opentelemetry
	telemetry.sdk.language: dotnet
	telemetry.sdk.version: 1.10.0

Metric Name: dotnet.gc.heap.total_allocated, Description: The approximate number of bytes allocated on the managed GC heap since the process has started. The returned value does not include any native allocations., Unit: By
(2026-05-15T19:47:51.8497073Z, 2026-05-15T19:50:01.8422752Z] LongSum
Value: 41198768
Instrumentation scope (Meter):
	Name: System.Runtime
Resource associated with Metric:
	service.name: NatureProtector.Simulator.Host
	service.instance.id: c2f8297e-a893-491c-8415-d33e5ab48cbb
	telemetry.sdk.name: opentelemetry
	telemetry.sdk.language: dotnet
	telemetry.sdk.version: 1.10.0

Metric Name: dotnet.gc.last_collection.memory.committed_size, Description: The amount of committed virtual memory in use by the .NET GC, as observed during the latest garbage collection., Unit: By
(2026-05-15T19:47:51.8497164Z, 2026-05-15T19:50:01.8422755Z] LongSumNonMonotonic
Value: 20840448
Instrumentation scope (Meter):
	Name: System.Runtime
Resource associated with Metric:
	service.name: NatureProtector.Simulator.Host
	service.instance.id: c2f8297e-a893-491c-8415-d33e5ab48cbb
	telemetry.sdk.name: opentelemetry
	telemetry.sdk.language: dotnet
	telemetry.sdk.version: 1.10.0

Metric Name: dotnet.gc.last_collection.heap.size, Description: The managed GC heap size (including fragmentation), as observed during the latest garbage collection., Unit: By
(2026-05-15T19:47:51.8497237Z, 2026-05-15T19:50:01.8422757Z] gc.heap.generation: gen0 LongSumNonMonotonic
Value: 156040
Instrumentation scope (Meter):
	Name: System.Runtime
Resource associated with Metric:
	service.name: NatureProtector.Simulator.Host
	service.instance.id: c2f8297e-a893-491c-8415-d33e5ab48cbb
	telemetry.sdk.name: opentelemetry
	telemetry.sdk.language: dotnet
	telemetry.sdk.version: 1.10.0
(2026-05-15T19:47:51.8497237Z, 2026-05-15T19:50:01.8422757Z] gc.heap.generation: gen1 LongSumNonMonotonic
Value: 4144664
Instrumentation scope (Meter):
	Name: System.Runtime
Resource associated with Metric:
	service.name: NatureProtector.Simulator.Host
	service.instance.id: c2f8297e-a893-491c-8415-d33e5ab48cbb
	telemetry.sdk.name: opentelemetry
	telemetry.sdk.language: dotnet
	telemetry.sdk.version: 1.10.0
(2026-05-15T19:47:51.8497237Z, 2026-05-15T19:50:01.8422757Z] gc.heap.generation: gen2 LongSumNonMonotonic
Value: 915152
Instrumentation scope (Meter):
	Name: System.Runtime
Resource associated with Metric:
	service.name: NatureProtector.Simulator.Host
	service.instance.id: c2f8297e-a893-491c-8415-d33e5ab48cbb
	telemetry.sdk.name: opentelemetry
	telemetry.sdk.language: dotnet
	telemetry.sdk.version: 1.10.0
(2026-05-15T19:47:51.8497237Z, 2026-05-15T19:50:01.8422757Z] gc.heap.generation: loh LongSumNonMonotonic
Value: 6986640
Instrumentation scope (Meter):
	Name: System.Runtime
Resource associated with Metric:
	service.name: NatureProtector.Simulator.Host
	service.instance.id: c2f8297e-a893-491c-8415-d33e5ab48cbb
	telemetry.sdk.name: opentelemetry
	telemetry.sdk.language: dotnet
	telemetry.sdk.version: 1.10.0
(2026-05-15T19:47:51.8497237Z, 2026-05-15T19:50:01.8422757Z] gc.heap.generation: poh LongSumNonMonotonic
Value: 58240
Instrumentation scope (Meter):
	Name: System.Runtime
Resource associated with Metric:
	service.name: NatureProtector.Simulator.Host
	service.instance.id: c2f8297e-a893-491c-8415-d33e5ab48cbb
	telemetry.sdk.name: opentelemetry
	telemetry.sdk.language: dotnet
	telemetry.sdk.version: 1.10.0

Metric Name: dotnet.gc.last_collection.heap.fragmentation.size, Description: The heap fragmentation, as observed during the latest garbage collection., Unit: By
(2026-05-15T19:47:51.8497339Z, 2026-05-15T19:50:01.8422759Z] gc.heap.generation: gen0 LongSumNonMonotonic
Value: 147656
Instrumentation scope (Meter):
	Name: System.Runtime
Resource associated with Metric:
	service.name: NatureProtector.Simulator.Host
	service.instance.id: c2f8297e-a893-491c-8415-d33e5ab48cbb
	telemetry.sdk.name: opentelemetry
	telemetry.sdk.language: dotnet
	telemetry.sdk.version: 1.10.0
(2026-05-15T19:47:51.8497339Z, 2026-05-15T19:50:01.8422759Z] gc.heap.generation: gen1 LongSumNonMonotonic
Value: 68112
Instrumentation scope (Meter):
	Name: System.Runtime
Resource associated with Metric:
	service.name: NatureProtector.Simulator.Host
	service.instance.id: c2f8297e-a893-491c-8415-d33e5ab48cbb
	telemetry.sdk.name: opentelemetry
	telemetry.sdk.language: dotnet
	telemetry.sdk.version: 1.10.0
(2026-05-15T19:47:51.8497339Z, 2026-05-15T19:50:01.8422759Z] gc.heap.generation: gen2 LongSumNonMonotonic
Value: 0
Instrumentation scope (Meter):
	Name: System.Runtime
Resource associated with Metric:
	service.name: NatureProtector.Simulator.Host
	service.instance.id: c2f8297e-a893-491c-8415-d33e5ab48cbb
	telemetry.sdk.name: opentelemetry
	telemetry.sdk.language: dotnet
	telemetry.sdk.version: 1.10.0
(2026-05-15T19:47:51.8497339Z, 2026-05-15T19:50:01.8422759Z] gc.heap.generation: loh LongSumNonMonotonic
Value: 1120
Instrumentation scope (Meter):
	Name: System.Runtime
Resource associated with Metric:
	service.name: NatureProtector.Simulator.Host
	service.instance.id: c2f8297e-a893-491c-8415-d33e5ab48cbb
	telemetry.sdk.name: opentelemetry
	telemetry.sdk.language: dotnet
	telemetry.sdk.version: 1.10.0
(2026-05-15T19:47:51.8497339Z, 2026-05-15T19:50:01.8422759Z] gc.heap.generation: poh LongSumNonMonotonic
Value: 0
Instrumentation scope (Meter):
	Name: System.Runtime
Resource associated with Metric:
	service.name: NatureProtector.Simulator.Host
	service.instance.id: c2f8297e-a893-491c-8415-d33e5ab48cbb
	telemetry.sdk.name: opentelemetry
	telemetry.sdk.language: dotnet
	telemetry.sdk.version: 1.10.0

Metric Name: dotnet.gc.pause.time, Description: The total amount of time paused in GC since the process has started., Unit: s
(2026-05-15T19:47:51.8497421Z, 2026-05-15T19:50:01.8422760Z] DoubleSum
Value: 0.017602
Instrumentation scope (Meter):
	Name: System.Runtime
Resource associated with Metric:
	service.name: NatureProtector.Simulator.Host
	service.instance.id: c2f8297e-a893-491c-8415-d33e5ab48cbb
	telemetry.sdk.name: opentelemetry
	telemetry.sdk.language: dotnet
	telemetry.sdk.version: 1.10.0

Metric Name: dotnet.jit.compiled_il.size, Description: Count of bytes of intermediate language that have been compiled since the process has started., Unit: By
(2026-05-15T19:47:51.8497489Z, 2026-05-15T19:50:01.8422767Z] LongSum
Value: 1155170
Instrumentation scope (Meter):
	Name: System.Runtime
Resource associated with Metric:
	service.name: NatureProtector.Simulator.Host
	service.instance.id: c2f8297e-a893-491c-8415-d33e5ab48cbb
	telemetry.sdk.name: opentelemetry
	telemetry.sdk.language: dotnet
	telemetry.sdk.version: 1.10.0

Metric Name: dotnet.jit.compiled_methods, Description: The number of times the JIT compiler (re)compiled methods since the process has started., Unit: {method}
(2026-05-15T19:47:51.8497588Z, 2026-05-15T19:50:01.8422771Z] LongSum
Value: 14928
Instrumentation scope (Meter):
	Name: System.Runtime
Resource associated with Metric:
	service.name: NatureProtector.Simulator.Host
	service.instance.id: c2f8297e-a893-491c-8415-d33e5ab48cbb
	telemetry.sdk.name: opentelemetry
	telemetry.sdk.language: dotnet
	telemetry.sdk.version: 1.10.0

Metric Name: dotnet.jit.compilation.time, Description: The number of times the JIT compiler (re)compiled methods since the process has started., Unit: s
(2026-05-15T19:47:51.8497690Z, 2026-05-15T19:50:01.8422772Z] DoubleSum
Value: 1.5132572
Instrumentation scope (Meter):
	Name: System.Runtime
Resource associated with Metric:
	service.name: NatureProtector.Simulator.Host
	service.instance.id: c2f8297e-a893-491c-8415-d33e5ab48cbb
	telemetry.sdk.name: opentelemetry
	telemetry.sdk.language: dotnet
	telemetry.sdk.version: 1.10.0

Metric Name: dotnet.monitor.lock_contentions, Description: The number of times there was contention when trying to acquire a monitor lock since the process has started., Unit: {contention}
(2026-05-15T19:47:51.8497769Z, 2026-05-15T19:50:01.8422773Z] LongSum
Value: 34
Instrumentation scope (Meter):
	Name: System.Runtime
Resource associated with Metric:
	service.name: NatureProtector.Simulator.Host
	service.instance.id: c2f8297e-a893-491c-8415-d33e5ab48cbb
	telemetry.sdk.name: opentelemetry
	telemetry.sdk.language: dotnet
	telemetry.sdk.version: 1.10.0

Metric Name: dotnet.thread_pool.thread.count, Description: The number of thread pool threads that currently exist., Unit: {thread}
(2026-05-15T19:47:51.8497866Z, 2026-05-15T19:50:01.8422774Z] LongSum
Value: 2
Instrumentation scope (Meter):
	Name: System.Runtime
Resource associated with Metric:
	service.name: NatureProtector.Simulator.Host
	service.instance.id: c2f8297e-a893-491c-8415-d33e5ab48cbb
	telemetry.sdk.name: opentelemetry
	telemetry.sdk.language: dotnet
	telemetry.sdk.version: 1.10.0

Metric Name: dotnet.thread_pool.work_item.count, Description: The number of work items that the thread pool has completed since the process has started., Unit: {work_item}
(2026-05-15T19:47:51.8497935Z, 2026-05-15T19:50:01.8422775Z] LongSum
Value: 140
Instrumentation scope (Meter):
	Name: System.Runtime
Resource associated with Metric:
	service.name: NatureProtector.Simulator.Host
	service.instance.id: c2f8297e-a893-491c-8415-d33e5ab48cbb
	telemetry.sdk.name: opentelemetry
	telemetry.sdk.language: dotnet
	telemetry.sdk.version: 1.10.0

Metric Name: dotnet.thread_pool.queue.length, Description: The number of work items that are currently queued to be processed by the thread pool., Unit: {work_item}
(2026-05-15T19:47:51.8498023Z, 2026-05-15T19:50:01.8422777Z] LongSum
Value: 0
Instrumentation scope (Meter):
	Name: System.Runtime
Resource associated with Metric:
	service.name: NatureProtector.Simulator.Host
	service.instance.id: c2f8297e-a893-491c-8415-d33e5ab48cbb
	telemetry.sdk.name: opentelemetry
	telemetry.sdk.language: dotnet
	telemetry.sdk.version: 1.10.0

Metric Name: dotnet.timer.count, Description: The number of timer instances that are currently active. An active timer is registered to tick at some point in the future and has not yet been canceled., Unit: {timer}
(2026-05-15T19:47:51.8498160Z, 2026-05-15T19:50:01.8422779Z] LongSumNonMonotonic
Value: 4
Instrumentation scope (Meter):
	Name: System.Runtime
Resource associated with Metric:
	service.name: NatureProtector.Simulator.Host
	service.instance.id: c2f8297e-a893-491c-8415-d33e5ab48cbb
	telemetry.sdk.name: opentelemetry
	telemetry.sdk.language: dotnet
	telemetry.sdk.version: 1.10.0

Metric Name: dotnet.assembly.count, Description: The number of .NET assemblies that are currently loaded., Unit: {assembly}
(2026-05-15T19:47:51.8498242Z, 2026-05-15T19:50:01.8422781Z] LongSumNonMonotonic
Value: 105
Instrumentation scope (Meter):
	Name: System.Runtime
Resource associated with Metric:
	service.name: NatureProtector.Simulator.Host
	service.instance.id: c2f8297e-a893-491c-8415-d33e5ab48cbb
	telemetry.sdk.name: opentelemetry
	telemetry.sdk.language: dotnet
	telemetry.sdk.version: 1.10.0

Metric Name: dotnet.process.cpu.count, Description: The number of processors available to the process., Unit: {cpu}
(2026-05-15T19:47:51.8541883Z, 2026-05-15T19:50:01.8422785Z] LongSumNonMonotonic
Value: 16
Instrumentation scope (Meter):
	Name: System.Runtime
Resource associated with Metric:
	service.name: NatureProtector.Simulator.Host
	service.instance.id: c2f8297e-a893-491c-8415-d33e5ab48cbb
	telemetry.sdk.name: opentelemetry
	telemetry.sdk.language: dotnet
	telemetry.sdk.version: 1.10.0

Metric Name: dotnet.process.cpu.time, Description: CPU time used by the process., Unit: s
(2026-05-15T19:47:51.8542466Z, 2026-05-15T19:50:01.8422787Z] cpu.mode: user DoubleSum
Value: 1.9375
Instrumentation scope (Meter):
	Name: System.Runtime
Resource associated with Metric:
	service.name: NatureProtector.Simulator.Host
	service.instance.id: c2f8297e-a893-491c-8415-d33e5ab48cbb
	telemetry.sdk.name: opentelemetry
	telemetry.sdk.language: dotnet
	telemetry.sdk.version: 1.10.0
(2026-05-15T19:47:51.8542466Z, 2026-05-15T19:50:01.8422787Z] cpu.mode: system DoubleSum
Value: 0.53125
Instrumentation scope (Meter):
	Name: System.Runtime
Resource associated with Metric:
	service.name: NatureProtector.Simulator.Host
	service.instance.id: c2f8297e-a893-491c-8415-d33e5ab48cbb
	telemetry.sdk.name: opentelemetry
	telemetry.sdk.language: dotnet
	telemetry.sdk.version: 1.10.0

Metric Name: natureprotector.simulator.context.creations
(2026-05-15T19:47:51.8686992Z, 2026-05-15T19:50:01.8422790Z] LongSum
Value: 1
Instrumentation scope (Meter):
	Name: NatureProtector.Simulator.Host
Resource associated with Metric:
	service.name: NatureProtector.Simulator.Host
	service.instance.id: c2f8297e-a893-491c-8415-d33e5ab48cbb
	telemetry.sdk.name: opentelemetry
	telemetry.sdk.language: dotnet
	telemetry.sdk.version: 1.10.0

Metric Name: natureprotector.simulator.context.creation.duration, Unit: ms
(2026-05-15T19:47:51.8691666Z, 2026-05-15T19:50:01.8422798Z] Histogram
Value: Sum: 1071,7155 Count: 1 Min: 1071,7155 Max: 1071,7155 
(-Infinity,0]:0
(0,5]:0
(5,10]:0
(10,25]:0
(25,50]:0
(50,75]:0
(75,100]:0
(100,250]:0
(250,500]:0
(500,750]:0
(750,1000]:0
(1000,2500]:1
(2500,5000]:0
(5000,7500]:0
(7500,10000]:0
(10000,+Infinity]:0

Instrumentation scope (Meter):
	Name: NatureProtector.Simulator.Host
Resource associated with Metric:
	service.name: NatureProtector.Simulator.Host
	service.instance.id: c2f8297e-a893-491c-8415-d33e5ab48cbb
	telemetry.sdk.name: opentelemetry
	telemetry.sdk.language: dotnet
	telemetry.sdk.version: 1.10.0

Metric Name: natureprotector.simulator.runs
(2026-05-15T19:47:51.8691833Z, 2026-05-15T19:50:01.8422801Z] np.outcome: started LongSum
Value: 1
Instrumentation scope (Meter):
	Name: NatureProtector.Simulator.Host
Resource associated with Metric:
	service.name: NatureProtector.Simulator.Host
	service.instance.id: c2f8297e-a893-491c-8415-d33e5ab48cbb
	telemetry.sdk.name: opentelemetry
	telemetry.sdk.language: dotnet
	telemetry.sdk.version: 1.10.0
(2026-05-15T19:47:51.8691833Z, 2026-05-15T19:50:01.8422801Z] np.outcome: completed LongSum
Value: 1
Instrumentation scope (Meter):
	Name: NatureProtector.Simulator.Host
Resource associated with Metric:
	service.name: NatureProtector.Simulator.Host
	service.instance.id: c2f8297e-a893-491c-8415-d33e5ab48cbb
	telemetry.sdk.name: opentelemetry
	telemetry.sdk.language: dotnet
	telemetry.sdk.version: 1.10.0

Metric Name: natureprotector.simulator.run.duration, Unit: ms
(2026-05-15T19:47:51.8691934Z, 2026-05-15T19:50:01.8422807Z] np.outcome: completed Histogram
Value: Sum: 21581,8992 Count: 1 Min: 21581,8992 Max: 21581,8992 
(-Infinity,0]:0
(0,5]:0
(5,10]:0
(10,25]:0
(25,50]:0
(50,75]:0
(75,100]:0
(100,250]:0
(250,500]:0
(500,750]:0
(750,1000]:0
(1000,2500]:0
(2500,5000]:0
(5000,7500]:0
(7500,10000]:0
(10000,+Infinity]:1

Instrumentation scope (Meter):
	Name: NatureProtector.Simulator.Host
Resource associated with Metric:
	service.name: NatureProtector.Simulator.Host
	service.instance.id: c2f8297e-a893-491c-8415-d33e5ab48cbb
	telemetry.sdk.name: opentelemetry
	telemetry.sdk.language: dotnet
	telemetry.sdk.version: 1.10.0

Metric Name: natureprotector.simulator.publish.messages
(2026-05-15T19:47:51.8692005Z, 2026-05-15T19:50:01.8422810Z] LongSum
Value: 30
Instrumentation scope (Meter):
	Name: NatureProtector.Simulator.Host
Resource associated with Metric:
	service.name: NatureProtector.Simulator.Host
	service.instance.id: c2f8297e-a893-491c-8415-d33e5ab48cbb
	telemetry.sdk.name: opentelemetry
	telemetry.sdk.language: dotnet
	telemetry.sdk.version: 1.10.0

Metric Name: natureprotector.simulator.publish.batch.size
(2026-05-15T19:47:51.8696093Z, 2026-05-15T19:50:01.8422816Z] Histogram
Value: Sum: 30 Count: 5 Min: 6 Max: 6 
(-Infinity,0]:0
(0,5]:0
(5,10]:5
(10,25]:0
(25,50]:0
(50,75]:0
(75,100]:0
(100,250]:0
(250,500]:0
(500,750]:0
(750,1000]:0
(1000,2500]:0
(2500,5000]:0
(5000,7500]:0
(7500,10000]:0
(10000,+Infinity]:0

Instrumentation scope (Meter):
	Name: NatureProtector.Simulator.Host
Resource associated with Metric:
	service.name: NatureProtector.Simulator.Host
	service.instance.id: c2f8297e-a893-491c-8415-d33e5ab48cbb
	telemetry.sdk.name: opentelemetry
	telemetry.sdk.language: dotnet
	telemetry.sdk.version: 1.10.0

Metric Name: natureprotector.simulator.publish.duration, Unit: ms
(2026-05-15T19:47:51.8696249Z, 2026-05-15T19:50:01.8422834Z] Histogram
Value: Sum: 365,81870000000004 Count: 35 Min: 0,1017 Max: 143,0177 
(-Infinity,0]:0
(0,5]:29
(5,10]:0
(10,25]:2
(25,50]:2
(50,75]:0
(75,100]:0
(100,250]:2
(250,500]:0
(500,750]:0
(750,1000]:0
(1000,2500]:0
(2500,5000]:0
(5000,7500]:0
(7500,10000]:0
(10000,+Infinity]:0

Instrumentation scope (Meter):
	Name: NatureProtector.Simulator.Host
Resource associated with Metric:
	service.name: NatureProtector.Simulator.Host
	service.instance.id: c2f8297e-a893-491c-8415-d33e5ab48cbb
	telemetry.sdk.name: opentelemetry
	telemetry.sdk.language: dotnet
	telemetry.sdk.version: 1.10.0

Metric Name: dns.lookup.duration, Description: Measures the time taken to perform a DNS lookup., Unit: s
(2026-05-15T19:47:52.6473778Z, 2026-05-15T19:50:01.8422862Z] dns.question.name: localhost Histogram
Value: Sum: 0,0071665 Count: 2 Min: 0,0004012 Max: 0,0067653 
(-Infinity,0,005]:1
(0,005,0,01]:1
(0,01,0,025]:0
(0,025,0,05]:0
(0,05,0,075]:0
(0,075,0,1]:0
(0,1,0,25]:0
(0,25,0,5]:0
(0,5,0,75]:0
(0,75,1]:0
(1,2,5]:0
(2,5,5]:0
(5,7,5]:0
(7,5,10]:0
(10,+Infinity]:0

Instrumentation scope (Meter):
	Name: System.Net.NameResolution
Resource associated with Metric:
	service.name: NatureProtector.Simulator.Host
	service.instance.id: c2f8297e-a893-491c-8415-d33e5ab48cbb
	telemetry.sdk.name: opentelemetry
	telemetry.sdk.language: dotnet
	telemetry.sdk.version: 1.10.0

Metric Name: process.memory.usage, Description: The amount of physical memory in use., Unit: By
(2026-05-15T19:47:51.8479446Z, 2026-05-15T19:50:11.8502058Z] LongSumNonMonotonic
Value: 107114496
Instrumentation scope (Meter):
	Name: OpenTelemetry.Instrumentation.Process
	Version: 1.10.0-beta.1
Resource associated with Metric:
	service.name: NatureProtector.Simulator.Host
	service.instance.id: c2f8297e-a893-491c-8415-d33e5ab48cbb
	telemetry.sdk.name: opentelemetry
	telemetry.sdk.language: dotnet
	telemetry.sdk.version: 1.10.0

Metric Name: process.memory.virtual, Description: The amount of committed virtual memory., Unit: By
(2026-05-15T19:47:51.8489044Z, 2026-05-15T19:50:11.8502067Z] LongSumNonMonotonic
Value: 2480981000192
Instrumentation scope (Meter):
	Name: OpenTelemetry.Instrumentation.Process
	Version: 1.10.0-beta.1
Resource associated with Metric:
	service.name: NatureProtector.Simulator.Host
	service.instance.id: c2f8297e-a893-491c-8415-d33e5ab48cbb
	telemetry.sdk.name: opentelemetry
	telemetry.sdk.language: dotnet
	telemetry.sdk.version: 1.10.0

Metric Name: process.cpu.time, Description: Total CPU seconds broken down by different states., Unit: s
(2026-05-15T19:47:51.8490877Z, 2026-05-15T19:50:11.8502072Z] process.cpu.state: user DoubleSum
Value: 1.953125
Instrumentation scope (Meter):
	Name: OpenTelemetry.Instrumentation.Process
	Version: 1.10.0-beta.1
Resource associated with Metric:
	service.name: NatureProtector.Simulator.Host
	service.instance.id: c2f8297e-a893-491c-8415-d33e5ab48cbb
	telemetry.sdk.name: opentelemetry
	telemetry.sdk.language: dotnet
	telemetry.sdk.version: 1.10.0
(2026-05-15T19:47:51.8490877Z, 2026-05-15T19:50:11.8502072Z] process.cpu.state: system DoubleSum
Value: 0.546875
Instrumentation scope (Meter):
	Name: OpenTelemetry.Instrumentation.Process
	Version: 1.10.0-beta.1
Resource associated with Metric:
	service.name: NatureProtector.Simulator.Host
	service.instance.id: c2f8297e-a893-491c-8415-d33e5ab48cbb
	telemetry.sdk.name: opentelemetry
	telemetry.sdk.language: dotnet
	telemetry.sdk.version: 1.10.0

Metric Name: process.cpu.count, Description: The number of processors (CPU cores) available to the current process., Unit: {processors}
(2026-05-15T19:47:51.8491055Z, 2026-05-15T19:50:11.8502077Z] LongSumNonMonotonic
Value: 16
Instrumentation scope (Meter):
	Name: OpenTelemetry.Instrumentation.Process
	Version: 1.10.0-beta.1
Resource associated with Metric:
	service.name: NatureProtector.Simulator.Host
	service.instance.id: c2f8297e-a893-491c-8415-d33e5ab48cbb
	telemetry.sdk.name: opentelemetry
	telemetry.sdk.language: dotnet
	telemetry.sdk.version: 1.10.0

Metric Name: process.thread.count, Description: Process threads count., Unit: {thread}
(2026-05-15T19:47:51.8491189Z, 2026-05-15T19:50:11.8502082Z] LongSumNonMonotonic
Value: 14
Instrumentation scope (Meter):
	Name: OpenTelemetry.Instrumentation.Process
	Version: 1.10.0-beta.1
Resource associated with Metric:
	service.name: NatureProtector.Simulator.Host
	service.instance.id: c2f8297e-a893-491c-8415-d33e5ab48cbb
	telemetry.sdk.name: opentelemetry
	telemetry.sdk.language: dotnet
	telemetry.sdk.version: 1.10.0

Metric Name: dotnet.gc.collections, Description: The number of garbage collections that have occurred since the process has started., Unit: {collection}
(2026-05-15T19:47:51.8491273Z, 2026-05-15T19:50:11.8502085Z] gc.heap.generation: gen2 LongSum
Value: 1
Instrumentation scope (Meter):
	Name: System.Runtime
Resource associated with Metric:
	service.name: NatureProtector.Simulator.Host
	service.instance.id: c2f8297e-a893-491c-8415-d33e5ab48cbb
	telemetry.sdk.name: opentelemetry
	telemetry.sdk.language: dotnet
	telemetry.sdk.version: 1.10.0
(2026-05-15T19:47:51.8491273Z, 2026-05-15T19:50:11.8502085Z] gc.heap.generation: gen1 LongSum
Value: 1
Instrumentation scope (Meter):
	Name: System.Runtime
Resource associated with Metric:
	service.name: NatureProtector.Simulator.Host
	service.instance.id: c2f8297e-a893-491c-8415-d33e5ab48cbb
	telemetry.sdk.name: opentelemetry
	telemetry.sdk.language: dotnet
	telemetry.sdk.version: 1.10.0
(2026-05-15T19:47:51.8491273Z, 2026-05-15T19:50:11.8502085Z] gc.heap.generation: gen0 LongSum
Value: 2
Instrumentation scope (Meter):
	Name: System.Runtime
Resource associated with Metric:
	service.name: NatureProtector.Simulator.Host
	service.instance.id: c2f8297e-a893-491c-8415-d33e5ab48cbb
	telemetry.sdk.name: opentelemetry
	telemetry.sdk.language: dotnet
	telemetry.sdk.version: 1.10.0

Metric Name: dotnet.process.memory.working_set, Description: The number of bytes of physical memory mapped to the process context., Unit: By
(2026-05-15T19:47:51.8491348Z, 2026-05-15T19:50:11.8502087Z] LongSumNonMonotonic
Value: 106307584
Instrumentation scope (Meter):
	Name: System.Runtime
Resource associated with Metric:
	service.name: NatureProtector.Simulator.Host
	service.instance.id: c2f8297e-a893-491c-8415-d33e5ab48cbb
	telemetry.sdk.name: opentelemetry
	telemetry.sdk.language: dotnet
	telemetry.sdk.version: 1.10.0

Metric Name: dotnet.gc.heap.total_allocated, Description: The approximate number of bytes allocated on the managed GC heap since the process has started. The returned value does not include any native allocations., Unit: By
(2026-05-15T19:47:51.8497073Z, 2026-05-15T19:50:11.8502088Z] LongSum
Value: 41354728
Instrumentation scope (Meter):
	Name: System.Runtime
Resource associated with Metric:
	service.name: NatureProtector.Simulator.Host
	service.instance.id: c2f8297e-a893-491c-8415-d33e5ab48cbb
	telemetry.sdk.name: opentelemetry
	telemetry.sdk.language: dotnet
	telemetry.sdk.version: 1.10.0

Metric Name: dotnet.gc.last_collection.memory.committed_size, Description: The amount of committed virtual memory in use by the .NET GC, as observed during the latest garbage collection., Unit: By
(2026-05-15T19:47:51.8497164Z, 2026-05-15T19:50:11.8502091Z] LongSumNonMonotonic
Value: 20840448
Instrumentation scope (Meter):
	Name: System.Runtime
Resource associated with Metric:
	service.name: NatureProtector.Simulator.Host
	service.instance.id: c2f8297e-a893-491c-8415-d33e5ab48cbb
	telemetry.sdk.name: opentelemetry
	telemetry.sdk.language: dotnet
	telemetry.sdk.version: 1.10.0

Metric Name: dotnet.gc.last_collection.heap.size, Description: The managed GC heap size (including fragmentation), as observed during the latest garbage collection., Unit: By
(2026-05-15T19:47:51.8497237Z, 2026-05-15T19:50:11.8502092Z] gc.heap.generation: gen0 LongSumNonMonotonic
Value: 156040
Instrumentation scope (Meter):
	Name: System.Runtime
Resource associated with Metric:
	service.name: NatureProtector.Simulator.Host
	service.instance.id: c2f8297e-a893-491c-8415-d33e5ab48cbb
	telemetry.sdk.name: opentelemetry
	telemetry.sdk.language: dotnet
	telemetry.sdk.version: 1.10.0
(2026-05-15T19:47:51.8497237Z, 2026-05-15T19:50:11.8502092Z] gc.heap.generation: gen1 LongSumNonMonotonic
Value: 4144664
Instrumentation scope (Meter):
	Name: System.Runtime
Resource associated with Metric:
	service.name: NatureProtector.Simulator.Host
	service.instance.id: c2f8297e-a893-491c-8415-d33e5ab48cbb
	telemetry.sdk.name: opentelemetry
	telemetry.sdk.language: dotnet
	telemetry.sdk.version: 1.10.0
(2026-05-15T19:47:51.8497237Z, 2026-05-15T19:50:11.8502092Z] gc.heap.generation: gen2 LongSumNonMonotonic
Value: 915152
Instrumentation scope (Meter):
	Name: System.Runtime
Resource associated with Metric:
	service.name: NatureProtector.Simulator.Host
	service.instance.id: c2f8297e-a893-491c-8415-d33e5ab48cbb
	telemetry.sdk.name: opentelemetry
	telemetry.sdk.language: dotnet
	telemetry.sdk.version: 1.10.0
(2026-05-15T19:47:51.8497237Z, 2026-05-15T19:50:11.8502092Z] gc.heap.generation: loh LongSumNonMonotonic
Value: 6986640
Instrumentation scope (Meter):
	Name: System.Runtime
Resource associated with Metric:
	service.name: NatureProtector.Simulator.Host
	service.instance.id: c2f8297e-a893-491c-8415-d33e5ab48cbb
	telemetry.sdk.name: opentelemetry
	telemetry.sdk.language: dotnet
	telemetry.sdk.version: 1.10.0
(2026-05-15T19:47:51.8497237Z, 2026-05-15T19:50:11.8502092Z] gc.heap.generation: poh LongSumNonMonotonic
Value: 58240
Instrumentation scope (Meter):
	Name: System.Runtime
Resource associated with Metric:
	service.name: NatureProtector.Simulator.Host
	service.instance.id: c2f8297e-a893-491c-8415-d33e5ab48cbb
	telemetry.sdk.name: opentelemetry
	telemetry.sdk.language: dotnet
	telemetry.sdk.version: 1.10.0

Metric Name: dotnet.gc.last_collection.heap.fragmentation.size, Description: The heap fragmentation, as observed during the latest garbage collection., Unit: By
(2026-05-15T19:47:51.8497339Z, 2026-05-15T19:50:11.8502099Z] gc.heap.generation: gen0 LongSumNonMonotonic
Value: 147656
Instrumentation scope (Meter):
	Name: System.Runtime
Resource associated with Metric:
	service.name: NatureProtector.Simulator.Host
	service.instance.id: c2f8297e-a893-491c-8415-d33e5ab48cbb
	telemetry.sdk.name: opentelemetry
	telemetry.sdk.language: dotnet
	telemetry.sdk.version: 1.10.0
(2026-05-15T19:47:51.8497339Z, 2026-05-15T19:50:11.8502099Z] gc.heap.generation: gen1 LongSumNonMonotonic
Value: 68112
Instrumentation scope (Meter):
	Name: System.Runtime
Resource associated with Metric:
	service.name: NatureProtector.Simulator.Host
	service.instance.id: c2f8297e-a893-491c-8415-d33e5ab48cbb
	telemetry.sdk.name: opentelemetry
	telemetry.sdk.language: dotnet
	telemetry.sdk.version: 1.10.0
(2026-05-15T19:47:51.8497339Z, 2026-05-15T19:50:11.8502099Z] gc.heap.generation: gen2 LongSumNonMonotonic
Value: 0
Instrumentation scope (Meter):
	Name: System.Runtime
Resource associated with Metric:
	service.name: NatureProtector.Simulator.Host
	service.instance.id: c2f8297e-a893-491c-8415-d33e5ab48cbb
	telemetry.sdk.name: opentelemetry
	telemetry.sdk.language: dotnet
	telemetry.sdk.version: 1.10.0
(2026-05-15T19:47:51.8497339Z, 2026-05-15T19:50:11.8502099Z] gc.heap.generation: loh LongSumNonMonotonic
Value: 1120
Instrumentation scope (Meter):
	Name: System.Runtime
Resource associated with Metric:
	service.name: NatureProtector.Simulator.Host
	service.instance.id: c2f8297e-a893-491c-8415-d33e5ab48cbb
	telemetry.sdk.name: opentelemetry
	telemetry.sdk.language: dotnet
	telemetry.sdk.version: 1.10.0
(2026-05-15T19:47:51.8497339Z, 2026-05-15T19:50:11.8502099Z] gc.heap.generation: poh LongSumNonMonotonic
Value: 0
Instrumentation scope (Meter):
	Name: System.Runtime
Resource associated with Metric:
	service.name: NatureProtector.Simulator.Host
	service.instance.id: c2f8297e-a893-491c-8415-d33e5ab48cbb
	telemetry.sdk.name: opentelemetry
	telemetry.sdk.language: dotnet
	telemetry.sdk.version: 1.10.0

Metric Name: dotnet.gc.pause.time, Description: The total amount of time paused in GC since the process has started., Unit: s
(2026-05-15T19:47:51.8497421Z, 2026-05-15T19:50:11.8502100Z] DoubleSum
Value: 0.017602
Instrumentation scope (Meter):
	Name: System.Runtime
Resource associated with Metric:
	service.name: NatureProtector.Simulator.Host
	service.instance.id: c2f8297e-a893-491c-8415-d33e5ab48cbb
	telemetry.sdk.name: opentelemetry
	telemetry.sdk.language: dotnet
	telemetry.sdk.version: 1.10.0

Metric Name: dotnet.jit.compiled_il.size, Description: Count of bytes of intermediate language that have been compiled since the process has started., Unit: By
(2026-05-15T19:47:51.8497489Z, 2026-05-15T19:50:11.8502102Z] LongSum
Value: 1155383
Instrumentation scope (Meter):
	Name: System.Runtime
Resource associated with Metric:
	service.name: NatureProtector.Simulator.Host
	service.instance.id: c2f8297e-a893-491c-8415-d33e5ab48cbb
	telemetry.sdk.name: opentelemetry
	telemetry.sdk.language: dotnet
	telemetry.sdk.version: 1.10.0

Metric Name: dotnet.jit.compiled_methods, Description: The number of times the JIT compiler (re)compiled methods since the process has started., Unit: {method}
(2026-05-15T19:47:51.8497588Z, 2026-05-15T19:50:11.8502105Z] LongSum
Value: 14936
Instrumentation scope (Meter):
	Name: System.Runtime
Resource associated with Metric:
	service.name: NatureProtector.Simulator.Host
	service.instance.id: c2f8297e-a893-491c-8415-d33e5ab48cbb
	telemetry.sdk.name: opentelemetry
	telemetry.sdk.language: dotnet
	telemetry.sdk.version: 1.10.0

Metric Name: dotnet.jit.compilation.time, Description: The number of times the JIT compiler (re)compiled methods since the process has started., Unit: s
(2026-05-15T19:47:51.8497690Z, 2026-05-15T19:50:11.8502107Z] DoubleSum
Value: 1.5146977
Instrumentation scope (Meter):
	Name: System.Runtime
Resource associated with Metric:
	service.name: NatureProtector.Simulator.Host
	service.instance.id: c2f8297e-a893-491c-8415-d33e5ab48cbb
	telemetry.sdk.name: opentelemetry
	telemetry.sdk.language: dotnet
	telemetry.sdk.version: 1.10.0

Metric Name: dotnet.monitor.lock_contentions, Description: The number of times there was contention when trying to acquire a monitor lock since the process has started., Unit: {contention}
(2026-05-15T19:47:51.8497769Z, 2026-05-15T19:50:11.8502108Z] LongSum
Value: 34
Instrumentation scope (Meter):
	Name: System.Runtime
Resource associated with Metric:
	service.name: NatureProtector.Simulator.Host
	service.instance.id: c2f8297e-a893-491c-8415-d33e5ab48cbb
	telemetry.sdk.name: opentelemetry
	telemetry.sdk.language: dotnet
	telemetry.sdk.version: 1.10.0

Metric Name: dotnet.thread_pool.thread.count, Description: The number of thread pool threads that currently exist., Unit: {thread}
(2026-05-15T19:47:51.8497866Z, 2026-05-15T19:50:11.8502108Z] LongSum
Value: 2
Instrumentation scope (Meter):
	Name: System.Runtime
Resource associated with Metric:
	service.name: NatureProtector.Simulator.Host
	service.instance.id: c2f8297e-a893-491c-8415-d33e5ab48cbb
	telemetry.sdk.name: opentelemetry
	telemetry.sdk.language: dotnet
	telemetry.sdk.version: 1.10.0

Metric Name: dotnet.thread_pool.work_item.count, Description: The number of work items that the thread pool has completed since the process has started., Unit: {work_item}
(2026-05-15T19:47:51.8497935Z, 2026-05-15T19:50:11.8502111Z] LongSum
Value: 144
Instrumentation scope (Meter):
	Name: System.Runtime
Resource associated with Metric:
	service.name: NatureProtector.Simulator.Host
	service.instance.id: c2f8297e-a893-491c-8415-d33e5ab48cbb
	telemetry.sdk.name: opentelemetry
	telemetry.sdk.language: dotnet
	telemetry.sdk.version: 1.10.0

Metric Name: dotnet.thread_pool.queue.length, Description: The number of work items that are currently queued to be processed by the thread pool., Unit: {work_item}
(2026-05-15T19:47:51.8498023Z, 2026-05-15T19:50:11.8502112Z] LongSum
Value: 0
Instrumentation scope (Meter):
	Name: System.Runtime
Resource associated with Metric:
	service.name: NatureProtector.Simulator.Host
	service.instance.id: c2f8297e-a893-491c-8415-d33e5ab48cbb
	telemetry.sdk.name: opentelemetry
	telemetry.sdk.language: dotnet
	telemetry.sdk.version: 1.10.0

Metric Name: dotnet.timer.count, Description: The number of timer instances that are currently active. An active timer is registered to tick at some point in the future and has not yet been canceled., Unit: {timer}
(2026-05-15T19:47:51.8498160Z, 2026-05-15T19:50:11.8502114Z] LongSumNonMonotonic
Value: 4
Instrumentation scope (Meter):
	Name: System.Runtime
Resource associated with Metric:
	service.name: NatureProtector.Simulator.Host
	service.instance.id: c2f8297e-a893-491c-8415-d33e5ab48cbb
	telemetry.sdk.name: opentelemetry
	telemetry.sdk.language: dotnet
	telemetry.sdk.version: 1.10.0

Metric Name: dotnet.assembly.count, Description: The number of .NET assemblies that are currently loaded., Unit: {assembly}
(2026-05-15T19:47:51.8498242Z, 2026-05-15T19:50:11.8502116Z] LongSumNonMonotonic
Value: 105
Instrumentation scope (Meter):
	Name: System.Runtime
Resource associated with Metric:
	service.name: NatureProtector.Simulator.Host
	service.instance.id: c2f8297e-a893-491c-8415-d33e5ab48cbb
	telemetry.sdk.name: opentelemetry
	telemetry.sdk.language: dotnet
	telemetry.sdk.version: 1.10.0

Metric Name: dotnet.process.cpu.count, Description: The number of processors available to the process., Unit: {cpu}
(2026-05-15T19:47:51.8541883Z, 2026-05-15T19:50:11.8502120Z] LongSumNonMonotonic
Value: 16
Instrumentation scope (Meter):
	Name: System.Runtime
Resource associated with Metric:
	service.name: NatureProtector.Simulator.Host
	service.instance.id: c2f8297e-a893-491c-8415-d33e5ab48cbb
	telemetry.sdk.name: opentelemetry
	telemetry.sdk.language: dotnet
	telemetry.sdk.version: 1.10.0

Metric Name: dotnet.process.cpu.time, Description: CPU time used by the process., Unit: s
(2026-05-15T19:47:51.8542466Z, 2026-05-15T19:50:11.8502121Z] cpu.mode: user DoubleSum
Value: 1.953125
Instrumentation scope (Meter):
	Name: System.Runtime
Resource associated with Metric:
	service.name: NatureProtector.Simulator.Host
	service.instance.id: c2f8297e-a893-491c-8415-d33e5ab48cbb
	telemetry.sdk.name: opentelemetry
	telemetry.sdk.language: dotnet
	telemetry.sdk.version: 1.10.0
(2026-05-15T19:47:51.8542466Z, 2026-05-15T19:50:11.8502121Z] cpu.mode: system DoubleSum
Value: 0.546875
Instrumentation scope (Meter):
	Name: System.Runtime
Resource associated with Metric:
	service.name: NatureProtector.Simulator.Host
	service.instance.id: c2f8297e-a893-491c-8415-d33e5ab48cbb
	telemetry.sdk.name: opentelemetry
	telemetry.sdk.language: dotnet
	telemetry.sdk.version: 1.10.0

Metric Name: natureprotector.simulator.context.creations
(2026-05-15T19:47:51.8686992Z, 2026-05-15T19:50:11.8502126Z] LongSum
Value: 1
Instrumentation scope (Meter):
	Name: NatureProtector.Simulator.Host
Resource associated with Metric:
	service.name: NatureProtector.Simulator.Host
	service.instance.id: c2f8297e-a893-491c-8415-d33e5ab48cbb
	telemetry.sdk.name: opentelemetry
	telemetry.sdk.language: dotnet
	telemetry.sdk.version: 1.10.0

Metric Name: natureprotector.simulator.context.creation.duration, Unit: ms
(2026-05-15T19:47:51.8691666Z, 2026-05-15T19:50:11.8502132Z] Histogram
Value: Sum: 1071,7155 Count: 1 Min: 1071,7155 Max: 1071,7155 
(-Infinity,0]:0
(0,5]:0
(5,10]:0
(10,25]:0
(25,50]:0
(50,75]:0
(75,100]:0
(100,250]:0
(250,500]:0
(500,750]:0
(750,1000]:0
(1000,2500]:1
(2500,5000]:0
(5000,7500]:0
(7500,10000]:0
(10000,+Infinity]:0

Instrumentation scope (Meter):
	Name: NatureProtector.Simulator.Host
Resource associated with Metric:
	service.name: NatureProtector.Simulator.Host
	service.instance.id: c2f8297e-a893-491c-8415-d33e5ab48cbb
	telemetry.sdk.name: opentelemetry
	telemetry.sdk.language: dotnet
	telemetry.sdk.version: 1.10.0

Metric Name: natureprotector.simulator.runs
(2026-05-15T19:47:51.8691833Z, 2026-05-15T19:50:11.8502135Z] np.outcome: started LongSum
Value: 1
Instrumentation scope (Meter):
	Name: NatureProtector.Simulator.Host
Resource associated with Metric:
	service.name: NatureProtector.Simulator.Host
	service.instance.id: c2f8297e-a893-491c-8415-d33e5ab48cbb
	telemetry.sdk.name: opentelemetry
	telemetry.sdk.language: dotnet
	telemetry.sdk.version: 1.10.0
(2026-05-15T19:47:51.8691833Z, 2026-05-15T19:50:11.8502135Z] np.outcome: completed LongSum
Value: 1
Instrumentation scope (Meter):
	Name: NatureProtector.Simulator.Host
Resource associated with Metric:
	service.name: NatureProtector.Simulator.Host
	service.instance.id: c2f8297e-a893-491c-8415-d33e5ab48cbb
	telemetry.sdk.name: opentelemetry
	telemetry.sdk.language: dotnet
	telemetry.sdk.version: 1.10.0

Metric Name: natureprotector.simulator.run.duration, Unit: ms
(2026-05-15T19:47:51.8691934Z, 2026-05-15T19:50:11.8502141Z] np.outcome: completed Histogram
Value: Sum: 21581,8992 Count: 1 Min: 21581,8992 Max: 21581,8992 
(-Infinity,0]:0
(0,5]:0
(5,10]:0
(10,25]:0
(25,50]:0
(50,75]:0
(75,100]:0
(100,250]:0
(250,500]:0
(500,750]:0
(750,1000]:0
(1000,2500]:0
(2500,5000]:0
(5000,7500]:0
(7500,10000]:0
(10000,+Infinity]:1

Instrumentation scope (Meter):
	Name: NatureProtector.Simulator.Host
Resource associated with Metric:
	service.name: NatureProtector.Simulator.Host
	service.instance.id: c2f8297e-a893-491c-8415-d33e5ab48cbb
	telemetry.sdk.name: opentelemetry
	telemetry.sdk.language: dotnet
	telemetry.sdk.version: 1.10.0

Metric Name: natureprotector.simulator.publish.messages
(2026-05-15T19:47:51.8692005Z, 2026-05-15T19:50:11.8502145Z] LongSum
Value: 30
Instrumentation scope (Meter):
	Name: NatureProtector.Simulator.Host
Resource associated with Metric:
	service.name: NatureProtector.Simulator.Host
	service.instance.id: c2f8297e-a893-491c-8415-d33e5ab48cbb
	telemetry.sdk.name: opentelemetry
	telemetry.sdk.language: dotnet
	telemetry.sdk.version: 1.10.0

Metric Name: natureprotector.simulator.publish.batch.size
(2026-05-15T19:47:51.8696093Z, 2026-05-15T19:50:11.8502152Z] Histogram
Value: Sum: 30 Count: 5 Min: 6 Max: 6 
(-Infinity,0]:0
(0,5]:0
(5,10]:5
(10,25]:0
(25,50]:0
(50,75]:0
(75,100]:0
(100,250]:0
(250,500]:0
(500,750]:0
(750,1000]:0
(1000,2500]:0
(2500,5000]:0
(5000,7500]:0
(7500,10000]:0
(10000,+Infinity]:0

Instrumentation scope (Meter):
	Name: NatureProtector.Simulator.Host
Resource associated with Metric:
	service.name: NatureProtector.Simulator.Host
	service.instance.id: c2f8297e-a893-491c-8415-d33e5ab48cbb
	telemetry.sdk.name: opentelemetry
	telemetry.sdk.language: dotnet
	telemetry.sdk.version: 1.10.0

Metric Name: natureprotector.simulator.publish.duration, Unit: ms
(2026-05-15T19:47:51.8696249Z, 2026-05-15T19:50:11.8502158Z] Histogram
Value: Sum: 365,81870000000004 Count: 35 Min: 0,1017 Max: 143,0177 
(-Infinity,0]:0
(0,5]:29
(5,10]:0
(10,25]:2
(25,50]:2
(50,75]:0
(75,100]:0
(100,250]:2
(250,500]:0
(500,750]:0
(750,1000]:0
(1000,2500]:0
(2500,5000]:0
(5000,7500]:0
(7500,10000]:0
(10000,+Infinity]:0

Instrumentation scope (Meter):
	Name: NatureProtector.Simulator.Host
Resource associated with Metric:
	service.name: NatureProtector.Simulator.Host
	service.instance.id: c2f8297e-a893-491c-8415-d33e5ab48cbb
	telemetry.sdk.name: opentelemetry
	telemetry.sdk.language: dotnet
	telemetry.sdk.version: 1.10.0

Metric Name: dns.lookup.duration, Description: Measures the time taken to perform a DNS lookup., Unit: s
(2026-05-15T19:47:52.6473778Z, 2026-05-15T19:50:11.8502173Z] dns.question.name: localhost Histogram
Value: Sum: 0,0071665 Count: 2 Min: 0,0004012 Max: 0,0067653 
(-Infinity,0,005]:1
(0,005,0,01]:1
(0,01,0,025]:0
(0,025,0,05]:0
(0,05,0,075]:0
(0,075,0,1]:0
(0,1,0,25]:0
(0,25,0,5]:0
(0,5,0,75]:0
(0,75,1]:0
(1,2,5]:0
(2,5,5]:0
(5,7,5]:0
(7,5,10]:0
(10,+Infinity]:0

Instrumentation scope (Meter):
	Name: System.Net.NameResolution
Resource associated with Metric:
	service.name: NatureProtector.Simulator.Host
	service.instance.id: c2f8297e-a893-491c-8415-d33e5ab48cbb
	telemetry.sdk.name: opentelemetry
	telemetry.sdk.language: dotnet
	telemetry.sdk.version: 1.10.0

Metric Name: process.memory.usage, Description: The amount of physical memory in use., Unit: By
(2026-05-15T19:47:51.8479446Z, 2026-05-15T19:50:21.8546716Z] LongSumNonMonotonic
Value: 107216896
Instrumentation scope (Meter):
	Name: OpenTelemetry.Instrumentation.Process
	Version: 1.10.0-beta.1
Resource associated with Metric:
	service.name: NatureProtector.Simulator.Host
	service.instance.id: c2f8297e-a893-491c-8415-d33e5ab48cbb
	telemetry.sdk.name: opentelemetry
	telemetry.sdk.language: dotnet
	telemetry.sdk.version: 1.10.0

Metric Name: process.memory.virtual, Description: The amount of committed virtual memory., Unit: By
(2026-05-15T19:47:51.8489044Z, 2026-05-15T19:50:21.8546723Z] LongSumNonMonotonic
Value: 2480977854464
Instrumentation scope (Meter):
	Name: OpenTelemetry.Instrumentation.Process
	Version: 1.10.0-beta.1
Resource associated with Metric:
	service.name: NatureProtector.Simulator.Host
	service.instance.id: c2f8297e-a893-491c-8415-d33e5ab48cbb
	telemetry.sdk.name: opentelemetry
	telemetry.sdk.language: dotnet
	telemetry.sdk.version: 1.10.0

Metric Name: process.cpu.time, Description: Total CPU seconds broken down by different states., Unit: s
(2026-05-15T19:47:51.8490877Z, 2026-05-15T19:50:21.8546728Z] process.cpu.state: user DoubleSum
Value: 1.953125
Instrumentation scope (Meter):
	Name: OpenTelemetry.Instrumentation.Process
	Version: 1.10.0-beta.1
Resource associated with Metric:
	service.name: NatureProtector.Simulator.Host
	service.instance.id: c2f8297e-a893-491c-8415-d33e5ab48cbb
	telemetry.sdk.name: opentelemetry
	telemetry.sdk.language: dotnet
	telemetry.sdk.version: 1.10.0
(2026-05-15T19:47:51.8490877Z, 2026-05-15T19:50:21.8546728Z] process.cpu.state: system DoubleSum
Value: 0.578125
Instrumentation scope (Meter):
	Name: OpenTelemetry.Instrumentation.Process
	Version: 1.10.0-beta.1
Resource associated with Metric:
	service.name: NatureProtector.Simulator.Host
	service.instance.id: c2f8297e-a893-491c-8415-d33e5ab48cbb
	telemetry.sdk.name: opentelemetry
	telemetry.sdk.language: dotnet
	telemetry.sdk.version: 1.10.0

Metric Name: process.cpu.count, Description: The number of processors (CPU cores) available to the current process., Unit: {processors}
(2026-05-15T19:47:51.8491055Z, 2026-05-15T19:50:21.8546732Z] LongSumNonMonotonic
Value: 16
Instrumentation scope (Meter):
	Name: OpenTelemetry.Instrumentation.Process
	Version: 1.10.0-beta.1
Resource associated with Metric:
	service.name: NatureProtector.Simulator.Host
	service.instance.id: c2f8297e-a893-491c-8415-d33e5ab48cbb
	telemetry.sdk.name: opentelemetry
	telemetry.sdk.language: dotnet
	telemetry.sdk.version: 1.10.0

Metric Name: process.thread.count, Description: Process threads count., Unit: {thread}
(2026-05-15T19:47:51.8491189Z, 2026-05-15T19:50:21.8546734Z] LongSumNonMonotonic
Value: 14
Instrumentation scope (Meter):
	Name: OpenTelemetry.Instrumentation.Process
	Version: 1.10.0-beta.1
Resource associated with Metric:
	service.name: NatureProtector.Simulator.Host
	service.instance.id: c2f8297e-a893-491c-8415-d33e5ab48cbb
	telemetry.sdk.name: opentelemetry
	telemetry.sdk.language: dotnet
	telemetry.sdk.version: 1.10.0

Metric Name: dotnet.gc.collections, Description: The number of garbage collections that have occurred since the process has started., Unit: {collection}
(2026-05-15T19:47:51.8491273Z, 2026-05-15T19:50:21.8546738Z] gc.heap.generation: gen2 LongSum
Value: 1
Instrumentation scope (Meter):
	Name: System.Runtime
Resource associated with Metric:
	service.name: NatureProtector.Simulator.Host
	service.instance.id: c2f8297e-a893-491c-8415-d33e5ab48cbb
	telemetry.sdk.name: opentelemetry
	telemetry.sdk.language: dotnet
	telemetry.sdk.version: 1.10.0
(2026-05-15T19:47:51.8491273Z, 2026-05-15T19:50:21.8546738Z] gc.heap.generation: gen1 LongSum
Value: 1
Instrumentation scope (Meter):
	Name: System.Runtime
Resource associated with Metric:
	service.name: NatureProtector.Simulator.Host
	service.instance.id: c2f8297e-a893-491c-8415-d33e5ab48cbb
	telemetry.sdk.name: opentelemetry
	telemetry.sdk.language: dotnet
	telemetry.sdk.version: 1.10.0
(2026-05-15T19:47:51.8491273Z, 2026-05-15T19:50:21.8546738Z] gc.heap.generation: gen0 LongSum
Value: 2
Instrumentation scope (Meter):
	Name: System.Runtime
Resource associated with Metric:
	service.name: NatureProtector.Simulator.Host
	service.instance.id: c2f8297e-a893-491c-8415-d33e5ab48cbb
	telemetry.sdk.name: opentelemetry
	telemetry.sdk.language: dotnet
	telemetry.sdk.version: 1.10.0

Metric Name: dotnet.process.memory.working_set, Description: The number of bytes of physical memory mapped to the process context., Unit: By
(2026-05-15T19:47:51.8491348Z, 2026-05-15T19:50:21.8546739Z] LongSumNonMonotonic
Value: 106631168
Instrumentation scope (Meter):
	Name: System.Runtime
Resource associated with Metric:
	service.name: NatureProtector.Simulator.Host
	service.instance.id: c2f8297e-a893-491c-8415-d33e5ab48cbb
	telemetry.sdk.name: opentelemetry
	telemetry.sdk.language: dotnet
	telemetry.sdk.version: 1.10.0

Metric Name: dotnet.gc.heap.total_allocated, Description: The approximate number of bytes allocated on the managed GC heap since the process has started. The returned value does not include any native allocations., Unit: By
(2026-05-15T19:47:51.8497073Z, 2026-05-15T19:50:21.8546740Z] LongSum
Value: 41510528
Instrumentation scope (Meter):
	Name: System.Runtime
Resource associated with Metric:
	service.name: NatureProtector.Simulator.Host
	service.instance.id: c2f8297e-a893-491c-8415-d33e5ab48cbb
	telemetry.sdk.name: opentelemetry
	telemetry.sdk.language: dotnet
	telemetry.sdk.version: 1.10.0

Metric Name: dotnet.gc.last_collection.memory.committed_size, Description: The amount of committed virtual memory in use by the .NET GC, as observed during the latest garbage collection., Unit: By
(2026-05-15T19:47:51.8497164Z, 2026-05-15T19:50:21.8546742Z] LongSumNonMonotonic
Value: 20840448
Instrumentation scope (Meter):
	Name: System.Runtime
Resource associated with Metric:
	service.name: NatureProtector.Simulator.Host
	service.instance.id: c2f8297e-a893-491c-8415-d33e5ab48cbb
	telemetry.sdk.name: opentelemetry
	telemetry.sdk.language: dotnet
	telemetry.sdk.version: 1.10.0

Metric Name: dotnet.gc.last_collection.heap.size, Description: The managed GC heap size (including fragmentation), as observed during the latest garbage collection., Unit: By
(2026-05-15T19:47:51.8497237Z, 2026-05-15T19:50:21.8546743Z] gc.heap.generation: gen0 LongSumNonMonotonic
Value: 156040
Instrumentation scope (Meter):
	Name: System.Runtime
Resource associated with Metric:
	service.name: NatureProtector.Simulator.Host
	service.instance.id: c2f8297e-a893-491c-8415-d33e5ab48cbb
	telemetry.sdk.name: opentelemetry
	telemetry.sdk.language: dotnet
	telemetry.sdk.version: 1.10.0
(2026-05-15T19:47:51.8497237Z, 2026-05-15T19:50:21.8546743Z] gc.heap.generation: gen1 LongSumNonMonotonic
Value: 4144664
Instrumentation scope (Meter):
	Name: System.Runtime
Resource associated with Metric:
	service.name: NatureProtector.Simulator.Host
	service.instance.id: c2f8297e-a893-491c-8415-d33e5ab48cbb
	telemetry.sdk.name: opentelemetry
	telemetry.sdk.language: dotnet
	telemetry.sdk.version: 1.10.0
(2026-05-15T19:47:51.8497237Z, 2026-05-15T19:50:21.8546743Z] gc.heap.generation: gen2 LongSumNonMonotonic
Value: 915152
Instrumentation scope (Meter):
	Name: System.Runtime
Resource associated with Metric:
	service.name: NatureProtector.Simulator.Host
	service.instance.id: c2f8297e-a893-491c-8415-d33e5ab48cbb
	telemetry.sdk.name: opentelemetry
	telemetry.sdk.language: dotnet
	telemetry.sdk.version: 1.10.0
(2026-05-15T19:47:51.8497237Z, 2026-05-15T19:50:21.8546743Z] gc.heap.generation: loh LongSumNonMonotonic
Value: 6986640
Instrumentation scope (Meter):
	Name: System.Runtime
Resource associated with Metric:
	service.name: NatureProtector.Simulator.Host
	service.instance.id: c2f8297e-a893-491c-8415-d33e5ab48cbb
	telemetry.sdk.name: opentelemetry
	telemetry.sdk.language: dotnet
	telemetry.sdk.version: 1.10.0
(2026-05-15T19:47:51.8497237Z, 2026-05-15T19:50:21.8546743Z] gc.heap.generation: poh LongSumNonMonotonic
Value: 58240
Instrumentation scope (Meter):
	Name: System.Runtime
Resource associated with Metric:
	service.name: NatureProtector.Simulator.Host
	service.instance.id: c2f8297e-a893-491c-8415-d33e5ab48cbb
	telemetry.sdk.name: opentelemetry
	telemetry.sdk.language: dotnet
	telemetry.sdk.version: 1.10.0

Metric Name: dotnet.gc.last_collection.heap.fragmentation.size, Description: The heap fragmentation, as observed during the latest garbage collection., Unit: By
(2026-05-15T19:47:51.8497339Z, 2026-05-15T19:50:21.8546745Z] gc.heap.generation: gen0 LongSumNonMonotonic
Value: 147656
Instrumentation scope (Meter):
	Name: System.Runtime
Resource associated with Metric:
	service.name: NatureProtector.Simulator.Host
	service.instance.id: c2f8297e-a893-491c-8415-d33e5ab48cbb
	telemetry.sdk.name: opentelemetry
	telemetry.sdk.language: dotnet
	telemetry.sdk.version: 1.10.0
(2026-05-15T19:47:51.8497339Z, 2026-05-15T19:50:21.8546745Z] gc.heap.generation: gen1 LongSumNonMonotonic
Value: 68112
Instrumentation scope (Meter):
	Name: System.Runtime
Resource associated with Metric:
	service.name: NatureProtector.Simulator.Host
	service.instance.id: c2f8297e-a893-491c-8415-d33e5ab48cbb
	telemetry.sdk.name: opentelemetry
	telemetry.sdk.language: dotnet
	telemetry.sdk.version: 1.10.0
(2026-05-15T19:47:51.8497339Z, 2026-05-15T19:50:21.8546745Z] gc.heap.generation: gen2 LongSumNonMonotonic
Value: 0
Instrumentation scope (Meter):
	Name: System.Runtime
Resource associated with Metric:
	service.name: NatureProtector.Simulator.Host
	service.instance.id: c2f8297e-a893-491c-8415-d33e5ab48cbb
	telemetry.sdk.name: opentelemetry
	telemetry.sdk.language: dotnet
	telemetry.sdk.version: 1.10.0
(2026-05-15T19:47:51.8497339Z, 2026-05-15T19:50:21.8546745Z] gc.heap.generation: loh LongSumNonMonotonic
Value: 1120
Instrumentation scope (Meter):
	Name: System.Runtime
Resource associated with Metric:
	service.name: NatureProtector.Simulator.Host
	service.instance.id: c2f8297e-a893-491c-8415-d33e5ab48cbb
	telemetry.sdk.name: opentelemetry
	telemetry.sdk.language: dotnet
	telemetry.sdk.version: 1.10.0
(2026-05-15T19:47:51.8497339Z, 2026-05-15T19:50:21.8546745Z] gc.heap.generation: poh LongSumNonMonotonic
Value: 0
Instrumentation scope (Meter):
	Name: System.Runtime
Resource associated with Metric:
	service.name: NatureProtector.Simulator.Host
	service.instance.id: c2f8297e-a893-491c-8415-d33e5ab48cbb
	telemetry.sdk.name: opentelemetry
	telemetry.sdk.language: dotnet
	telemetry.sdk.version: 1.10.0

Metric Name: dotnet.gc.pause.time, Description: The total amount of time paused in GC since the process has started., Unit: s
(2026-05-15T19:47:51.8497421Z, 2026-05-15T19:50:21.8546746Z] DoubleSum
Value: 0.017602
Instrumentation scope (Meter):
	Name: System.Runtime
Resource associated with Metric:
	service.name: NatureProtector.Simulator.Host
	service.instance.id: c2f8297e-a893-491c-8415-d33e5ab48cbb
	telemetry.sdk.name: opentelemetry
	telemetry.sdk.language: dotnet
	telemetry.sdk.version: 1.10.0

Metric Name: dotnet.jit.compiled_il.size, Description: Count of bytes of intermediate language that have been compiled since the process has started., Unit: By
(2026-05-15T19:47:51.8497489Z, 2026-05-15T19:50:21.8546748Z] LongSum
Value: 1156808
Instrumentation scope (Meter):
	Name: System.Runtime
Resource associated with Metric:
	service.name: NatureProtector.Simulator.Host
	service.instance.id: c2f8297e-a893-491c-8415-d33e5ab48cbb
	telemetry.sdk.name: opentelemetry
	telemetry.sdk.language: dotnet
	telemetry.sdk.version: 1.10.0

Metric Name: dotnet.jit.compiled_methods, Description: The number of times the JIT compiler (re)compiled methods since the process has started., Unit: {method}
(2026-05-15T19:47:51.8497588Z, 2026-05-15T19:50:21.8546749Z] LongSum
Value: 14952
Instrumentation scope (Meter):
	Name: System.Runtime
Resource associated with Metric:
	service.name: NatureProtector.Simulator.Host
	service.instance.id: c2f8297e-a893-491c-8415-d33e5ab48cbb
	telemetry.sdk.name: opentelemetry
	telemetry.sdk.language: dotnet
	telemetry.sdk.version: 1.10.0

Metric Name: dotnet.jit.compilation.time, Description: The number of times the JIT compiler (re)compiled methods since the process has started., Unit: s
(2026-05-15T19:47:51.8497690Z, 2026-05-15T19:50:21.8546751Z] DoubleSum
Value: 1.5200984
Instrumentation scope (Meter):
	Name: System.Runtime
Resource associated with Metric:
	service.name: NatureProtector.Simulator.Host
	service.instance.id: c2f8297e-a893-491c-8415-d33e5ab48cbb
	telemetry.sdk.name: opentelemetry
	telemetry.sdk.language: dotnet
	telemetry.sdk.version: 1.10.0

Metric Name: dotnet.monitor.lock_contentions, Description: The number of times there was contention when trying to acquire a monitor lock since the process has started., Unit: {contention}
(2026-05-15T19:47:51.8497769Z, 2026-05-15T19:50:21.8546752Z] LongSum
Value: 34
Instrumentation scope (Meter):
	Name: System.Runtime
Resource associated with Metric:
	service.name: NatureProtector.Simulator.Host
	service.instance.id: c2f8297e-a893-491c-8415-d33e5ab48cbb
	telemetry.sdk.name: opentelemetry
	telemetry.sdk.language: dotnet
	telemetry.sdk.version: 1.10.0

Metric Name: dotnet.thread_pool.thread.count, Description: The number of thread pool threads that currently exist., Unit: {thread}
(2026-05-15T19:47:51.8497866Z, 2026-05-15T19:50:21.8546752Z] LongSum
Value: 2
Instrumentation scope (Meter):
	Name: System.Runtime
Resource associated with Metric:
	service.name: NatureProtector.Simulator.Host
	service.instance.id: c2f8297e-a893-491c-8415-d33e5ab48cbb
	telemetry.sdk.name: opentelemetry
	telemetry.sdk.language: dotnet
	telemetry.sdk.version: 1.10.0

Metric Name: dotnet.thread_pool.work_item.count, Description: The number of work items that the thread pool has completed since the process has started., Unit: {work_item}
(2026-05-15T19:47:51.8497935Z, 2026-05-15T19:50:21.8546754Z] LongSum
Value: 146
Instrumentation scope (Meter):
	Name: System.Runtime
Resource associated with Metric:
	service.name: NatureProtector.Simulator.Host
	service.instance.id: c2f8297e-a893-491c-8415-d33e5ab48cbb
	telemetry.sdk.name: opentelemetry
	telemetry.sdk.language: dotnet
	telemetry.sdk.version: 1.10.0

Metric Name: dotnet.thread_pool.queue.length, Description: The number of work items that are currently queued to be processed by the thread pool., Unit: {work_item}
(2026-05-15T19:47:51.8498023Z, 2026-05-15T19:50:21.8546756Z] LongSum
Value: 0
Instrumentation scope (Meter):
	Name: System.Runtime
Resource associated with Metric:
	service.name: NatureProtector.Simulator.Host
	service.instance.id: c2f8297e-a893-491c-8415-d33e5ab48cbb
	telemetry.sdk.name: opentelemetry
	telemetry.sdk.language: dotnet
	telemetry.sdk.version: 1.10.0

Metric Name: dotnet.timer.count, Description: The number of timer instances that are currently active. An active timer is registered to tick at some point in the future and has not yet been canceled., Unit: {timer}
(2026-05-15T19:47:51.8498160Z, 2026-05-15T19:50:21.8546757Z] LongSumNonMonotonic
Value: 4
Instrumentation scope (Meter):
	Name: System.Runtime
Resource associated with Metric:
	service.name: NatureProtector.Simulator.Host
	service.instance.id: c2f8297e-a893-491c-8415-d33e5ab48cbb
	telemetry.sdk.name: opentelemetry
	telemetry.sdk.language: dotnet
	telemetry.sdk.version: 1.10.0

Metric Name: dotnet.assembly.count, Description: The number of .NET assemblies that are currently loaded., Unit: {assembly}
(2026-05-15T19:47:51.8498242Z, 2026-05-15T19:50:21.8546759Z] LongSumNonMonotonic
Value: 105
Instrumentation scope (Meter):
	Name: System.Runtime
Resource associated with Metric:
	service.name: NatureProtector.Simulator.Host
	service.instance.id: c2f8297e-a893-491c-8415-d33e5ab48cbb
	telemetry.sdk.name: opentelemetry
	telemetry.sdk.language: dotnet
	telemetry.sdk.version: 1.10.0

Metric Name: dotnet.process.cpu.count, Description: The number of processors available to the process., Unit: {cpu}
(2026-05-15T19:47:51.8541883Z, 2026-05-15T19:50:21.8546767Z] LongSumNonMonotonic
Value: 16
Instrumentation scope (Meter):
	Name: System.Runtime
Resource associated with Metric:
	service.name: NatureProtector.Simulator.Host
	service.instance.id: c2f8297e-a893-491c-8415-d33e5ab48cbb
	telemetry.sdk.name: opentelemetry
	telemetry.sdk.language: dotnet
	telemetry.sdk.version: 1.10.0

Metric Name: dotnet.process.cpu.time, Description: CPU time used by the process., Unit: s
(2026-05-15T19:47:51.8542466Z, 2026-05-15T19:50:21.8546769Z] cpu.mode: user DoubleSum
Value: 1.953125
Instrumentation scope (Meter):
	Name: System.Runtime
Resource associated with Metric:
	service.name: NatureProtector.Simulator.Host
	service.instance.id: c2f8297e-a893-491c-8415-d33e5ab48cbb
	telemetry.sdk.name: opentelemetry
	telemetry.sdk.language: dotnet
	telemetry.sdk.version: 1.10.0
(2026-05-15T19:47:51.8542466Z, 2026-05-15T19:50:21.8546769Z] cpu.mode: system DoubleSum
Value: 0.59375
Instrumentation scope (Meter):
	Name: System.Runtime
Resource associated with Metric:
	service.name: NatureProtector.Simulator.Host
	service.instance.id: c2f8297e-a893-491c-8415-d33e5ab48cbb
	telemetry.sdk.name: opentelemetry
	telemetry.sdk.language: dotnet
	telemetry.sdk.version: 1.10.0

Metric Name: natureprotector.simulator.context.creations
(2026-05-15T19:47:51.8686992Z, 2026-05-15T19:50:21.8546772Z] LongSum
Value: 1
Instrumentation scope (Meter):
	Name: NatureProtector.Simulator.Host
Resource associated with Metric:
	service.name: NatureProtector.Simulator.Host
	service.instance.id: c2f8297e-a893-491c-8415-d33e5ab48cbb
	telemetry.sdk.name: opentelemetry
	telemetry.sdk.language: dotnet
	telemetry.sdk.version: 1.10.0

Metric Name: natureprotector.simulator.context.creation.duration, Unit: ms
(2026-05-15T19:47:51.8691666Z, 2026-05-15T19:50:21.8546779Z] Histogram
Value: Sum: 1071,7155 Count: 1 Min: 1071,7155 Max: 1071,7155 
(-Infinity,0]:0
(0,5]:0
(5,10]:0
(10,25]:0
(25,50]:0
(50,75]:0
(75,100]:0
(100,250]:0
(250,500]:0
(500,750]:0
(750,1000]:0
(1000,2500]:1
(2500,5000]:0
(5000,7500]:0
(7500,10000]:0
(10000,+Infinity]:0

Instrumentation scope (Meter):
	Name: NatureProtector.Simulator.Host
Resource associated with Metric:
	service.name: NatureProtector.Simulator.Host
	service.instance.id: c2f8297e-a893-491c-8415-d33e5ab48cbb
	telemetry.sdk.name: opentelemetry
	telemetry.sdk.language: dotnet
	telemetry.sdk.version: 1.10.0

Metric Name: natureprotector.simulator.runs
(2026-05-15T19:47:51.8691833Z, 2026-05-15T19:50:21.8546782Z] np.outcome: started LongSum
Value: 1
Instrumentation scope (Meter):
	Name: NatureProtector.Simulator.Host
Resource associated with Metric:
	service.name: NatureProtector.Simulator.Host
	service.instance.id: c2f8297e-a893-491c-8415-d33e5ab48cbb
	telemetry.sdk.name: opentelemetry
	telemetry.sdk.language: dotnet
	telemetry.sdk.version: 1.10.0
(2026-05-15T19:47:51.8691833Z, 2026-05-15T19:50:21.8546782Z] np.outcome: completed LongSum
Value: 1
Instrumentation scope (Meter):
	Name: NatureProtector.Simulator.Host
Resource associated with Metric:
	service.name: NatureProtector.Simulator.Host
	service.instance.id: c2f8297e-a893-491c-8415-d33e5ab48cbb
	telemetry.sdk.name: opentelemetry
	telemetry.sdk.language: dotnet
	telemetry.sdk.version: 1.10.0

Metric Name: natureprotector.simulator.run.duration, Unit: ms
(2026-05-15T19:47:51.8691934Z, 2026-05-15T19:50:21.8546788Z] np.outcome: completed Histogram
Value: Sum: 21581,8992 Count: 1 Min: 21581,8992 Max: 21581,8992 
(-Infinity,0]:0
(0,5]:0
(5,10]:0
(10,25]:0
(25,50]:0
(50,75]:0
(75,100]:0
(100,250]:0
(250,500]:0
(500,750]:0
(750,1000]:0
(1000,2500]:0
(2500,5000]:0
(5000,7500]:0
(7500,10000]:0
(10000,+Infinity]:1

Instrumentation scope (Meter):
	Name: NatureProtector.Simulator.Host
Resource associated with Metric:
	service.name: NatureProtector.Simulator.Host
	service.instance.id: c2f8297e-a893-491c-8415-d33e5ab48cbb
	telemetry.sdk.name: opentelemetry
	telemetry.sdk.language: dotnet
	telemetry.sdk.version: 1.10.0

Metric Name: natureprotector.simulator.publish.messages
(2026-05-15T19:47:51.8692005Z, 2026-05-15T19:50:21.8546791Z] LongSum
Value: 30
Instrumentation scope (Meter):
	Name: NatureProtector.Simulator.Host
Resource associated with Metric:
	service.name: NatureProtector.Simulator.Host
	service.instance.id: c2f8297e-a893-491c-8415-d33e5ab48cbb
	telemetry.sdk.name: opentelemetry
	telemetry.sdk.language: dotnet
	telemetry.sdk.version: 1.10.0

Metric Name: natureprotector.simulator.publish.batch.size
(2026-05-15T19:47:51.8696093Z, 2026-05-15T19:50:21.8546797Z] Histogram
Value: Sum: 30 Count: 5 Min: 6 Max: 6 
(-Infinity,0]:0
(0,5]:0
(5,10]:5
(10,25]:0
(25,50]:0
(50,75]:0
(75,100]:0
(100,250]:0
(250,500]:0
(500,750]:0
(750,1000]:0
(1000,2500]:0
(2500,5000]:0
(5000,7500]:0
(7500,10000]:0
(10000,+Infinity]:0

Instrumentation scope (Meter):
	Name: NatureProtector.Simulator.Host
Resource associated with Metric:
	service.name: NatureProtector.Simulator.Host
	service.instance.id: c2f8297e-a893-491c-8415-d33e5ab48cbb
	telemetry.sdk.name: opentelemetry
	telemetry.sdk.language: dotnet
	telemetry.sdk.version: 1.10.0

Metric Name: natureprotector.simulator.publish.duration, Unit: ms
(2026-05-15T19:47:51.8696249Z, 2026-05-15T19:50:21.8546801Z] Histogram
Value: Sum: 365,81870000000004 Count: 35 Min: 0,1017 Max: 143,0177 
(-Infinity,0]:0
(0,5]:29
(5,10]:0
(10,25]:2
(25,50]:2
(50,75]:0
(75,100]:0
(100,250]:2
(250,500]:0
(500,750]:0
(750,1000]:0
(1000,2500]:0
(2500,5000]:0
(5000,7500]:0
(7500,10000]:0
(10000,+Infinity]:0

Instrumentation scope (Meter):
	Name: NatureProtector.Simulator.Host
Resource associated with Metric:
	service.name: NatureProtector.Simulator.Host
	service.instance.id: c2f8297e-a893-491c-8415-d33e5ab48cbb
	telemetry.sdk.name: opentelemetry
	telemetry.sdk.language: dotnet
	telemetry.sdk.version: 1.10.0

Metric Name: dns.lookup.duration, Description: Measures the time taken to perform a DNS lookup., Unit: s
(2026-05-15T19:47:52.6473778Z, 2026-05-15T19:50:21.8546808Z] dns.question.name: localhost Histogram
Value: Sum: 0,0071665 Count: 2 Min: 0,0004012 Max: 0,0067653 
(-Infinity,0,005]:1
(0,005,0,01]:1
(0,01,0,025]:0
(0,025,0,05]:0
(0,05,0,075]:0
(0,075,0,1]:0
(0,1,0,25]:0
(0,25,0,5]:0
(0,5,0,75]:0
(0,75,1]:0
(1,2,5]:0
(2,5,5]:0
(5,7,5]:0
(7,5,10]:0
(10,+Infinity]:0

Instrumentation scope (Meter):
	Name: System.Net.NameResolution
Resource associated with Metric:
	service.name: NatureProtector.Simulator.Host
	service.instance.id: c2f8297e-a893-491c-8415-d33e5ab48cbb
	telemetry.sdk.name: opentelemetry
	telemetry.sdk.language: dotnet
	telemetry.sdk.version: 1.10.0

Metric Name: process.memory.usage, Description: The amount of physical memory in use., Unit: By
(2026-05-15T19:47:51.8479446Z, 2026-05-15T19:50:31.8514839Z] LongSumNonMonotonic
Value: 107503616
Instrumentation scope (Meter):
	Name: OpenTelemetry.Instrumentation.Process
	Version: 1.10.0-beta.1
Resource associated with Metric:
	service.name: NatureProtector.Simulator.Host
	service.instance.id: c2f8297e-a893-491c-8415-d33e5ab48cbb
	telemetry.sdk.name: opentelemetry
	telemetry.sdk.language: dotnet
	telemetry.sdk.version: 1.10.0

Metric Name: process.memory.virtual, Description: The amount of committed virtual memory., Unit: By
(2026-05-15T19:47:51.8489044Z, 2026-05-15T19:50:31.8514846Z] LongSumNonMonotonic
Value: 2480977920000
Instrumentation scope (Meter):
	Name: OpenTelemetry.Instrumentation.Process
	Version: 1.10.0-beta.1
Resource associated with Metric:
	service.name: NatureProtector.Simulator.Host
	service.instance.id: c2f8297e-a893-491c-8415-d33e5ab48cbb
	telemetry.sdk.name: opentelemetry
	telemetry.sdk.language: dotnet
	telemetry.sdk.version: 1.10.0

Metric Name: process.cpu.time, Description: Total CPU seconds broken down by different states., Unit: s
(2026-05-15T19:47:51.8490877Z, 2026-05-15T19:50:31.8514852Z] process.cpu.state: user DoubleSum
Value: 1.96875
Instrumentation scope (Meter):
	Name: OpenTelemetry.Instrumentation.Process
	Version: 1.10.0-beta.1
Resource associated with Metric:
	service.name: NatureProtector.Simulator.Host
	service.instance.id: c2f8297e-a893-491c-8415-d33e5ab48cbb
	telemetry.sdk.name: opentelemetry
	telemetry.sdk.language: dotnet
	telemetry.sdk.version: 1.10.0
(2026-05-15T19:47:51.8490877Z, 2026-05-15T19:50:31.8514852Z] process.cpu.state: system DoubleSum
Value: 0.609375
Instrumentation scope (Meter):
	Name: OpenTelemetry.Instrumentation.Process
	Version: 1.10.0-beta.1
Resource associated with Metric:
	service.name: NatureProtector.Simulator.Host
	service.instance.id: c2f8297e-a893-491c-8415-d33e5ab48cbb
	telemetry.sdk.name: opentelemetry
	telemetry.sdk.language: dotnet
	telemetry.sdk.version: 1.10.0

Metric Name: process.cpu.count, Description: The number of processors (CPU cores) available to the current process., Unit: {processors}
(2026-05-15T19:47:51.8491055Z, 2026-05-15T19:50:31.8514857Z] LongSumNonMonotonic
Value: 16
Instrumentation scope (Meter):
	Name: OpenTelemetry.Instrumentation.Process
	Version: 1.10.0-beta.1
Resource associated with Metric:
	service.name: NatureProtector.Simulator.Host
	service.instance.id: c2f8297e-a893-491c-8415-d33e5ab48cbb
	telemetry.sdk.name: opentelemetry
	telemetry.sdk.language: dotnet
	telemetry.sdk.version: 1.10.0

Metric Name: process.thread.count, Description: Process threads count., Unit: {thread}
(2026-05-15T19:47:51.8491189Z, 2026-05-15T19:50:31.8514859Z] LongSumNonMonotonic
Value: 14
Instrumentation scope (Meter):
	Name: OpenTelemetry.Instrumentation.Process
	Version: 1.10.0-beta.1
Resource associated with Metric:
	service.name: NatureProtector.Simulator.Host
	service.instance.id: c2f8297e-a893-491c-8415-d33e5ab48cbb
	telemetry.sdk.name: opentelemetry
	telemetry.sdk.language: dotnet
	telemetry.sdk.version: 1.10.0

Metric Name: dotnet.gc.collections, Description: The number of garbage collections that have occurred since the process has started., Unit: {collection}
(2026-05-15T19:47:51.8491273Z, 2026-05-15T19:50:31.8514861Z] gc.heap.generation: gen2 LongSum
Value: 1
Instrumentation scope (Meter):
	Name: System.Runtime
Resource associated with Metric:
	service.name: NatureProtector.Simulator.Host
	service.instance.id: c2f8297e-a893-491c-8415-d33e5ab48cbb
	telemetry.sdk.name: opentelemetry
	telemetry.sdk.language: dotnet
	telemetry.sdk.version: 1.10.0
(2026-05-15T19:47:51.8491273Z, 2026-05-15T19:50:31.8514861Z] gc.heap.generation: gen1 LongSum
Value: 1
Instrumentation scope (Meter):
	Name: System.Runtime
Resource associated with Metric:
	service.name: NatureProtector.Simulator.Host
	service.instance.id: c2f8297e-a893-491c-8415-d33e5ab48cbb
	telemetry.sdk.name: opentelemetry
	telemetry.sdk.language: dotnet
	telemetry.sdk.version: 1.10.0
(2026-05-15T19:47:51.8491273Z, 2026-05-15T19:50:31.8514861Z] gc.heap.generation: gen0 LongSum
Value: 2
Instrumentation scope (Meter):
	Name: System.Runtime
Resource associated with Metric:
	service.name: NatureProtector.Simulator.Host
	service.instance.id: c2f8297e-a893-491c-8415-d33e5ab48cbb
	telemetry.sdk.name: opentelemetry
	telemetry.sdk.language: dotnet
	telemetry.sdk.version: 1.10.0

Metric Name: dotnet.process.memory.working_set, Description: The number of bytes of physical memory mapped to the process context., Unit: By
(2026-05-15T19:47:51.8491348Z, 2026-05-15T19:50:31.8514862Z] LongSumNonMonotonic
Value: 106864640
Instrumentation scope (Meter):
	Name: System.Runtime
Resource associated with Metric:
	service.name: NatureProtector.Simulator.Host
	service.instance.id: c2f8297e-a893-491c-8415-d33e5ab48cbb
	telemetry.sdk.name: opentelemetry
	telemetry.sdk.language: dotnet
	telemetry.sdk.version: 1.10.0

Metric Name: dotnet.gc.heap.total_allocated, Description: The approximate number of bytes allocated on the managed GC heap since the process has started. The returned value does not include any native allocations., Unit: By
(2026-05-15T19:47:51.8497073Z, 2026-05-15T19:50:31.8514869Z] LongSum
Value: 41674528
Instrumentation scope (Meter):
	Name: System.Runtime
Resource associated with Metric:
	service.name: NatureProtector.Simulator.Host
	service.instance.id: c2f8297e-a893-491c-8415-d33e5ab48cbb
	telemetry.sdk.name: opentelemetry
	telemetry.sdk.language: dotnet
	telemetry.sdk.version: 1.10.0

Metric Name: dotnet.gc.last_collection.memory.committed_size, Description: The amount of committed virtual memory in use by the .NET GC, as observed during the latest garbage collection., Unit: By
(2026-05-15T19:47:51.8497164Z, 2026-05-15T19:50:31.8514871Z] LongSumNonMonotonic
Value: 20840448
Instrumentation scope (Meter):
	Name: System.Runtime
Resource associated with Metric:
	service.name: NatureProtector.Simulator.Host
	service.instance.id: c2f8297e-a893-491c-8415-d33e5ab48cbb
	telemetry.sdk.name: opentelemetry
	telemetry.sdk.language: dotnet
	telemetry.sdk.version: 1.10.0

Metric Name: dotnet.gc.last_collection.heap.size, Description: The managed GC heap size (including fragmentation), as observed during the latest garbage collection., Unit: By
(2026-05-15T19:47:51.8497237Z, 2026-05-15T19:50:31.8514873Z] gc.heap.generation: gen0 LongSumNonMonotonic
Value: 156040
Instrumentation scope (Meter):
	Name: System.Runtime
Resource associated with Metric:
	service.name: NatureProtector.Simulator.Host
	service.instance.id: c2f8297e-a893-491c-8415-d33e5ab48cbb
	telemetry.sdk.name: opentelemetry
	telemetry.sdk.language: dotnet
	telemetry.sdk.version: 1.10.0
(2026-05-15T19:47:51.8497237Z, 2026-05-15T19:50:31.8514873Z] gc.heap.generation: gen1 LongSumNonMonotonic
Value: 4144664
Instrumentation scope (Meter):
	Name: System.Runtime
Resource associated with Metric:
	service.name: NatureProtector.Simulator.Host
	service.instance.id: c2f8297e-a893-491c-8415-d33e5ab48cbb
	telemetry.sdk.name: opentelemetry
	telemetry.sdk.language: dotnet
	telemetry.sdk.version: 1.10.0
(2026-05-15T19:47:51.8497237Z, 2026-05-15T19:50:31.8514873Z] gc.heap.generation: gen2 LongSumNonMonotonic
Value: 915152
Instrumentation scope (Meter):
	Name: System.Runtime
Resource associated with Metric:
	service.name: NatureProtector.Simulator.Host
	service.instance.id: c2f8297e-a893-491c-8415-d33e5ab48cbb
	telemetry.sdk.name: opentelemetry
	telemetry.sdk.language: dotnet
	telemetry.sdk.version: 1.10.0
(2026-05-15T19:47:51.8497237Z, 2026-05-15T19:50:31.8514873Z] gc.heap.generation: loh LongSumNonMonotonic
Value: 6986640
Instrumentation scope (Meter):
	Name: System.Runtime
Resource associated with Metric:
	service.name: NatureProtector.Simulator.Host
	service.instance.id: c2f8297e-a893-491c-8415-d33e5ab48cbb
	telemetry.sdk.name: opentelemetry
	telemetry.sdk.language: dotnet
	telemetry.sdk.version: 1.10.0
(2026-05-15T19:47:51.8497237Z, 2026-05-15T19:50:31.8514873Z] gc.heap.generation: poh LongSumNonMonotonic
Value: 58240
Instrumentation scope (Meter):
	Name: System.Runtime
Resource associated with Metric:
	service.name: NatureProtector.Simulator.Host
	service.instance.id: c2f8297e-a893-491c-8415-d33e5ab48cbb
	telemetry.sdk.name: opentelemetry
	telemetry.sdk.language: dotnet
	telemetry.sdk.version: 1.10.0

Metric Name: dotnet.gc.last_collection.heap.fragmentation.size, Description: The heap fragmentation, as observed during the latest garbage collection., Unit: By
(2026-05-15T19:47:51.8497339Z, 2026-05-15T19:50:31.8514875Z] gc.heap.generation: gen0 LongSumNonMonotonic
Value: 147656
Instrumentation scope (Meter):
	Name: System.Runtime
Resource associated with Metric:
	service.name: NatureProtector.Simulator.Host
	service.instance.id: c2f8297e-a893-491c-8415-d33e5ab48cbb
	telemetry.sdk.name: opentelemetry
	telemetry.sdk.language: dotnet
	telemetry.sdk.version: 1.10.0
(2026-05-15T19:47:51.8497339Z, 2026-05-15T19:50:31.8514875Z] gc.heap.generation: gen1 LongSumNonMonotonic
Value: 68112
Instrumentation scope (Meter):
	Name: System.Runtime
Resource associated with Metric:
	service.name: NatureProtector.Simulator.Host
	service.instance.id: c2f8297e-a893-491c-8415-d33e5ab48cbb
	telemetry.sdk.name: opentelemetry
	telemetry.sdk.language: dotnet
	telemetry.sdk.version: 1.10.0
(2026-05-15T19:47:51.8497339Z, 2026-05-15T19:50:31.8514875Z] gc.heap.generation: gen2 LongSumNonMonotonic
Value: 0
Instrumentation scope (Meter):
	Name: System.Runtime
Resource associated with Metric:
	service.name: NatureProtector.Simulator.Host
	service.instance.id: c2f8297e-a893-491c-8415-d33e5ab48cbb
	telemetry.sdk.name: opentelemetry
	telemetry.sdk.language: dotnet
	telemetry.sdk.version: 1.10.0
(2026-05-15T19:47:51.8497339Z, 2026-05-15T19:50:31.8514875Z] gc.heap.generation: loh LongSumNonMonotonic
Value: 1120
Instrumentation scope (Meter):
	Name: System.Runtime
Resource associated with Metric:
	service.name: NatureProtector.Simulator.Host
	service.instance.id: c2f8297e-a893-491c-8415-d33e5ab48cbb
	telemetry.sdk.name: opentelemetry
	telemetry.sdk.language: dotnet
	telemetry.sdk.version: 1.10.0
(2026-05-15T19:47:51.8497339Z, 2026-05-15T19:50:31.8514875Z] gc.heap.generation: poh LongSumNonMonotonic
Value: 0
Instrumentation scope (Meter):
	Name: System.Runtime
Resource associated with Metric:
	service.name: NatureProtector.Simulator.Host
	service.instance.id: c2f8297e-a893-491c-8415-d33e5ab48cbb
	telemetry.sdk.name: opentelemetry
	telemetry.sdk.language: dotnet
	telemetry.sdk.version: 1.10.0

Metric Name: dotnet.gc.pause.time, Description: The total amount of time paused in GC since the process has started., Unit: s
(2026-05-15T19:47:51.8497421Z, 2026-05-15T19:50:31.8514877Z] DoubleSum
Value: 0.017602
Instrumentation scope (Meter):
	Name: System.Runtime
Resource associated with Metric:
	service.name: NatureProtector.Simulator.Host
	service.instance.id: c2f8297e-a893-491c-8415-d33e5ab48cbb
	telemetry.sdk.name: opentelemetry
	telemetry.sdk.language: dotnet
	telemetry.sdk.version: 1.10.0

Metric Name: dotnet.jit.compiled_il.size, Description: Count of bytes of intermediate language that have been compiled since the process has started., Unit: By
(2026-05-15T19:47:51.8497489Z, 2026-05-15T19:50:31.8514878Z] LongSum
Value: 1160174
Instrumentation scope (Meter):
	Name: System.Runtime
Resource associated with Metric:
	service.name: NatureProtector.Simulator.Host
	service.instance.id: c2f8297e-a893-491c-8415-d33e5ab48cbb
	telemetry.sdk.name: opentelemetry
	telemetry.sdk.language: dotnet
	telemetry.sdk.version: 1.10.0

Metric Name: dotnet.jit.compiled_methods, Description: The number of times the JIT compiler (re)compiled methods since the process has started., Unit: {method}
(2026-05-15T19:47:51.8497588Z, 2026-05-15T19:50:31.8514881Z] LongSum
Value: 14987
Instrumentation scope (Meter):
	Name: System.Runtime
Resource associated with Metric:
	service.name: NatureProtector.Simulator.Host
	service.instance.id: c2f8297e-a893-491c-8415-d33e5ab48cbb
	telemetry.sdk.name: opentelemetry
	telemetry.sdk.language: dotnet
	telemetry.sdk.version: 1.10.0

Metric Name: dotnet.jit.compilation.time, Description: The number of times the JIT compiler (re)compiled methods since the process has started., Unit: s
(2026-05-15T19:47:51.8497690Z, 2026-05-15T19:50:31.8514883Z] DoubleSum
Value: 1.5308962
Instrumentation scope (Meter):
	Name: System.Runtime
Resource associated with Metric:
	service.name: NatureProtector.Simulator.Host
	service.instance.id: c2f8297e-a893-491c-8415-d33e5ab48cbb
	telemetry.sdk.name: opentelemetry
	telemetry.sdk.language: dotnet
	telemetry.sdk.version: 1.10.0

Metric Name: dotnet.monitor.lock_contentions, Description: The number of times there was contention when trying to acquire a monitor lock since the process has started., Unit: {contention}
(2026-05-15T19:47:51.8497769Z, 2026-05-15T19:50:31.8514884Z] LongSum
Value: 34
Instrumentation scope (Meter):
	Name: System.Runtime
Resource associated with Metric:
	service.name: NatureProtector.Simulator.Host
	service.instance.id: c2f8297e-a893-491c-8415-d33e5ab48cbb
	telemetry.sdk.name: opentelemetry
	telemetry.sdk.language: dotnet
	telemetry.sdk.version: 1.10.0

Metric Name: dotnet.thread_pool.thread.count, Description: The number of thread pool threads that currently exist., Unit: {thread}
(2026-05-15T19:47:51.8497866Z, 2026-05-15T19:50:31.8514885Z] LongSum
Value: 2
Instrumentation scope (Meter):
	Name: System.Runtime
Resource associated with Metric:
	service.name: NatureProtector.Simulator.Host
	service.instance.id: c2f8297e-a893-491c-8415-d33e5ab48cbb
	telemetry.sdk.name: opentelemetry
	telemetry.sdk.language: dotnet
	telemetry.sdk.version: 1.10.0

Metric Name: dotnet.thread_pool.work_item.count, Description: The number of work items that the thread pool has completed since the process has started., Unit: {work_item}
(2026-05-15T19:47:51.8497935Z, 2026-05-15T19:50:31.8514886Z] LongSum
Value: 150
Instrumentation scope (Meter):
	Name: System.Runtime
Resource associated with Metric:
	service.name: NatureProtector.Simulator.Host
	service.instance.id: c2f8297e-a893-491c-8415-d33e5ab48cbb
	telemetry.sdk.name: opentelemetry
	telemetry.sdk.language: dotnet
	telemetry.sdk.version: 1.10.0

Metric Name: dotnet.thread_pool.queue.length, Description: The number of work items that are currently queued to be processed by the thread pool., Unit: {work_item}
(2026-05-15T19:47:51.8498023Z, 2026-05-15T19:50:31.8514888Z] LongSum
Value: 0
Instrumentation scope (Meter):
	Name: System.Runtime
Resource associated with Metric:
	service.name: NatureProtector.Simulator.Host
	service.instance.id: c2f8297e-a893-491c-8415-d33e5ab48cbb
	telemetry.sdk.name: opentelemetry
	telemetry.sdk.language: dotnet
	telemetry.sdk.version: 1.10.0

Metric Name: dotnet.timer.count, Description: The number of timer instances that are currently active. An active timer is registered to tick at some point in the future and has not yet been canceled., Unit: {timer}
(2026-05-15T19:47:51.8498160Z, 2026-05-15T19:50:31.8514889Z] LongSumNonMonotonic
Value: 4
Instrumentation scope (Meter):
	Name: System.Runtime
Resource associated with Metric:
	service.name: NatureProtector.Simulator.Host
	service.instance.id: c2f8297e-a893-491c-8415-d33e5ab48cbb
	telemetry.sdk.name: opentelemetry
	telemetry.sdk.language: dotnet
	telemetry.sdk.version: 1.10.0

Metric Name: dotnet.assembly.count, Description: The number of .NET assemblies that are currently loaded., Unit: {assembly}
(2026-05-15T19:47:51.8498242Z, 2026-05-15T19:50:31.8514891Z] LongSumNonMonotonic
Value: 105
Instrumentation scope (Meter):
	Name: System.Runtime
Resource associated with Metric:
	service.name: NatureProtector.Simulator.Host
	service.instance.id: c2f8297e-a893-491c-8415-d33e5ab48cbb
	telemetry.sdk.name: opentelemetry
	telemetry.sdk.language: dotnet
	telemetry.sdk.version: 1.10.0

Metric Name: dotnet.process.cpu.count, Description: The number of processors available to the process., Unit: {cpu}
(2026-05-15T19:47:51.8541883Z, 2026-05-15T19:50:31.8514895Z] LongSumNonMonotonic
Value: 16
Instrumentation scope (Meter):
	Name: System.Runtime
Resource associated with Metric:
	service.name: NatureProtector.Simulator.Host
	service.instance.id: c2f8297e-a893-491c-8415-d33e5ab48cbb
	telemetry.sdk.name: opentelemetry
	telemetry.sdk.language: dotnet
	telemetry.sdk.version: 1.10.0

Metric Name: dotnet.process.cpu.time, Description: CPU time used by the process., Unit: s
(2026-05-15T19:47:51.8542466Z, 2026-05-15T19:50:31.8514896Z] cpu.mode: user DoubleSum
Value: 1.96875
Instrumentation scope (Meter):
	Name: System.Runtime
Resource associated with Metric:
	service.name: NatureProtector.Simulator.Host
	service.instance.id: c2f8297e-a893-491c-8415-d33e5ab48cbb
	telemetry.sdk.name: opentelemetry
	telemetry.sdk.language: dotnet
	telemetry.sdk.version: 1.10.0
(2026-05-15T19:47:51.8542466Z, 2026-05-15T19:50:31.8514896Z] cpu.mode: system DoubleSum
Value: 0.609375
Instrumentation scope (Meter):
	Name: System.Runtime
Resource associated with Metric:
	service.name: NatureProtector.Simulator.Host
	service.instance.id: c2f8297e-a893-491c-8415-d33e5ab48cbb
	telemetry.sdk.name: opentelemetry
	telemetry.sdk.language: dotnet
	telemetry.sdk.version: 1.10.0

Metric Name: natureprotector.simulator.context.creations
(2026-05-15T19:47:51.8686992Z, 2026-05-15T19:50:31.8514899Z] LongSum
Value: 1
Instrumentation scope (Meter):
	Name: NatureProtector.Simulator.Host
Resource associated with Metric:
	service.name: NatureProtector.Simulator.Host
	service.instance.id: c2f8297e-a893-491c-8415-d33e5ab48cbb
	telemetry.sdk.name: opentelemetry
	telemetry.sdk.language: dotnet
	telemetry.sdk.version: 1.10.0

Metric Name: natureprotector.simulator.context.creation.duration, Unit: ms
(2026-05-15T19:47:51.8691666Z, 2026-05-15T19:50:31.8514905Z] Histogram
Value: Sum: 1071,7155 Count: 1 Min: 1071,7155 Max: 1071,7155 
(-Infinity,0]:0
(0,5]:0
(5,10]:0
(10,25]:0
(25,50]:0
(50,75]:0
(75,100]:0
(100,250]:0
(250,500]:0
(500,750]:0
(750,1000]:0
(1000,2500]:1
(2500,5000]:0
(5000,7500]:0
(7500,10000]:0
(10000,+Infinity]:0

Instrumentation scope (Meter):
	Name: NatureProtector.Simulator.Host
Resource associated with Metric:
	service.name: NatureProtector.Simulator.Host
	service.instance.id: c2f8297e-a893-491c-8415-d33e5ab48cbb
	telemetry.sdk.name: opentelemetry
	telemetry.sdk.language: dotnet
	telemetry.sdk.version: 1.10.0

Metric Name: natureprotector.simulator.runs
(2026-05-15T19:47:51.8691833Z, 2026-05-15T19:50:31.8514908Z] np.outcome: started LongSum
Value: 1
Instrumentation scope (Meter):
	Name: NatureProtector.Simulator.Host
Resource associated with Metric:
	service.name: NatureProtector.Simulator.Host
	service.instance.id: c2f8297e-a893-491c-8415-d33e5ab48cbb
	telemetry.sdk.name: opentelemetry
	telemetry.sdk.language: dotnet
	telemetry.sdk.version: 1.10.0
(2026-05-15T19:47:51.8691833Z, 2026-05-15T19:50:31.8514908Z] np.outcome: completed LongSum
Value: 1
Instrumentation scope (Meter):
	Name: NatureProtector.Simulator.Host
Resource associated with Metric:
	service.name: NatureProtector.Simulator.Host
	service.instance.id: c2f8297e-a893-491c-8415-d33e5ab48cbb
	telemetry.sdk.name: opentelemetry
	telemetry.sdk.language: dotnet
	telemetry.sdk.version: 1.10.0

Metric Name: natureprotector.simulator.run.duration, Unit: ms
(2026-05-15T19:47:51.8691934Z, 2026-05-15T19:50:31.8514914Z] np.outcome: completed Histogram
Value: Sum: 21581,8992 Count: 1 Min: 21581,8992 Max: 21581,8992 
(-Infinity,0]:0
(0,5]:0
(5,10]:0
(10,25]:0
(25,50]:0
(50,75]:0
(75,100]:0
(100,250]:0
(250,500]:0
(500,750]:0
(750,1000]:0
(1000,2500]:0
(2500,5000]:0
(5000,7500]:0
(7500,10000]:0
(10000,+Infinity]:1

Instrumentation scope (Meter):
	Name: NatureProtector.Simulator.Host
Resource associated with Metric:
	service.name: NatureProtector.Simulator.Host
	service.instance.id: c2f8297e-a893-491c-8415-d33e5ab48cbb
	telemetry.sdk.name: opentelemetry
	telemetry.sdk.language: dotnet
	telemetry.sdk.version: 1.10.0

Metric Name: natureprotector.simulator.publish.messages
(2026-05-15T19:47:51.8692005Z, 2026-05-15T19:50:31.8514918Z] LongSum
Value: 30
Instrumentation scope (Meter):
	Name: NatureProtector.Simulator.Host
Resource associated with Metric:
	service.name: NatureProtector.Simulator.Host
	service.instance.id: c2f8297e-a893-491c-8415-d33e5ab48cbb
	telemetry.sdk.name: opentelemetry
	telemetry.sdk.language: dotnet
	telemetry.sdk.version: 1.10.0

Metric Name: natureprotector.simulator.publish.batch.size
(2026-05-15T19:47:51.8696093Z, 2026-05-15T19:50:31.8514925Z] Histogram
Value: Sum: 30 Count: 5 Min: 6 Max: 6 
(-Infinity,0]:0
(0,5]:0
(5,10]:5
(10,25]:0
(25,50]:0
(50,75]:0
(75,100]:0
(100,250]:0
(250,500]:0
(500,750]:0
(750,1000]:0
(1000,2500]:0
(2500,5000]:0
(5000,7500]:0
(7500,10000]:0
(10000,+Infinity]:0

Instrumentation scope (Meter):
	Name: NatureProtector.Simulator.Host
Resource associated with Metric:
	service.name: NatureProtector.Simulator.Host
	service.instance.id: c2f8297e-a893-491c-8415-d33e5ab48cbb
	telemetry.sdk.name: opentelemetry
	telemetry.sdk.language: dotnet
	telemetry.sdk.version: 1.10.0

Metric Name: natureprotector.simulator.publish.duration, Unit: ms
(2026-05-15T19:47:51.8696249Z, 2026-05-15T19:50:31.8514930Z] Histogram
Value: Sum: 365,81870000000004 Count: 35 Min: 0,1017 Max: 143,0177 
(-Infinity,0]:0
(0,5]:29
(5,10]:0
(10,25]:2
(25,50]:2
(50,75]:0
(75,100]:0
(100,250]:2
(250,500]:0
(500,750]:0
(750,1000]:0
(1000,2500]:0
(2500,5000]:0
(5000,7500]:0
(7500,10000]:0
(10000,+Infinity]:0

Instrumentation scope (Meter):
	Name: NatureProtector.Simulator.Host
Resource associated with Metric:
	service.name: NatureProtector.Simulator.Host
	service.instance.id: c2f8297e-a893-491c-8415-d33e5ab48cbb
	telemetry.sdk.name: opentelemetry
	telemetry.sdk.language: dotnet
	telemetry.sdk.version: 1.10.0

Metric Name: dns.lookup.duration, Description: Measures the time taken to perform a DNS lookup., Unit: s
(2026-05-15T19:47:52.6473778Z, 2026-05-15T19:50:31.8514938Z] dns.question.name: localhost Histogram
Value: Sum: 0,0071665 Count: 2 Min: 0,0004012 Max: 0,0067653 
(-Infinity,0,005]:1
(0,005,0,01]:1
(0,01,0,025]:0
(0,025,0,05]:0
(0,05,0,075]:0
(0,075,0,1]:0
(0,1,0,25]:0
(0,25,0,5]:0
(0,5,0,75]:0
(0,75,1]:0
(1,2,5]:0
(2,5,5]:0
(5,7,5]:0
(7,5,10]:0
(10,+Infinity]:0

Instrumentation scope (Meter):
	Name: System.Net.NameResolution
Resource associated with Metric:
	service.name: NatureProtector.Simulator.Host
	service.instance.id: c2f8297e-a893-491c-8415-d33e5ab48cbb
	telemetry.sdk.name: opentelemetry
	telemetry.sdk.language: dotnet
	telemetry.sdk.version: 1.10.0

Metric Name: process.memory.usage, Description: The amount of physical memory in use., Unit: By
(2026-05-15T19:47:51.8479446Z, 2026-05-15T19:50:41.8547180Z] LongSumNonMonotonic
Value: 107831296
Instrumentation scope (Meter):
	Name: OpenTelemetry.Instrumentation.Process
	Version: 1.10.0-beta.1
Resource associated with Metric:
	service.name: NatureProtector.Simulator.Host
	service.instance.id: c2f8297e-a893-491c-8415-d33e5ab48cbb
	telemetry.sdk.name: opentelemetry
	telemetry.sdk.language: dotnet
	telemetry.sdk.version: 1.10.0

Metric Name: process.memory.virtual, Description: The amount of committed virtual memory., Unit: By
(2026-05-15T19:47:51.8489044Z, 2026-05-15T19:50:41.8547188Z] LongSumNonMonotonic
Value: 2480981131264
Instrumentation scope (Meter):
	Name: OpenTelemetry.Instrumentation.Process
	Version: 1.10.0-beta.1
Resource associated with Metric:
	service.name: NatureProtector.Simulator.Host
	service.instance.id: c2f8297e-a893-491c-8415-d33e5ab48cbb
	telemetry.sdk.name: opentelemetry
	telemetry.sdk.language: dotnet
	telemetry.sdk.version: 1.10.0

Metric Name: process.cpu.time, Description: Total CPU seconds broken down by different states., Unit: s
(2026-05-15T19:47:51.8490877Z, 2026-05-15T19:50:41.8547193Z] process.cpu.state: user DoubleSum
Value: 1.984375
Instrumentation scope (Meter):
	Name: OpenTelemetry.Instrumentation.Process
	Version: 1.10.0-beta.1
Resource associated with Metric:
	service.name: NatureProtector.Simulator.Host
	service.instance.id: c2f8297e-a893-491c-8415-d33e5ab48cbb
	telemetry.sdk.name: opentelemetry
	telemetry.sdk.language: dotnet
	telemetry.sdk.version: 1.10.0
(2026-05-15T19:47:51.8490877Z, 2026-05-15T19:50:41.8547193Z] process.cpu.state: system DoubleSum
Value: 0.625
Instrumentation scope (Meter):
	Name: OpenTelemetry.Instrumentation.Process
	Version: 1.10.0-beta.1
Resource associated with Metric:
	service.name: NatureProtector.Simulator.Host
	service.instance.id: c2f8297e-a893-491c-8415-d33e5ab48cbb
	telemetry.sdk.name: opentelemetry
	telemetry.sdk.language: dotnet
	telemetry.sdk.version: 1.10.0

Metric Name: process.cpu.count, Description: The number of processors (CPU cores) available to the current process., Unit: {processors}
(2026-05-15T19:47:51.8491055Z, 2026-05-15T19:50:41.8547197Z] LongSumNonMonotonic
Value: 16
Instrumentation scope (Meter):
	Name: OpenTelemetry.Instrumentation.Process
	Version: 1.10.0-beta.1
Resource associated with Metric:
	service.name: NatureProtector.Simulator.Host
	service.instance.id: c2f8297e-a893-491c-8415-d33e5ab48cbb
	telemetry.sdk.name: opentelemetry
	telemetry.sdk.language: dotnet
	telemetry.sdk.version: 1.10.0

Metric Name: process.thread.count, Description: Process threads count., Unit: {thread}
(2026-05-15T19:47:51.8491189Z, 2026-05-15T19:50:41.8547200Z] LongSumNonMonotonic
Value: 14
Instrumentation scope (Meter):
	Name: OpenTelemetry.Instrumentation.Process
	Version: 1.10.0-beta.1
Resource associated with Metric:
	service.name: NatureProtector.Simulator.Host
	service.instance.id: c2f8297e-a893-491c-8415-d33e5ab48cbb
	telemetry.sdk.name: opentelemetry
	telemetry.sdk.language: dotnet
	telemetry.sdk.version: 1.10.0

Metric Name: dotnet.gc.collections, Description: The number of garbage collections that have occurred since the process has started., Unit: {collection}
(2026-05-15T19:47:51.8491273Z, 2026-05-15T19:50:41.8547202Z] gc.heap.generation: gen2 LongSum
Value: 1
Instrumentation scope (Meter):
	Name: System.Runtime
Resource associated with Metric:
	service.name: NatureProtector.Simulator.Host
	service.instance.id: c2f8297e-a893-491c-8415-d33e5ab48cbb
	telemetry.sdk.name: opentelemetry
	telemetry.sdk.language: dotnet
	telemetry.sdk.version: 1.10.0
(2026-05-15T19:47:51.8491273Z, 2026-05-15T19:50:41.8547202Z] gc.heap.generation: gen1 LongSum
Value: 1
Instrumentation scope (Meter):
	Name: System.Runtime
Resource associated with Metric:
	service.name: NatureProtector.Simulator.Host
	service.instance.id: c2f8297e-a893-491c-8415-d33e5ab48cbb
	telemetry.sdk.name: opentelemetry
	telemetry.sdk.language: dotnet
	telemetry.sdk.version: 1.10.0
(2026-05-15T19:47:51.8491273Z, 2026-05-15T19:50:41.8547202Z] gc.heap.generation: gen0 LongSum
Value: 2
Instrumentation scope (Meter):
	Name: System.Runtime
Resource associated with Metric:
	service.name: NatureProtector.Simulator.Host
	service.instance.id: c2f8297e-a893-491c-8415-d33e5ab48cbb
	telemetry.sdk.name: opentelemetry
	telemetry.sdk.language: dotnet
	telemetry.sdk.version: 1.10.0

Metric Name: dotnet.process.memory.working_set, Description: The number of bytes of physical memory mapped to the process context., Unit: By
(2026-05-15T19:47:51.8491348Z, 2026-05-15T19:50:41.8547204Z] LongSumNonMonotonic
Value: 107220992
Instrumentation scope (Meter):
	Name: System.Runtime
Resource associated with Metric:
	service.name: NatureProtector.Simulator.Host
	service.instance.id: c2f8297e-a893-491c-8415-d33e5ab48cbb
	telemetry.sdk.name: opentelemetry
	telemetry.sdk.language: dotnet
	telemetry.sdk.version: 1.10.0

Metric Name: dotnet.gc.heap.total_allocated, Description: The approximate number of bytes allocated on the managed GC heap since the process has started. The returned value does not include any native allocations., Unit: By
(2026-05-15T19:47:51.8497073Z, 2026-05-15T19:50:41.8547206Z] LongSum
Value: 41830328
Instrumentation scope (Meter):
	Name: System.Runtime
Resource associated with Metric:
	service.name: NatureProtector.Simulator.Host
	service.instance.id: c2f8297e-a893-491c-8415-d33e5ab48cbb
	telemetry.sdk.name: opentelemetry
	telemetry.sdk.language: dotnet
	telemetry.sdk.version: 1.10.0

Metric Name: dotnet.gc.last_collection.memory.committed_size, Description: The amount of committed virtual memory in use by the .NET GC, as observed during the latest garbage collection., Unit: By
(2026-05-15T19:47:51.8497164Z, 2026-05-15T19:50:41.8547208Z] LongSumNonMonotonic
Value: 20840448
Instrumentation scope (Meter):
	Name: System.Runtime
Resource associated with Metric:
	service.name: NatureProtector.Simulator.Host
	service.instance.id: c2f8297e-a893-491c-8415-d33e5ab48cbb
	telemetry.sdk.name: opentelemetry
	telemetry.sdk.language: dotnet
	telemetry.sdk.version: 1.10.0

Metric Name: dotnet.gc.last_collection.heap.size, Description: The managed GC heap size (including fragmentation), as observed during the latest garbage collection., Unit: By
(2026-05-15T19:47:51.8497237Z, 2026-05-15T19:50:41.8547209Z] gc.heap.generation: gen0 LongSumNonMonotonic
Value: 156040
Instrumentation scope (Meter):
	Name: System.Runtime
Resource associated with Metric:
	service.name: NatureProtector.Simulator.Host
	service.instance.id: c2f8297e-a893-491c-8415-d33e5ab48cbb
	telemetry.sdk.name: opentelemetry
	telemetry.sdk.language: dotnet
	telemetry.sdk.version: 1.10.0
(2026-05-15T19:47:51.8497237Z, 2026-05-15T19:50:41.8547209Z] gc.heap.generation: gen1 LongSumNonMonotonic
Value: 4144664
Instrumentation scope (Meter):
	Name: System.Runtime
Resource associated with Metric:
	service.name: NatureProtector.Simulator.Host
	service.instance.id: c2f8297e-a893-491c-8415-d33e5ab48cbb
	telemetry.sdk.name: opentelemetry
	telemetry.sdk.language: dotnet
	telemetry.sdk.version: 1.10.0
(2026-05-15T19:47:51.8497237Z, 2026-05-15T19:50:41.8547209Z] gc.heap.generation: gen2 LongSumNonMonotonic
Value: 915152
Instrumentation scope (Meter):
	Name: System.Runtime
Resource associated with Metric:
	service.name: NatureProtector.Simulator.Host
	service.instance.id: c2f8297e-a893-491c-8415-d33e5ab48cbb
	telemetry.sdk.name: opentelemetry
	telemetry.sdk.language: dotnet
	telemetry.sdk.version: 1.10.0
(2026-05-15T19:47:51.8497237Z, 2026-05-15T19:50:41.8547209Z] gc.heap.generation: loh LongSumNonMonotonic
Value: 6986640
Instrumentation scope (Meter):
	Name: System.Runtime
Resource associated with Metric:
	service.name: NatureProtector.Simulator.Host
	service.instance.id: c2f8297e-a893-491c-8415-d33e5ab48cbb
	telemetry.sdk.name: opentelemetry
	telemetry.sdk.language: dotnet
	telemetry.sdk.version: 1.10.0
(2026-05-15T19:47:51.8497237Z, 2026-05-15T19:50:41.8547209Z] gc.heap.generation: poh LongSumNonMonotonic
Value: 58240
Instrumentation scope (Meter):
	Name: System.Runtime
Resource associated with Metric:
	service.name: NatureProtector.Simulator.Host
	service.instance.id: c2f8297e-a893-491c-8415-d33e5ab48cbb
	telemetry.sdk.name: opentelemetry
	telemetry.sdk.language: dotnet
	telemetry.sdk.version: 1.10.0

Metric Name: dotnet.gc.last_collection.heap.fragmentation.size, Description: The heap fragmentation, as observed during the latest garbage collection., Unit: By
(2026-05-15T19:47:51.8497339Z, 2026-05-15T19:50:41.8547217Z] gc.heap.generation: gen0 LongSumNonMonotonic
Value: 147656
Instrumentation scope (Meter):
	Name: System.Runtime
Resource associated with Metric:
	service.name: NatureProtector.Simulator.Host
	service.instance.id: c2f8297e-a893-491c-8415-d33e5ab48cbb
	telemetry.sdk.name: opentelemetry
	telemetry.sdk.language: dotnet
	telemetry.sdk.version: 1.10.0
(2026-05-15T19:47:51.8497339Z, 2026-05-15T19:50:41.8547217Z] gc.heap.generation: gen1 LongSumNonMonotonic
Value: 68112
Instrumentation scope (Meter):
	Name: System.Runtime
Resource associated with Metric:
	service.name: NatureProtector.Simulator.Host
	service.instance.id: c2f8297e-a893-491c-8415-d33e5ab48cbb
	telemetry.sdk.name: opentelemetry
	telemetry.sdk.language: dotnet
	telemetry.sdk.version: 1.10.0
(2026-05-15T19:47:51.8497339Z, 2026-05-15T19:50:41.8547217Z] gc.heap.generation: gen2 LongSumNonMonotonic
Value: 0
Instrumentation scope (Meter):
	Name: System.Runtime
Resource associated with Metric:
	service.name: NatureProtector.Simulator.Host
	service.instance.id: c2f8297e-a893-491c-8415-d33e5ab48cbb
	telemetry.sdk.name: opentelemetry
	telemetry.sdk.language: dotnet
	telemetry.sdk.version: 1.10.0
(2026-05-15T19:47:51.8497339Z, 2026-05-15T19:50:41.8547217Z] gc.heap.generation: loh LongSumNonMonotonic
Value: 1120
Instrumentation scope (Meter):
	Name: System.Runtime
Resource associated with Metric:
	service.name: NatureProtector.Simulator.Host
	service.instance.id: c2f8297e-a893-491c-8415-d33e5ab48cbb
	telemetry.sdk.name: opentelemetry
	telemetry.sdk.language: dotnet
	telemetry.sdk.version: 1.10.0
(2026-05-15T19:47:51.8497339Z, 2026-05-15T19:50:41.8547217Z] gc.heap.generation: poh LongSumNonMonotonic
Value: 0
Instrumentation scope (Meter):
	Name: System.Runtime
Resource associated with Metric:
	service.name: NatureProtector.Simulator.Host
	service.instance.id: c2f8297e-a893-491c-8415-d33e5ab48cbb
	telemetry.sdk.name: opentelemetry
	telemetry.sdk.language: dotnet
	telemetry.sdk.version: 1.10.0

Metric Name: dotnet.gc.pause.time, Description: The total amount of time paused in GC since the process has started., Unit: s
(2026-05-15T19:47:51.8497421Z, 2026-05-15T19:50:41.8547218Z] DoubleSum
Value: 0.017602
Instrumentation scope (Meter):
	Name: System.Runtime
Resource associated with Metric:
	service.name: NatureProtector.Simulator.Host
	service.instance.id: c2f8297e-a893-491c-8415-d33e5ab48cbb
	telemetry.sdk.name: opentelemetry
	telemetry.sdk.language: dotnet
	telemetry.sdk.version: 1.10.0

Metric Name: dotnet.jit.compiled_il.size, Description: Count of bytes of intermediate language that have been compiled since the process has started., Unit: By
(2026-05-15T19:47:51.8497489Z, 2026-05-15T19:50:41.8547219Z] LongSum
Value: 1163999
Instrumentation scope (Meter):
	Name: System.Runtime
Resource associated with Metric:
	service.name: NatureProtector.Simulator.Host
	service.instance.id: c2f8297e-a893-491c-8415-d33e5ab48cbb
	telemetry.sdk.name: opentelemetry
	telemetry.sdk.language: dotnet
	telemetry.sdk.version: 1.10.0

Metric Name: dotnet.jit.compiled_methods, Description: The number of times the JIT compiler (re)compiled methods since the process has started., Unit: {method}
(2026-05-15T19:47:51.8497588Z, 2026-05-15T19:50:41.8547222Z] LongSum
Value: 15014
Instrumentation scope (Meter):
	Name: System.Runtime
Resource associated with Metric:
	service.name: NatureProtector.Simulator.Host
	service.instance.id: c2f8297e-a893-491c-8415-d33e5ab48cbb
	telemetry.sdk.name: opentelemetry
	telemetry.sdk.language: dotnet
	telemetry.sdk.version: 1.10.0

Metric Name: dotnet.jit.compilation.time, Description: The number of times the JIT compiler (re)compiled methods since the process has started., Unit: s
(2026-05-15T19:47:51.8497690Z, 2026-05-15T19:50:41.8547224Z] DoubleSum
Value: 1.5388028
Instrumentation scope (Meter):
	Name: System.Runtime
Resource associated with Metric:
	service.name: NatureProtector.Simulator.Host
	service.instance.id: c2f8297e-a893-491c-8415-d33e5ab48cbb
	telemetry.sdk.name: opentelemetry
	telemetry.sdk.language: dotnet
	telemetry.sdk.version: 1.10.0

Metric Name: dotnet.monitor.lock_contentions, Description: The number of times there was contention when trying to acquire a monitor lock since the process has started., Unit: {contention}
(2026-05-15T19:47:51.8497769Z, 2026-05-15T19:50:41.8547225Z] LongSum
Value: 34
Instrumentation scope (Meter):
	Name: System.Runtime
Resource associated with Metric:
	service.name: NatureProtector.Simulator.Host
	service.instance.id: c2f8297e-a893-491c-8415-d33e5ab48cbb
	telemetry.sdk.name: opentelemetry
	telemetry.sdk.language: dotnet
	telemetry.sdk.version: 1.10.0

Metric Name: dotnet.thread_pool.thread.count, Description: The number of thread pool threads that currently exist., Unit: {thread}
(2026-05-15T19:47:51.8497866Z, 2026-05-15T19:50:41.8547225Z] LongSum
Value: 2
Instrumentation scope (Meter):
	Name: System.Runtime
Resource associated with Metric:
	service.name: NatureProtector.Simulator.Host
	service.instance.id: c2f8297e-a893-491c-8415-d33e5ab48cbb
	telemetry.sdk.name: opentelemetry
	telemetry.sdk.language: dotnet
	telemetry.sdk.version: 1.10.0

Metric Name: dotnet.thread_pool.work_item.count, Description: The number of work items that the thread pool has completed since the process has started., Unit: {work_item}
(2026-05-15T19:47:51.8497935Z, 2026-05-15T19:50:41.8547227Z] LongSum
Value: 154
Instrumentation scope (Meter):
	Name: System.Runtime
Resource associated with Metric:
	service.name: NatureProtector.Simulator.Host
	service.instance.id: c2f8297e-a893-491c-8415-d33e5ab48cbb
	telemetry.sdk.name: opentelemetry
	telemetry.sdk.language: dotnet
	telemetry.sdk.version: 1.10.0

Metric Name: dotnet.thread_pool.queue.length, Description: The number of work items that are currently queued to be processed by the thread pool., Unit: {work_item}
(2026-05-15T19:47:51.8498023Z, 2026-05-15T19:50:41.8547228Z] LongSum
Value: 0
Instrumentation scope (Meter):
	Name: System.Runtime
Resource associated with Metric:
	service.name: NatureProtector.Simulator.Host
	service.instance.id: c2f8297e-a893-491c-8415-d33e5ab48cbb
	telemetry.sdk.name: opentelemetry
	telemetry.sdk.language: dotnet
	telemetry.sdk.version: 1.10.0

Metric Name: dotnet.timer.count, Description: The number of timer instances that are currently active. An active timer is registered to tick at some point in the future and has not yet been canceled., Unit: {timer}
(2026-05-15T19:47:51.8498160Z, 2026-05-15T19:50:41.8547230Z] LongSumNonMonotonic
Value: 4
Instrumentation scope (Meter):
	Name: System.Runtime
Resource associated with Metric:
	service.name: NatureProtector.Simulator.Host
	service.instance.id: c2f8297e-a893-491c-8415-d33e5ab48cbb
	telemetry.sdk.name: opentelemetry
	telemetry.sdk.language: dotnet
	telemetry.sdk.version: 1.10.0

Metric Name: dotnet.assembly.count, Description: The number of .NET assemblies that are currently loaded., Unit: {assembly}
(2026-05-15T19:47:51.8498242Z, 2026-05-15T19:50:41.8547231Z] LongSumNonMonotonic
Value: 105
Instrumentation scope (Meter):
	Name: System.Runtime
Resource associated with Metric:
	service.name: NatureProtector.Simulator.Host
	service.instance.id: c2f8297e-a893-491c-8415-d33e5ab48cbb
	telemetry.sdk.name: opentelemetry
	telemetry.sdk.language: dotnet
	telemetry.sdk.version: 1.10.0

Metric Name: dotnet.process.cpu.count, Description: The number of processors available to the process., Unit: {cpu}
(2026-05-15T19:47:51.8541883Z, 2026-05-15T19:50:41.8547235Z] LongSumNonMonotonic
Value: 16
Instrumentation scope (Meter):
	Name: System.Runtime
Resource associated with Metric:
	service.name: NatureProtector.Simulator.Host
	service.instance.id: c2f8297e-a893-491c-8415-d33e5ab48cbb
	telemetry.sdk.name: opentelemetry
	telemetry.sdk.language: dotnet
	telemetry.sdk.version: 1.10.0

Metric Name: dotnet.process.cpu.time, Description: CPU time used by the process., Unit: s
(2026-05-15T19:47:51.8542466Z, 2026-05-15T19:50:41.8547237Z] cpu.mode: user DoubleSum
Value: 1.984375
Instrumentation scope (Meter):
	Name: System.Runtime
Resource associated with Metric:
	service.name: NatureProtector.Simulator.Host
	service.instance.id: c2f8297e-a893-491c-8415-d33e5ab48cbb
	telemetry.sdk.name: opentelemetry
	telemetry.sdk.language: dotnet
	telemetry.sdk.version: 1.10.0
(2026-05-15T19:47:51.8542466Z, 2026-05-15T19:50:41.8547237Z] cpu.mode: system DoubleSum
Value: 0.640625
Instrumentation scope (Meter):
	Name: System.Runtime
Resource associated with Metric:
	service.name: NatureProtector.Simulator.Host
	service.instance.id: c2f8297e-a893-491c-8415-d33e5ab48cbb
	telemetry.sdk.name: opentelemetry
	telemetry.sdk.language: dotnet
	telemetry.sdk.version: 1.10.0

Metric Name: natureprotector.simulator.context.creations
(2026-05-15T19:47:51.8686992Z, 2026-05-15T19:50:41.8547240Z] LongSum
Value: 1
Instrumentation scope (Meter):
	Name: NatureProtector.Simulator.Host
Resource associated with Metric:
	service.name: NatureProtector.Simulator.Host
	service.instance.id: c2f8297e-a893-491c-8415-d33e5ab48cbb
	telemetry.sdk.name: opentelemetry
	telemetry.sdk.language: dotnet
	telemetry.sdk.version: 1.10.0

Metric Name: natureprotector.simulator.context.creation.duration, Unit: ms
(2026-05-15T19:47:51.8691666Z, 2026-05-15T19:50:41.8547247Z] Histogram
Value: Sum: 1071,7155 Count: 1 Min: 1071,7155 Max: 1071,7155 
(-Infinity,0]:0
(0,5]:0
(5,10]:0
(10,25]:0
(25,50]:0
(50,75]:0
(75,100]:0
(100,250]:0
(250,500]:0
(500,750]:0
(750,1000]:0
(1000,2500]:1
(2500,5000]:0
(5000,7500]:0
(7500,10000]:0
(10000,+Infinity]:0

Instrumentation scope (Meter):
	Name: NatureProtector.Simulator.Host
Resource associated with Metric:
	service.name: NatureProtector.Simulator.Host
	service.instance.id: c2f8297e-a893-491c-8415-d33e5ab48cbb
	telemetry.sdk.name: opentelemetry
	telemetry.sdk.language: dotnet
	telemetry.sdk.version: 1.10.0

Metric Name: natureprotector.simulator.runs
(2026-05-15T19:47:51.8691833Z, 2026-05-15T19:50:41.8547249Z] np.outcome: started LongSum
Value: 1
Instrumentation scope (Meter):
	Name: NatureProtector.Simulator.Host
Resource associated with Metric:
	service.name: NatureProtector.Simulator.Host
	service.instance.id: c2f8297e-a893-491c-8415-d33e5ab48cbb
	telemetry.sdk.name: opentelemetry
	telemetry.sdk.language: dotnet
	telemetry.sdk.version: 1.10.0
(2026-05-15T19:47:51.8691833Z, 2026-05-15T19:50:41.8547249Z] np.outcome: completed LongSum
Value: 1
Instrumentation scope (Meter):
	Name: NatureProtector.Simulator.Host
Resource associated with Metric:
	service.name: NatureProtector.Simulator.Host
	service.instance.id: c2f8297e-a893-491c-8415-d33e5ab48cbb
	telemetry.sdk.name: opentelemetry
	telemetry.sdk.language: dotnet
	telemetry.sdk.version: 1.10.0

Metric Name: natureprotector.simulator.run.duration, Unit: ms
(2026-05-15T19:47:51.8691934Z, 2026-05-15T19:50:41.8547255Z] np.outcome: completed Histogram
Value: Sum: 21581,8992 Count: 1 Min: 21581,8992 Max: 21581,8992 
(-Infinity,0]:0
(0,5]:0
(5,10]:0
(10,25]:0
(25,50]:0
(50,75]:0
(75,100]:0
(100,250]:0
(250,500]:0
(500,750]:0
(750,1000]:0
(1000,2500]:0
(2500,5000]:0
(5000,7500]:0
(7500,10000]:0
(10000,+Infinity]:1

Instrumentation scope (Meter):
	Name: NatureProtector.Simulator.Host
Resource associated with Metric:
	service.name: NatureProtector.Simulator.Host
	service.instance.id: c2f8297e-a893-491c-8415-d33e5ab48cbb
	telemetry.sdk.name: opentelemetry
	telemetry.sdk.language: dotnet
	telemetry.sdk.version: 1.10.0

Metric Name: natureprotector.simulator.publish.messages
(2026-05-15T19:47:51.8692005Z, 2026-05-15T19:50:41.8547258Z] LongSum
Value: 30
Instrumentation scope (Meter):
	Name: NatureProtector.Simulator.Host
Resource associated with Metric:
	service.name: NatureProtector.Simulator.Host
	service.instance.id: c2f8297e-a893-491c-8415-d33e5ab48cbb
	telemetry.sdk.name: opentelemetry
	telemetry.sdk.language: dotnet
	telemetry.sdk.version: 1.10.0

Metric Name: natureprotector.simulator.publish.batch.size
(2026-05-15T19:47:51.8696093Z, 2026-05-15T19:50:41.8547262Z] Histogram
Value: Sum: 30 Count: 5 Min: 6 Max: 6 
(-Infinity,0]:0
(0,5]:0
(5,10]:5
(10,25]:0
(25,50]:0
(50,75]:0
(75,100]:0
(100,250]:0
(250,500]:0
(500,750]:0
(750,1000]:0
(1000,2500]:0
(2500,5000]:0
(5000,7500]:0
(7500,10000]:0
(10000,+Infinity]:0

Instrumentation scope (Meter):
	Name: NatureProtector.Simulator.Host
Resource associated with Metric:
	service.name: NatureProtector.Simulator.Host
	service.instance.id: c2f8297e-a893-491c-8415-d33e5ab48cbb
	telemetry.sdk.name: opentelemetry
	telemetry.sdk.language: dotnet
	telemetry.sdk.version: 1.10.0

Metric Name: natureprotector.simulator.publish.duration, Unit: ms
(2026-05-15T19:47:51.8696249Z, 2026-05-15T19:50:41.8547267Z] Histogram
Value: Sum: 365,81870000000004 Count: 35 Min: 0,1017 Max: 143,0177 
(-Infinity,0]:0
(0,5]:29
(5,10]:0
(10,25]:2
(25,50]:2
(50,75]:0
(75,100]:0
(100,250]:2
(250,500]:0
(500,750]:0
(750,1000]:0
(1000,2500]:0
(2500,5000]:0
(5000,7500]:0
(7500,10000]:0
(10000,+Infinity]:0

Instrumentation scope (Meter):
	Name: NatureProtector.Simulator.Host
Resource associated with Metric:
	service.name: NatureProtector.Simulator.Host
	service.instance.id: c2f8297e-a893-491c-8415-d33e5ab48cbb
	telemetry.sdk.name: opentelemetry
	telemetry.sdk.language: dotnet
	telemetry.sdk.version: 1.10.0

Metric Name: dns.lookup.duration, Description: Measures the time taken to perform a DNS lookup., Unit: s
(2026-05-15T19:47:52.6473778Z, 2026-05-15T19:50:41.8547274Z] dns.question.name: localhost Histogram
Value: Sum: 0,0071665 Count: 2 Min: 0,0004012 Max: 0,0067653 
(-Infinity,0,005]:1
(0,005,0,01]:1
(0,01,0,025]:0
(0,025,0,05]:0
(0,05,0,075]:0
(0,075,0,1]:0
(0,1,0,25]:0
(0,25,0,5]:0
(0,5,0,75]:0
(0,75,1]:0
(1,2,5]:0
(2,5,5]:0
(5,7,5]:0
(7,5,10]:0
(10,+Infinity]:0

Instrumentation scope (Meter):
	Name: System.Net.NameResolution
Resource associated with Metric:
	service.name: NatureProtector.Simulator.Host
	service.instance.id: c2f8297e-a893-491c-8415-d33e5ab48cbb
	telemetry.sdk.name: opentelemetry
	telemetry.sdk.language: dotnet
	telemetry.sdk.version: 1.10.0


=== STDERR ===
